"state_county_fips","Dollars"
"01001",36419
"01003",39040
"01005",30449
"01007",28314
"01009",31464
"01011",26934
"01013",32954
"01015",32753
"01017",31657
"01019",32034
"01021",29941
"01023",30263
"01025",32149
"01027",32028
"01029",30954
"01031",38941
"01033",34616
"01035",30009
"01037",27057
"01039",31568
"01041",34461
"01043",35548
"01045",33274
"01047",31103
"01049",29724
"01051",36528
"01053",30755
"01055",33374
"01057",29890
"01059",30509
"01061",31722
"01063",31745
"01065",34953
"01067",35273
"01069",37316
"01071",33550
"01073",48582
"01075",30143
"01077",33933
"01079",31667
"01081",33064
"01083",37435
"01085",36082
"01087",30828
"01089",44517
"01091",37235
"01093",28783
"01095",31796
"01097",35031
"01099",30799
"01101",41008
"01103",35188
"01105",29647
"01107",30233
"01109",35125
"01111",31626
"01113",29080
"01117",45879
"01115",32737
"01119",31164
"01121",31233
"01123",35369
"01125",35482
"01127",37085
"01129",33496
"01131",27815
"01133",29657
"02013",36946
"02016",53010
"02020",61134
"02050",37075
"02060",59603
"02068",64631
"02070",50212
"02090",51792
"02100",78115
"02105",49585
"02110",57033
"02122",50760
"02130",57876
"02150",53792
"02164",46787
"02170",44820
"02180",44413
"02185",34061
"02188",44965
"02195",58426
"02198",37684
"02220",61204
"02230",77937
"02240",39605
"02261",56571
"02270",28762
"02275",43230
"02282",45364
"02290",54323
"04001",28521
"04003",36720
"04005",39220
"04007",34463
"04009",29000
"04011",37431
"04012",29219
"04013",41222
"04015",27704
"04017",27434
"04019",37031
"04021",25846
"04023",30164
"04025",32774
"04027",28742
"05001",42602
"05003",32540
"05005",33472
"05007",68773
"05009",32498
"05011",32578
"05013",29043
"05015",31599
"05017",33652
"05019",30985
"05021",33496
"05023",33949
"05025",34592
"05027",34990
"05029",36170
"05031",33649
"05033",30399
"05035",33335
"05037",35560
"05039",29925
"05041",38024
"05043",34243
"05045",33350
"05047",30317
"05049",26991
"05051",36218
"05053",33876
"05055",30549
"05057",30298
"05059",28524
"05061",32232
"05063",32403
"05065",28371
"05067",29730
"05069",31684
"05071",26275
"05073",35706
"05075",29623
"05077",28088
"05079",25195
"05081",32148
"05083",34126
"05085",34897
"05087",32671
"05089",28069
"05091",31279
"05093",32786
"05095",35577
"05097",27765
"05099",32620
"05101",25991
"05103",33007
"05105",31679
"05107",32874
"05109",29770
"05111",30383
"05113",29061
"05115",31962
"05117",33892
"05119",46349
"05121",29328
"05125",36076
"05127",28670
"05129",27775
"05131",37658
"05133",26515
"05135",29009
"05123",25369
"05137",27678
"05139",46862
"05141",29698
"05143",34592
"05145",31813
"05147",34082
"05149",30915
"06001",56261
"06003",62410
"06005",39504
"06007",37005
"06009",43099
"06011",43840
"06013",63752
"06015",30437
"06017",56965
"06019",35785
"06021",38278
"06023",37783
"06025",32398
"06027",44602
"06029",36165
"06031",32371
"06033",35259
"06035",33432
"06037",49400
"06039",33042
"06041",98626
"06043",41893
"06045",39545
"06047",33865
"06049",40541
"06051",43398
"06053",46109
"06055",54596
"06057",50312
"06059",55096
"06061",54423
"06063",45554
"06065",33590
"06067",43944
"06069",41486
"06071",32892
"06073",51459
"06075",90600
"06077",36136
"06079",45947
"06081",89659
"06083",50523
"06085",74883
"06087",52280
"06089",37905
"06091",37239
"06093",37002
"06095",42073
"06097",49185
"06099",36356
"06101",38871
"06103",32666
"06105",32261
"06107",35240
"06109",38639
"06111",50405
"06113",45132
"06115",34989
"08001",35385
"08003",33250
"08005",56294
"08007",36679
"08009",39405
"08011",30019
"08013",58627
"08014",77030
"08015",35391
"08017",50823
"08019",57988
"08021",29402
"08023",28725
"08025",23574
"08027",39355
"08029",33937
"08031",62880
"08033",41652
"08035",60821
"08037",57927
"08041",41945
"08039",47361
"08043",29266
"08045",47429
"08047",44308
"08049",38643
"08051",38618
"08053",40774
"08055",34598
"08057",40638
"08059",51264
"08061",52221
"08063",36626
"08067",47784
"08065",30177
"08069",43584
"08071",37365
"08073",33434
"08075",40888
"08077",38074
"08079",52974
"08081",42306
"08083",35870
"08085",33784
"08087",39956
"08089",33091
"08091",46108
"08093",36899
"08095",39290
"08097",112796
"08099",38129
"08101",33666
"08103",41185
"08105",37721
"08107",63613
"08109",29745
"08111",31900
"08113",60426
"08115",47321
"08117",50685
"08119",42705
"08121",46459
"08123",38664
"08125",46491
"09001",98688
"09003",56640
"09005",54593
"09007",58963
"09009",50261
"09011",50271
"09013",49598
"09015",40590
"10001",38114
"10003",50720
"10005",41737
"12001",38903
"12003",27097
"12005",38487
"12007",27386
"12009",38872
"12011",43283
"12013",23321
"12015",36350
"12017",34194
"12019",37302
"12021",73869
"12023",30494
"12027",21696
"12029",24836
"12031",41316
"12033",36632
"12035",36748
"12037",32430
"12039",28979
"12041",31808
"12043",21210
"12045",27599
"12047",24160
"12049",24176
"12051",27941
"12053",32324
"12055",30650
"12057",41902
"12059",26427
"12061",63140
"12063",28459
"12065",35446
"12067",22286
"12069",35786
"12071",42243
"12073",38305
"12075",30514
"12077",24822
"12079",28176
"12081",40895
"12083",32571
"12085",65551
"12086",41883
"12087",69593
"12089",47127
"12091",44695
"12093",28554
"12095",38007
"12097",28088
"12099",66914
"12101",33953
"12103",45925
"12105",32652
"12107",27031
"12113",37610
"12115",54147
"12117",41806
"12109",58379
"12111",34129
"12119",37558
"12121",28536
"12123",27944
"12125",17811
"12127",36052
"12129",29568
"12131",45764
"12133",25727
"13001",29115
"13003",26384
"13005",29225
"13007",29192
"13009",28857
"13011",32904
"13013",31181
"13015",33483
"13017",27647
"13019",27855
"13021",37199
"13023",31785
"13025",23153
"13027",31408
"13029",45657
"13031",28062
"13033",30433
"13035",29046
"13037",25182
"13039",31725
"13043",27750
"13045",32508
"13047",31531
"13049",23746
"13051",40872
"13053",32020
"13055",27704
"13057",41322
"13059",28803
"13061",27998
"13063",26232
"13065",27798
"13067",49513
"13069",28016
"13071",28971
"13073",42916
"13075",25986
"13077",39169
"13079",32550
"13081",26351
"13083",28643
"13085",36801
"13087",33052
"13089",44261
"13091",26643
"13093",20853
"13095",31889
"13097",31791
"13099",34862
"13101",24828
"13103",36108
"13105",31716
"13107",27430
"13109",29906
"13111",30036
"13113",53548
"13115",33705
"13117",48837
"13119",33990
"13121",64174
"13123",30288
"13125",27016
"13127",38341
"13129",30872
"13131",29754
"13133",44552
"13135",35374
"13137",29133
"13139",35491
"13141",26399
"13143",31007
"13145",44842
"13147",31508
"13149",27145
"13151",33779
"13153",38852
"13155",27286
"13157",34982
"13159",31851
"13161",30501
"13163",29652
"13165",24598
"13167",22915
"13169",32923
"13171",29204
"13173",23625
"13175",31860
"13177",40795
"13179",32448
"13181",32755
"13183",22221
"13185",33067
"13187",30397
"13193",28745
"13195",32201
"13197",24768
"13189",32120
"13191",24529
"13199",30836
"13201",33510
"13205",30209
"13207",37942
"13209",25577
"13211",41919
"13213",26057
"13215",38400
"13217",28920
"13219",50679
"13221",32459
"13223",31713
"13225",32760
"13227",39730
"13229",30771
"13231",32819
"13233",28366
"13235",25591
"13237",33978
"13239",25888
"13241",33638
"13243",32429
"13245",32549
"13247",31440
"13249",25887
"13251",28003
"13253",31016
"13255",30264
"13257",34121
"13259",23070
"13261",29745
"13263",29746
"13265",26127
"13267",28371
"13269",25385
"13271",18443
"13273",38307
"13275",36983
"13277",32964
"13279",31801
"13281",30739
"13283",25226
"13285",33267
"13287",31630
"13289",31104
"13291",33044
"13293",30815
"13295",28266
"13297",32767
"13299",29851
"13301",28434
"13303",30159
"13305",30144
"13307",26571
"13309",15787
"13311",29232
"13313",32435
"13315",24861
"13317",29628
"13319",30335
"13321",30433
"15001",34870
"15003",49722
"15005",39439
"15007",40163
"15009",39439
"16001",43738
"16003",33999
"16005",32063
"16007",35842
"16009",31805
"16011",32166
"16013",83573
"16015",35044
"16017",33786
"16019",38518
"16021",29769
"16023",34119
"16025",31448
"16027",26968
"16029",38507
"16031",41492
"16033",23832
"16035",32487
"16037",43158
"16039",33907
"16041",29941
"16043",31964
"16045",30937
"16047",57168
"16049",31804
"16051",30142
"16053",37198
"16055",36656
"16057",34244
"16059",36210
"16061",42219
"16063",37734
"16065",21779
"16067",33795
"16069",36744
"16071",30802
"16073",31741
"16075",33802
"16077",32654
"16079",33665
"16081",28763
"16083",34545
"16085",42397
"16087",33870
"17001",39285
"17003",28746
"17005",32967
"17007",39377
"17009",26648
"17011",38576
"17013",35708
"17015",39543
"17017",36951
"17019",38035
"17021",36538
"17023",39340
"17025",36386
"17027",41527
"17029",34122
"17031",51280
"17033",39166
"17035",39324
"17039",41688
"17037",34679
"17041",43450
"17043",60684
"17045",39045
"17047",32867
"17049",43462
"17051",29836
"17053",47595
"17055",32715
"17057",33186
"17059",42743
"17061",34521
"17063",42868
"17065",40904
"17067",41294
"17069",33435
"17071",38335
"17073",42008
"17075",40307
"17077",32675
"17079",42100
"17081",36878
"17083",35586
"17085",44164
"17087",26824
"17089",42868
"17091",35657
"17093",40957
"17095",36280
"17097",65329
"17099",38524
"17101",33163
"17103",38301
"17105",38685
"17107",34127
"17115",43413
"17117",35451
"17119",39942
"17121",36846
"17123",40311
"17125",36705
"17127",33923
"17109",33945
"17111",46720
"17113",43192
"17129",39944
"17131",41513
"17133",50171
"17135",33234
"17137",35422
"17139",41805
"17141",39870
"17143",45572
"17145",30801
"17147",47430
"17149",37363
"17151",29850
"17153",34197
"17155",41732
"17157",32011
"17159",37540
"17161",39868
"17165",36588
"17167",42326
"17169",44588
"17171",35034
"17173",35557
"17163",38717
"17175",36633
"17177",37359
"17179",41690
"17181",33805
"17183",35009
"17185",41393
"17187",34522
"17189",46771
"17191",38863
"17193",45748
"17195",39174
"17197",43864
"17199",38946
"17201",38020
"17203",45631
"18001",33424
"18003",39712
"18005",44129
"18007",42582
"18009",34809
"18011",63269
"18013",39598
"18015",39616
"18017",34249
"18019",37610
"18021",34329
"18023",34116
"18025",30623
"18027",36914
"18029",42008
"18031",38480
"18033",37014
"18035",31933
"18037",50087
"18039",37344
"18041",34016
"18043",45404
"18045",36844
"18047",39129
"18049",35903
"18051",41992
"18053",35547
"18055",35035
"18057",63141
"18059",43860
"18061",36090
"18063",42945
"18065",32800
"18067",35728
"18069",36507
"18071",38733
"18073",40130
"18075",38169
"18077",36794
"18079",32563
"18081",41899
"18083",41512
"18085",40469
"18087",31081
"18089",38386
"18091",35882
"18093",34424
"18095",32563
"18097",40074
"18099",35767
"18101",38333
"18103",30334
"18105",33953
"18107",35039
"18109",36975
"18111",37390
"18113",33107
"18115",34505
"18117",32893
"18119",31772
"18121",30092
"18123",33752
"18125",36597
"18127",44472
"18129",44806
"18131",38488
"18133",31565
"18135",38103
"18137",39137
"18139",38764
"18143",31623
"18145",37528
"18147",39772
"18141",40433
"18149",30354
"18151",36000
"18153",31501
"18155",26959
"18157",33266
"18159",40049
"18161",32933
"18163",40135
"18165",35496
"18167",33567
"18169",40011
"18171",41703
"18173",45596
"18175",33352
"18177",34801
"18179",39244
"18181",37473
"18183",37099
"19001",46276
"19003",60829
"19005",41568
"19007",35713
"19009",55516
"19011",46422
"19013",39769
"19015",44461
"19017",44316
"19019",42070
"19021",49724
"19023",46884
"19025",49693
"19027",50782
"19029",44620
"19031",46138
"19033",46395
"19035",52647
"19037",54289
"19039",37563
"19041",46111
"19043",44955
"19045",39208
"19047",42393
"19049",55851
"19051",35320
"19053",33039
"19055",48169
"19057",48755
"19059",50606
"19061",43167
"19063",41714
"19065",39372
"19067",42131
"19069",54037
"19071",46159
"19073",49487
"19075",50238
"19077",48233
"19079",52923
"19081",53874
"19083",48404
"19085",42191
"19087",38761
"19089",44872
"19091",51686
"19093",49036
"19095",51695
"19097",39472
"19099",38871
"19101",38852
"19103",45218
"19105",40110
"19107",46771
"19109",53329
"19111",37610
"19113",46934
"19115",37485
"19117",39045
"19119",59955
"19121",43287
"19123",38830
"19125",39714
"19127",38339
"19129",47975
"19131",51813
"19133",43927
"19135",39029
"19137",39429
"19139",45801
"19141",53812
"19143",50321
"19145",40204
"19147",48976
"19149",55913
"19151",51876
"19153",48484
"19155",39423
"19157",44777
"19159",45124
"19161",54719
"19163",47637
"19165",51503
"19167",47192
"19169",37990
"19171",42266
"19173",43193
"19175",38381
"19177",36646
"19179",35516
"19181",42326
"19183",47578
"19185",39258
"19187",42219
"19189",38695
"19191",43077
"19193",38055
"19195",39443
"19197",47917
"20001",41068
"20003",42909
"20005",34551
"20007",46337
"20009",50295
"20011",35067
"20013",42729
"20015",43203
"20017",76296
"20019",49696
"20021",37696
"20023",42255
"20025",50774
"20027",50808
"20029",35643
"20031",52830
"20033",32244
"20035",38656
"20037",31582
"20039",47362
"20041",41832
"20043",35699
"20045",36686
"20047",47343
"20049",39840
"20051",46158
"20053",41905
"20055",39259
"20057",33291
"20059",35421
"20061",43353
"20063",40158
"20065",57421
"20067",45117
"20069",69924
"20071",49218
"20073",40423
"20075",65111
"20077",43843
"20079",43956
"20081",62759
"20083",42446
"20085",39712
"20087",38495
"20089",46245
"20091",62005
"20093",51635
"20095",41979
"20097",38947
"20099",39896
"20101",71963
"20103",38832
"20105",40013
"20107",33556
"20109",45406
"20111",30034
"20115",37164
"20117",46479
"20113",45925
"20119",51165
"20121",39988
"20123",43610
"20125",37244
"20127",40820
"20129",39584
"20131",53832
"20133",31795
"20135",56175
"20137",40037
"20139",36392
"20141",43761
"20143",34834
"20145",38988
"20147",49273
"20149",47301
"20151",42653
"20153",53967
"20155",35898
"20157",42439
"20159",38240
"20161",36070
"20163",37896
"20165",41451
"20167",40721
"20169",41294
"20171",51120
"20173",46219
"20175",34936
"20177",41263
"20179",50951
"20181",37199
"20183",40646
"20185",36663
"20187",48209
"20189",41680
"20191",34310
"20193",34703
"20195",42856
"20197",44665
"20199",45224
"20201",41167
"20203",66867
"20205",36652
"20207",36427
"20209",29119
"21001",26038
"21003",33737
"21005",35476
"21007",37031
"21009",33054
"21011",28128
"21013",27927
"21015",41674
"21017",35662
"21019",35347
"21021",33163
"21023",32616
"21025",30257
"21027",32780
"21029",35508
"21031",31251
"21033",33707
"21035",33100
"21037",41262
"21039",39822
"21041",34539
"21043",28953
"21045",27126
"21047",35355
"21049",40425
"21051",25090
"21053",28327
"21055",34488
"21057",29369
"21059",39362
"21061",28323
"21063",19879
"21065",28342
"21067",44262
"21069",28726
"21071",32459
"21073",37875
"21075",32678
"21077",29473
"21079",29802
"21081",31126
"21083",34584
"21085",30122
"21087",31592
"21089",35200
"21091",38907
"21093",38598
"21095",27425
"21097",32529
"21099",28696
"21101",34671
"21103",33903
"21105",41644
"21107",35657
"21109",24129
"21111",45538
"21113",37008
"21115",31162
"21117",46137
"21119",27947
"21121",28007
"21123",32168
"21125",30916
"21127",27611
"21129",24691
"21131",29735
"21133",29506
"21135",26759
"21137",27520
"21139",33012
"21141",33466
"21143",28587
"21151",32406
"21153",24791
"21155",30883
"21157",37460
"21159",27447
"21161",35422
"21145",42532
"21147",22152
"21149",38516
"21163",33278
"21165",27737
"21167",33504
"21169",27683
"21171",30798
"21173",31619
"21175",23713
"21177",30955
"21179",37629
"21181",31908
"21183",31646
"21185",50558
"21187",32486
"21189",27274
"21191",31478
"21193",34578
"21195",33850
"21197",29930
"21199",33607
"21201",28745
"21203",27596
"21205",28114
"21207",29910
"21209",37808
"21211",37745
"21213",33172
"21215",36866
"21217",31725
"21219",34443
"21221",34044
"21223",31476
"21225",35185
"21227",34354
"21229",34698
"21231",26113
"21233",36569
"21235",30324
"21237",25437
"21239",44447
"22001",40023
"22003",30017
"22005",50737
"22007",39384
"22009",34087
"22011",38604
"22013",34496
"22015",40287
"22017",43909
"22019",40016
"22021",34362
"22023",43080
"22025",31132
"22027",32541
"22029",31670
"22031",37123
"22033",43106
"22035",34601
"22037",36384
"22039",34718
"22041",31200
"22043",29658
"22045",39679
"22047",36443
"22049",34188
"22051",45954
"22053",39225
"22059",36939
"22055",51608
"22057",56528
"22061",34077
"22063",36230
"22065",28210
"22067",33450
"22069",35422
"22071",46084
"22073",36744
"22075",46297
"22077",40182
"22079",40222
"22081",33534
"22083",33459
"22085",33277
"22087",28582
"22089",43689
"22091",38167
"22093",41331
"22095",37812
"22097",36285
"22099",37106
"22101",38941
"22103",52867
"22105",34192
"22107",37538
"22109",42878
"22111",34215
"22113",38153
"22115",38384
"22117",30882
"22119",35986
"22121",41807
"22123",27361
"22125",32651
"22127",33159
"23001",36300
"23003",35814
"23005",49781
"23007",33256
"23009",40289
"23011",39602
"23013",40592
"23015",42155
"23017",33843
"23019",35914
"23021",33323
"23023",42902
"23025",35534
"23027",34997
"23029",34646
"23031",42939
"24001",35943
"24003",59574
"24005",53949
"24510",42428
"24009",53566
"24011",41065
"24013",53200
"24015",41632
"24017",50582
"24019",39974
"24021",52554
"24023",42936
"24025",50817
"24027",67605
"24029",50419
"24031",73483
"24033",44465
"24035",53705
"24039",29389
"24037",50234
"24041",63111
"24043",39887
"24045",37187
"24047",49592
"25001",59892
"25003",47458
"25005",44827
"25007",68574
"25009",56252
"25011",45088
"25013",43407
"25015",42490
"25017",69337
"25019",90326
"25021",74851
"25023",56393
"25025",62737
"25027",48151
"26001",33838
"26003",27903
"26005",38858
"26007",35286
"26009",37967
"26011",33653
"26013",31089
"26015",38742
"26017",36419
"26019",35451
"26021",40113
"26023",31262
"26025",35084
"26027",37195
"26029",43251
"26031",32688
"26033",30187
"26035",30419
"26037",39770
"26039",29737
"26041",34790
"26043",41617
"26045",36463
"26047",45142
"26049",34878
"26051",30640
"26053",33262
"26055",42633
"26057",34374
"26059",31697
"26061",31614
"26063",42356
"26065",35888
"26067",30000
"26069",31971
"26071",35497
"26073",30810
"26075",34490
"26077",41182
"26079",30679
"26081",46610
"26083",37073
"26085",29231
"26087",36342
"26089",48971
"26091",33604
"26093",46829
"26095",27582
"26097",36483
"26099",39886
"26101",33549
"26103",35626
"26105",36707
"26107",29087
"26109",37321
"26111",46151
"26113",31248
"26115",39284
"26117",29020
"26119",31741
"26121",32856
"26123",31698
"26125",59759
"26127",31821
"26129",30022
"26131",33037
"26133",28847
"26135",30996
"26137",33789
"26139",39330
"26141",32893
"26143",31292
"26145",34050
"26151",33734
"26153",34444
"26155",32787
"26147",37497
"26149",32203
"26157",31487
"26159",34078
"26161",48365
"26163",36844
"26165",31101
"27001",36321
"27003",43412
"27005",41771
"27007",35037
"27009",41053
"27011",48171
"27013",40756
"27015",45804
"27017",36758
"27019",59984
"27021",42300
"27023",50215
"27025",39844
"27027",38566
"27029",36469
"27031",42326
"27033",46907
"27035",37819
"27037",52177
"27039",43761
"27041",43123
"27043",45769
"27045",40607
"27047",40374
"27049",45146
"27051",44094
"27053",63901
"27055",44791
"27057",36296
"27059",38656
"27061",36324
"27063",49281
"27065",35249
"27067",45309
"27069",52265
"27071",35953
"27073",54181
"27075",41842
"27077",43866
"27079",43524
"27081",47570
"27083",43933
"27087",31893
"27089",47216
"27091",45193
"27085",40268
"27093",39813
"27095",34128
"27097",37404
"27099",40537
"27101",51379
"27103",42550
"27105",40763
"27107",45252
"27109",48479
"27111",40871
"27113",48923
"27115",31543
"27117",50618
"27119",42108
"27121",46336
"27123",47019
"27125",45669
"27127",46675
"27129",50247
"27131",37320
"27133",47218
"27135",45713
"27139",48781
"27141",39433
"27143",39814
"27137",41523
"27145",40227
"27147",42332
"27149",50350
"27151",42839
"27153",38037
"27155",53758
"27157",42023
"27159",32798
"27161",39118
"27163",53833
"27165",37521
"27167",45998
"27169",41676
"27171",41677
"27173",45813
"28001",34908
"28003",29182
"28005",32765
"28007",29516
"28009",26032
"28011",33377
"28013",28526
"28015",30262
"28017",31621
"28019",28882
"28021",29086
"28023",36172
"28025",34930
"28027",30037
"28029",31151
"28031",33275
"28033",36242
"28035",35024
"28037",29962
"28039",30372
"28041",24142
"28043",33574
"28045",34555
"28047",34785
"28049",38344
"28051",26308
"28053",31808
"28055",25516
"28057",30734
"28059",34530
"28061",35207
"28063",30198
"28065",30213
"28067",36832
"28069",28753
"28071",34703
"28073",31192
"28075",34566
"28077",32780
"28079",28705
"28081",35429
"28083",31917
"28085",34964
"28087",36669
"28089",58604
"28091",32338
"28093",28009
"28095",31132
"28097",31665
"28099",38565
"28101",32252
"28103",31395
"28105",29636
"28107",29585
"28109",32943
"28111",26655
"28113",29761
"28115",29212
"28117",27218
"28119",27921
"28121",39994
"28123",29556
"28125",30511
"28127",34710
"28129",32824
"28131",28893
"28133",26863
"28135",29269
"28137",31570
"28139",29137
"28141",27655
"28143",31570
"28145",30096
"28147",28678
"28149",36623
"28151",32475
"28153",32880
"28155",29984
"28157",26304
"28159",31639
"28161",29883
"28163",27588
"29001",30941
"29003",40882
"29005",49887
"29007",37335
"29009",33329
"29011",35797
"29013",35711
"29015",32563
"29017",29957
"29019",41418
"29021",36144
"29023",34376
"29025",36193
"29027",34810
"29029",35197
"29031",39547
"29033",47977
"29035",28068
"29037",39757
"29039",30681
"29041",50221
"29043",34839
"29045",36612
"29047",42898
"29049",37828
"29051",41790
"29053",34416
"29055",34536
"29057",32908
"29059",30583
"29061",37867
"29063",25089
"29065",30511
"29067",27316
"29069",31895
"29071",38330
"29073",36472
"29075",44134
"29077",38112
"29079",34476
"29081",37205
"29083",39035
"29085",25654
"29087",45956
"29089",36538
"29091",31029
"29093",30159
"29095",41653
"29097",34306
"29099",36947
"29101",32871
"29103",46115
"29105",31039
"29107",36579
"29109",30297
"29111",33812
"29113",33741
"29115",37346
"29117",35287
"29121",35121
"29123",31820
"29125",37469
"29127",37221
"29119",26733
"29129",37949
"29131",29925
"29133",30952
"29135",32705
"29137",42530
"29139",34188
"29141",37733
"29143",32364
"29145",34589
"29147",30468
"29149",26367
"29151",38468
"29153",25864
"29155",33177
"29157",35183
"29159",34870
"29161",32258
"29163",31883
"29165",49232
"29167",29800
"29169",38794
"29171",38158
"29173",37967
"29175",36447
"29177",38538
"29179",27068
"29181",29102
"29195",40813
"29197",27535
"29199",40494
"29201",38446
"29203",23890
"29205",44852
"29183",45662
"29185",32495
"29187",29814
"29189",60540
"29510",39333
"29186",36148
"29207",34427
"29209",36651
"29211",44977
"29213",30475
"29215",26230
"29217",35037
"29219",34725
"29221",26315
"29223",26737
"29225",28993
"29227",44171
"29229",25729
"30001",38297
"30003",27586
"30005",27934
"30007",36056
"30009",40661
"30011",54760
"30013",41163
"30015",31079
"30017",40126
"30019",31356
"30021",41207
"30023",34257
"30025",48636
"30027",38108
"30029",38982
"30031",42350
"30033",38826
"30035",31818
"30037",42772
"30039",38624
"30041",38348
"30043",44950
"30045",50518
"30047",31460
"30049",41665
"30051",36686
"30053",30996
"30057",44357
"30055",45210
"30059",41809
"30061",33213
"30063",38422
"30065",37459
"30067",40614
"30069",55984
"30071",36040
"30073",41110
"30075",37166
"30077",33075
"30079",36835
"30081",36256
"30083",62001
"30085",36891
"30087",35776
"30089",29094
"30091",51020
"30093",44883
"30095",43033
"30097",41608
"30099",45046
"30101",43781
"30103",59499
"30105",41614
"30107",36805
"30109",37401
"30111",42735
"31001",42130
"31003",66330
"31005",61653
"31007",70297
"31009",69036
"31011",64836
"31013",45255
"31015",50072
"31017",60491
"31019",46657
"31021",48088
"31023",45707
"31025",45950
"31027",52988
"31029",59787
"31031",60729
"31033",58358
"31035",49580
"31037",44341
"31039",86661
"31041",53952
"31043",35071
"31045",36858
"31047",39255
"31049",43665
"31051",46609
"31053",40537
"31055",52772
"31057",72014
"31059",56868
"31061",46378
"31063",54039
"31065",51951
"31067",47942
"31069",56994
"31071",50518
"31073",53506
"31075",55924
"31077",46706
"31079",38538
"31081",49210
"31083",46753
"31085",78580
"31087",43435
"31089",49971
"31091",50581
"31093",44769
"31095",48262
"31097",40070
"31099",60273
"31101",45866
"31103",71933
"31105",49633
"31107",46236
"31109",43287
"31111",46195
"31113",41076
"31115",75240
"31119",44089
"31117",79900
"31121",44181
"31123",60468
"31125",48799
"31127",44172
"31129",46169
"31131",43138
"31133",49630
"31135",66586
"31137",57873
"31139",46891
"31141",45651
"31143",51010
"31145",48069
"31147",44109
"31149",79579
"31151",39332
"31153",43170
"31155",44188
"31157",43777
"31159",45377
"31161",53172
"31163",39172
"31165",68725
"31167",42692
"31169",56225
"31171",63815
"31173",47409
"31175",45317
"31177",47783
"31179",42142
"31181",46530
"31183",135907
"31185",48343
"32510",41046
"32001",44440
"32003",39533
"32005",57113
"32007",41702
"32009",49841
"32011",34531
"32013",43025
"32015",51055
"32017",26440
"32019",31720
"32021",34822
"32023",34332
"32027",30655
"32029",35867
"32031",46211
"32033",39908
"33001",50929
"33003",48861
"33005",46861
"33007",39651
"33009",50895
"33011",55378
"33013",49061
"33015",60844
"33017",42592
"33019",45214
"34001",43336
"34003",73536
"34005",53747
"34007",46886
"34009",51812
"34011",35468
"34013",58319
"34015",46603
"34017",50088
"34019",77944
"34021",59875
"34023",52486
"34025",66019
"34027",82810
"34029",44381
"34031",43687
"34033",42850
"34035",83731
"34037",52851
"34039",57306
"34041",48645
"35001",38690
"35003",32092
"35005",35377
"35006",25302
"35007",37205
"35009",43006
"35011",40160
"35013",NA
NA,30593
"35015",52323
"35017",35908
"35019",28730
"35021",53296
"35023",37642
"35025",45185
"35027",38115
"35028",62619
"35029",29055
"35031",23789
"35033",32262
"35035",33653
"35037",35176
"35039",30976
"35041",37852
"35045",36197
"35047",31760
"35043",36088
"35049",48291
"35051",34621
"35053",32712
"35055",32998
"35057",28714
"35059",32393
"35061",29422
"36001",52921
"36003",33128
"36005",32238
"36007",37958
"36009",35395
"36011",37774
"36013",34296
"36015",38820
"36017",36684
"36019",37709
"36021",45889
"36023",35950
"36025",36332
"36027",47151
"36029",44740
"36031",39963
"36033",34754
"36035",37879
"36037",39064
"36039",38812
"36041",50157
"36043",36283
"36045",43384
"36047",39898
"36049",41579
"36051",36579
"36053",37663
"36055",45927
"36057",36252
"36059",73618
"36061",148002
"36063",39077
"36065",38383
"36067",44237
"36069",45915
"36071",44870
"36073",31720
"36075",34570
"36077",35448
"36079",56458
"36081",39507
"36083",42926
"36085",47360
"36087",53270
"36091",56662
"36093",44238
"36095",34877
"36097",37253
"36099",35082
"36089",33179
"36101",39167
"36103",56725
"36105",39368
"36107",38416
"36109",37686
"36111",41648
"36113",45509
"36115",35657
"36117",37944
"36119",87777
"36121",37091
"36123",32970
"37001",34801
"37003",32956
"37005",32540
"37007",31230
"37009",31215
"37011",30715
"37013",36372
"37015",32312
"37017",32743
"37019",35279
"37021",38128
"37023",31827
"37025",38521
"37027",30091
"37029",39320
"37031",43903
"37033",29443
"37035",36742
"37037",51593
"37039",28064
"37041",35054
"37043",28176
"37045",31699
"37047",30852
"37049",39436
"37051",37592
"37053",38760
"37055",44328
"37057",34650
"37059",40542
"37061",35546
"37063",42830
"37065",32176
"37067",41437
"37069",31826
"37071",36404
"37073",32368
"37075",28264
"37077",33123
"37079",31087
"37081",40344
"37083",32376
"37085",31324
"37087",33930
"37089",35518
"37091",28752
"37093",28790
"37095",32987
"37097",40747
"37099",30935
"37101",34930
"37103",38925
"37105",34648
"37107",37297
"37109",35879
"37113",33937
"37115",28964
"37117",34567
"37111",28985
"37119",49099
"37121",29501
"37123",32334
"37125",41613
"37127",37505
"37129",40076
"37131",31042
"37133",44538
"37135",52989
"37137",37926
"37139",34331
"37141",31366
"37143",35742
"37145",33113
"37147",35410
"37149",37842
"37151",31896
"37153",29991
"37155",26639
"37157",32638
"37159",31587
"37161",28379
"37163",35821
"37165",29039
"37167",32571
"37169",31742
"37171",33538
"37173",29712
"37175",33112
"37177",30098
"37179",41166
"37181",30024
"37183",49695
"37185",28356
"37187",32221
"37189",30998
"37191",35181
"37193",30988
"37195",36044
"37197",31890
"37199",29783
"38001",43369
"38003",49559
"38005",31909
"38007",87254
"38009",57030
"38011",65368
"38013",96495
"38015",53387
"38017",52711
"38019",68781
"38021",59072
"38023",64209
"38025",80900
"38027",45726
"38029",41294
"38031",49314
"38033",42800
"38035",44177
"38037",43810
"38039",53389
"38041",55144
"38043",50133
"38045",59497
"38047",66350
"38049",52089
"38051",49745
"38053",80640
"38055",55838
"38057",51034
"38059",44464
"38061",70326
"38063",51480
"38065",45911
"38067",49188
"38069",39408
"38071",42640
"38073",43999
"38075",56073
"38077",41400
"38079",30621
"38081",50530
"38083",24393
"38085",24680
"38087",57069
"38089",89515
"38091",53524
"38093",48420
"38095",47706
"38097",44845
"38099",46480
"38101",56024
"38103",51325
"38105",121538
"39001",28374
"39003",36169
"39005",33995
"39007",33412
"39009",30977
"39011",41443
"39013",37973
"39015",32478
"39017",40878
"39019",35541
"39021",36883
"39023",36580
"39025",43002
"39027",35713
"39029",33885
"39031",34421
"39033",34198
"39035",48521
"39037",38586
"39039",36798
"39041",63790
"39043",43003
"39045",40324
"39047",35189
"39049",45158
"39051",38885
"39053",34163
"39055",56043
"39057",43817
"39059",34453
"39061",51229
"39063",43624
"39065",32491
"39067",34434
"39069",37953
"39071",29955
"39073",32502
"39075",32778
"39077",35698
"39079",32701
"39081",34481
"39083",37782
"39085",44010
"39087",32892
"39089",39835
"39091",38860
"39093",39901
"39095",40702
"39097",36527
"39099",39978
"39101",33474
"39103",46966
"39105",28963
"39107",43158
"39109",40301
"39111",30453
"39113",40851
"39115",29880
"39117",32869
"39119",35319
"39121",26913
"39123",44178
"39125",36429
"39127",31086
"39129",34785
"39131",32093
"39133",38956
"39135",34757
"39137",42671
"39139",34180
"39141",32228
"39143",36440
"39145",31627
"39147",34516
"39149",38809
"39151",40409
"39153",44761
"39155",34611
"39157",36115
"39159",42610
"39161",36705
"39163",29299
"39165",49584
"39167",37151
"39169",35232
"39171",36241
"39173",40986
"39175",37122
"40001",25534
"40003",49026
"40005",30524
"40007",54222
"40009",44188
"40011",41027
"40013",30514
"40015",30605
"40017",41747
"40019",43671
"40021",29452
"40023",30959
"40025",55292
"40027",40985
"40029",35904
"40031",37195
"40033",40718
"40035",36559
"40037",39281
"40039",41192
"40041",30905
"40043",54034
"40045",68053
"40047",45050
"40049",41099
"40051",38500
"40053",52018
"40055",26195
"40057",36852
"40059",45958
"40061",35551
"40063",34284
"40065",38154
"40067",35148
"40069",32187
"40071",39207
"40073",45005
"40075",33594
"40077",34087
"40079",31395
"40081",33968
"40083",45064
"40085",35380
"40093",48348
"40095",34520
"40097",34244
"40087",40912
"40089",30286
"40091",32987
"40099",39775
"40101",33376
"40103",37976
"40105",34154
"40107",28685
"40109",51038
"40111",31509
"40113",36775
"40115",32924
"40117",33626
"40119",38028
"40121",35057
"40123",39422
"40125",35084
"40127",30225
"40129",49555
"40131",42451
"40133",32693
"40135",30617
"40137",49556
"40139",45417
"40141",37793
"40143",56401
"40145",34735
"40147",46788
"40149",34678
"40151",42421
"40153",54746
"41001",33723
"41003",39698
"41005",48713
"41007",37726
"41009",36680
"41011",36469
"41013",34088
"41015",35720
"41017",41675
"41019",34521
"41021",40766
"41023",36392
"41025",35720
"41027",41177
"41029",37637
"41031",30757
"41033",33577
"41035",33356
"41037",36364
"41039",37374
"41041",36227
"41043",34239
"41045",27661
"41047",35614
"41049",42033
"41051",47106
"41053",34296
"41055",58011
"41057",36564
"41059",34318
"41061",34384
"41063",41663
"41065",38974
"41067",46713
"41069",32131
"41071",36488
"42001",42776
"42003",53976
"42005",40683
"42007",41084
"42009",35330
"42011",42856
"42013",38336
"42015",38448
"42017",62514
"42019",49004
"42021",37536
"42023",41153
"42025",38866
"42027",39973
"42029",71971
"42031",36239
"42033",38245
"42035",35917
"42037",36209
"42039",35046
"42041",48137
"42043",45453
"42045",55313
"42047",42290
"42049",38200
"42051",37055
"42053",23209
"42055",39972
"42057",35779
"42059",43047
"42061",34653
"42063",36900
"42065",36094
"42067",36607
"42069",41187
"42071",41712
"42073",38322
"42075",41034
"42077",45211
"42079",39760
"42081",39766
"42083",39329
"42085",36023
"42087",33621
"42089",36297
"42091",75835
"42093",54521
"42095",45299
"42097",36172
"42099",38135
"42101",42617
"42103",39078
"42105",35867
"42107",37839
"42109",36084
"42111",35615
"42113",37752
"42115",37459
"42117",34360
"42119",34666
"42121",36151
"42123",37883
"42125",48258
"42127",34962
"42129",44425
"42131",37270
"42133",43037
"44001",66737
"44003",51438
"44005",57488
"44007",43782
"44009",54128
"45001",29570
"45003",37265
"45005",28315
"45007",34228
"45009",29701
"45011",27202
"45013",46137
"45015",34810
"45017",35642
"45019",47843
"45021",28230
"45023",29298
"45025",28790
"45027",27112
"45029",31966
"45031",32840
"45033",24674
"45035",33199
"45037",29435
"45039",31449
"45041",36380
"45043",39788
"45045",40791
"45047",32913
"45049",27216
"45051",31973
"45053",24301
"45055",35720
"45057",34936
"45059",30131
"45061",26275
"45063",39935
"45067",29520
"45069",24717
"45065",31092
"45071",33686
"45073",35794
"45075",29691
"45077",32419
"45079",38811
"45081",30107
"45083",36583
"45085",36077
"45087",28673
"45089",26792
"45091",37903
"46003",49476
"46005",47818
"46007",33094
"46009",37050
"46011",41416
"46013",46712
"46015",48032
"46017",27017
"46019",34310
"46021",47868
"46023",42772
"46025",52011
"46027",42367
"46029",43030
"46031",32360
"46033",41853
"46035",47551
"46037",44401
"46039",52774
"46041",39664
"46043",52459
"46045",51130
"46047",42492
"46049",53943
"46051",43957
"46053",39947
"46055",62068
"46057",35045
"46059",58027
"46061",62354
"46063",57828
"46065",47899
"46067",50840
"46069",46351
"46071",28927
"46073",51291
"46075",57624
"46077",51977
"46079",49707
"46081",41976
"46083",55305
"46085",36902
"46091",46534
"46087",50071
"46089",43470
"46093",45943
"46095",30829
"46097",44102
"46099",46398
"46101",44445
"46103",41440
"46105",49997
"46107",84194
"46109",32145
"46111",41137
"46113",23546
"46115",53477
"46117",56839
"46119",87019
"46121",23923
"46123",45411
"46125",54248
"46127",78030
"46129",43066
"46135",38870
"46137",26823
"47001",40361
"47003",32969
"47005",32659
"47007",21432
"47009",37085
"47011",39715
"47013",30473
"47015",34218
"47017",33184
"47019",30588
"47021",37122
"47023",29417
"47025",29879
"47027",34471
"47029",28236
"47031",37295
"47033",36472
"47035",33039
"47037",54307
"47039",33878
"47041",32681
"47043",33883
"47045",36918
"47047",50890
"47049",30894
"47051",34579
"47053",34595
"47055",35047
"47057",29011
"47059",36098
"47061",27927
"47063",32328
"47065",44112
"47067",23104
"47069",27011
"47071",35383
"47073",29830
"47075",29707
"47077",30916
"47079",36345
"47081",26982
"47083",31728
"47085",34278
"47087",34379
"47089",30715
"47091",28837
"47093",43012
"47095",23582
"47097",25468
"47099",29950
"47101",28071
"47103",35789
"47105",40084
"47111",29651
"47113",37571
"47115",33252
"47117",32369
"47119",36646
"47107",32606
"47109",27774
"47121",33223
"47123",29449
"47125",39708
"47127",36474
"47129",27205
"47131",35704
"47133",28279
"47135",28822
"47137",30395
"47139",30603
"47141",34077
"47143",30823
"47145",35390
"47147",35160
"47149",36194
"47151",26374
"47153",32305
"47155",32350
"47157",44705
"47159",34231
"47161",37381
"47163",36918
"47165",38813
"47167",33626
"47169",53567
"47171",33185
"47173",26104
"47175",26648
"47177",30731
"47179",36859
"47181",26492
"47183",32584
"47185",29430
"47187",71761
"47189",41214
"48001",31815
"48003",54928
"48005",37132
"48007",43292
"48009",52139
"48011",43290
"48013",37172
"48015",46741
"48017",44960
"48019",40868
"48021",30383
"48023",41473
"48025",29203
"48027",40007
"48029",40857
"48031",57949
"48033",48928
"48035",38229
"48037",35795
"48039",42519
"48041",32740
"48043",40576
"48045",41914
"48047",36606
"48049",32743
"48051",40097
"48053",43688
"48055",29283
"48057",39013
"48059",36138
"48061",25211
"48063",35936
"48065",44901
"48067",33870
"48069",52974
"48071",46986
"48073",32422
"48075",25621
"48077",49808
"48079",45610
"48081",33588
"48083",35709
"48085",59146
"48087",37409
"48089",45389
"48091",49626
"48093",39449
"48095",23920
"48097",56631
"48099",32678
"48101",56269
"48103",45308
"48105",41534
"48107",33250
"48109",36353
"48111",60007
"48113",52406
"48115",33539
"48117",40652
"48119",35889
"48121",46987
"48123",47470
"48125",29421
"48127",48078
"48129",39130
"48131",39800
"48133",68513
"48135",47069
"48137",39359
"48141",31816
"48139",37322
"48143",32150
"48145",33517
"48147",33958
"48149",47200
"48151",42920
"48153",40591
"48155",40967
"48157",54753
"48159",38688
"48161",36255
"48163",35084
"48165",36333
"48167",46917
"48169",69782
"48171",51224
"48173",65970
"48175",40243
"48177",41629
"48179",47461
"48181",37034
"48183",49913
"48185",34996
"48187",38439
"48189",31143
"48191",36054
"48193",50220
"48195",75035
"48197",37222
"48199",43262
"48201",56896
"48203",43297
"48205",53573
"48207",36268
"48209",34959
"48211",74072
"48213",35086
"48215",23753
"48217",36121
"48219",42167
"48221",44056
"48223",36572
"48225",34720
"48227",36313
"48229",27317
"48231",33312
"48233",40463
"48235",60959
"48237",47543
"48239",40467
"48241",37747
"48243",34495
"48245",39532
"48247",33296
"48249",42782
"48251",38016
"48253",28720
"48255",40545
"48257",37348
"48259",65960
"48261",56300
"48263",44827
"48265",44059
"48267",41000
"48269",63985
"48271",30314
"48273",34148
"48275",39229
"48283",45591
"48277",37540
"48279",36248
"48281",46618
"48285",43525
"48287",43241
"48289",40093
"48291",34839
"48293",33551
"48295",46304
"48297",44484
"48299",39508
"48301",33453
"48303",37644
"48305",31026
"48313",31177
"48315",34591
"48317",49193
"48319",39689
"48321",37324
"48323",25490
"48307",42574
"48309",35467
"48311",71176
"48325",35478
"48327",33538
"48329",96463
"48331",37276
"48333",35472
"48335",31964
"48337",49513
"48339",55849
"48341",37604
"48343",37831
"48345",36247
"48347",32337
"48349",35276
"48351",28802
"48353",36501
"48355",42439
"48357",60573
"48359",50645
"48361",39933
"48363",36560
"48365",44173
"48367",48118
"48369",46800
"48371",32710
"48373",36102
"48375",40706
"48377",32614
"48379",31775
"48381",41938
"48383",59221
"48385",27896
"48387",35219
"48389",27247
"48391",45306
"48393",45578
"48395",44251
"48397",50460
"48399",36152
"48401",35633
"48403",34318
"48405",32516
"48407",31607
"48409",38920
"48411",34718
"48413",44732
"48415",51998
"48417",97227
"48419",40083
"48421",65049
"48423",43249
"48425",40991
"48427",23215
"48429",53179
"48431",53564
"48433",52132
"48435",66362
"48437",41310
"48439",46169
"48441",42318
"48443",55079
"48445",33826
"48447",51935
"48449",31171
"48451",42114
"48453",54145
"48455",31769
"48457",30191
"48459",35427
"48461",60551
"48463",34086
"48465",33017
"48467",33402
"48469",47419
"48471",25534
"48473",34078
"48475",48094
"48477",49365
"48479",28355
"48481",40869
"48483",52127
"48485",40593
"48487",39075
"48489",25480
"48491",38938
"48493",39301
"48495",40441
"48497",42087
"48499",33703
"48501",44554
"48503",51473
"48505",32037
"48507",23952
"49001",36622
"49003",32208
"49005",30428
"49007",33837
"49009",50523
"49011",38770
"49013",39574
"49015",30676
"49017",32829
"49019",40844
"49021",26774
"49023",29871
"49025",34943
"49027",32608
"49029",43111
"49031",25456
"49033",39190
"49035",42535
"49037",23244
"49039",25458
"49041",29793
"49043",96766
"49045",31398
"49047",34629
"49049",32274
"49051",38624
"49053",29659
"49055",30208
"49057",34938
"50001",44016
"50003",45874
"50005",37471
"50007",51871
"50009",34424
"50011",41578
"50013",49865
"50015",45314
"50017",40861
"50019",40163
"50021",45726
"50023",49043
"50025",44145
"50027",49010
NA,36960
"51001",NA
NA,58603
"51003",NA
"51510",77142
NA,34787
"51005",NA
NA,40376
"51007",NA
NA,32869
"51009",NA
NA,33553
"51011",NA
NA,83170
"51013",NA
NA,38579
"51015",NA
NA,46363
"51017",NA
NA,41307
"51515",NA
"51019",NA
NA,31664
"51021",NA
NA,45055
"51023",NA
"51520",40556
NA,30932
"51025",NA
NA,35459
"51027",NA
NA,28038
"51029",NA
"51530",34836
NA,34450
"51031",NA
NA,37600
"51033",NA
NA,31465
"51035",NA
NA,39938
"51036",NA
NA,30915
"51037",NA
"51540",58603
"51550",45616
NA,47481
"51041",NA
NA,54203
"51043",NA
"51570",36787
"51580",34787
NA,33756
"51045",NA
NA,39847
"51047",NA
NA,32369
"51049",NA
"51590",32716
NA,28182
"51051",NA
NA,36787
"51053",NA
"51595",30476
NA,37669
"51057",NA
NA,75007
"51600",75007
"51059",NA
"51610",75007
NA,61982
"51061",NA
NA,33330
"51063",NA
NA,37095
"51065",NA
NA,34586
"51620",33229
"51067",NA
NA,42701
"51069",NA
"51630",44698
"51640",31465
NA,34874
"51071",NA
NA,43704
"51073",NA
NA,85363
"51075",NA
NA,29657
"51077",NA
NA,36873
"51079",NA
NA,30476
"51081",NA
NA,32970
"51083",NA
"51650",39707
NA,51194
"51085",NA
"51660",33703
NA,49814
"51087",NA
NA,33439
"51089",NA
NA,44403
"51091",NA
"51670",36423
NA,49471
"51093",NA
NA,57465
"51095",NA
NA,36571
"51097",NA
NA,47244
"51099",NA
NA,39726
"51101",NA
NA,49233
"51103",NA
NA,27137
"51105",NA
"51678",34836
NA,67384
"51107",NA
NA,46478
"51109",NA
NA,30194
"51111",NA
"51680",34450
NA,41194
"51113",NA
"51683",48020
"51685",48020
"51690",33439
NA,50657
"51115",NA
NA,33158
"51117",NA
NA,42417
"51119",NA
NA,31569
"51121",NA
NA,42403
"51125",NA
NA,49814
"51127",NA
"51700",38509
"51710",38463
NA,35987
"51131",NA
NA,42435
"51133",NA
"51720",28789
NA,34170
"51135",NA
NA,39190
"51137",NA
NA,34140
"51139",NA
NA,29257
"51141",NA
"51730",36787
NA,32716
"51143",NA
"51735",53646
"51740",38836
NA,45182
"51145",NA
NA,26793
"51147",NA
NA,36423
"51149",NA
NA,48020
"51153",NA
NA,34747
"51155",NA
"51750",31569
NA,56736
"51157",NA
NA,30872
NA,46794
"51760",NA
"51159",NA
NA,39385
"51770",45577
"51161",NA
NA,34836
"51163",NA
NA,33703
"51165",NA
NA,30705
"51167",NA
"51775",45577
NA,29347
"51169",NA
NA,37896
"51171",NA
NA,31425
"51173",NA
NA,33229
"51175",NA
NA,44698
"51177",NA
NA,48414
"51179",NA
"51790",38579
"51800",45390
NA,38596
"51181",NA
NA,27597
"51183",NA
NA,33174
"51185",NA
"51810",51161
NA,40118
"51187",NA
NA,40556
"51191",NA
"51820",38579
NA,38508
"51193",NA
"51830",57465
"51840",42701
NA,28789
"51195",NA
NA,33237
"51197",NA
NA,53646
"51199",NA
"53001",37405
"53003",39503
"53005",40956
"53007",42754
"53009",39416
"53011",43153
"53013",42568
"53015",38135
"53017",33279
"53019",30680
"53021",31228
"53023",39436
"53025",34438
"53027",34326
"53029",46608
"53031",43311
"53033",68877
"53035",46573
"53037",37761
"53039",45594
"53041",36276
"53043",41877
"53045",35732
"53047",37562
"53049",39374
"53051",33530
"53053",43613
"53055",59831
"53057",42829
"53059",36999
"53061",44967
"53063",39067
"53065",33088
"53067",42994
"53069",35534
"53071",39648
"53073",40840
"53075",33883
"53077",37630
"54001",29702
"54003",35836
"54005",31526
"54007",28315
"54009",36225
"54011",37481
"54013",28424
"54015",27555
"54017",20757
"54019",30314
"54021",26457
"54023",31789
"54025",34966
"54027",29944
"54029",35814
"54031",28548
"54033",43048
"54035",33560
"54037",44160
"54039",44039
"54041",36695
"54043",27096
"54045",33446
"54049",38756
"54051",40005
"54053",28654
"54047",27024
"54055",33542
"54057",35599
"54059",29896
"54061",40343
"54063",28577
"54065",32212
"54067",32557
"54069",44621
"54071",34519
"54073",38707
"54075",33690
"54077",32802
"54079",41160
"54081",36180
"54083",32022
"54085",31314
"54087",30672
"54089",26714
"54091",34375
"54093",31818
"54095",31415
"54097",31182
"54099",29767
"54101",26692
"54103",32672
"54105",26888
"54107",37104
"54109",28962
"55001",38097
"55003",34292
"55005",43948
"55007",39945
"55009",45704
"55011",44893
"55013",37966
"55015",44305
"55017",40924
"55019",36917
"55021",43393
"55023",37047
"55025",51523
"55027",39816
"55029",50276
"55031",36697
"55033",35640
"55035",42818
"55037",40094
"55039",42434
"55041",34585
"55043",38237
"55045",43254
"55047",43544
"55049",42374
"55051",46905
"55053",40994
"55055",39495
"55057",36256
"55059",39748
"55061",42152
"55063",42314
"55065",41818
"55067",39355
"55069",38486
"55071",42519
"55073",42941
"55075",39593
"55077",35432
"55078",25919
"55079",41507
"55081",36074
"55083",39713
"55085",45061
"55087",43665
"55089",71126
"55091",41395
"55093",40129
"55095",39807
"55097",39519
"55099",39454
"55101",41398
"55103",37994
"55105",38713
"55107",33424
"55111",40745
"55113",39154
"55115",36916
"55117",46328
"55109",45139
"55119",34260
"55121",40910
"55123",35532
"55125",42455
"55127",40546
"55129",40337
"55131",48564
"55133",60945
"55135",41031
"55137",36693
"55139",40498
"55141",39202
"56001",37870
"56003",36508
"56005",48691
"56007",48991
"56009",51512
"56011",46529
"56013",40970
"56015",40640
"56017",45227
"56019",46439
"56021",49225
"56023",40217
"56025",59890
"56027",49300
"56029",47625
"56031",44713
"56033",52239
"56035",51579
"56037",55855
"56039",194485
"56041",42395
"56043",42004
"56045",58314
