"state_county_fips","Scale"
1001,0.78
1003,1.82
1005,0.19
1007,-0.15
1009,0.23
1011,-1.08
1013,-1.16
1015,0.22
1017,-0.34
1019,0.64
1021,0.38
1023,0.92
1025,1.26
1027,0.21
1029,0.21
1031,-0.66
1033,0.7
1035,-1
1037,1.59
1039,-0.17
1041,-0.91
1043,0.64
1045,-0.47
1047,-0.18
1049,-1.6
1051,2.11
1053,-0.03
1055,0.96
1057,-0.38
1059,0.16
1061,-0.51
1063,-0.04
1065,1.43
1067,0.07
1069,-0.79
1071,1.25
1073,0.51
1075,-0.85
1077,0.9
1079,0.54
1081,-0.24
1083,-0.42
1085,-0.41
1087,-0.56
1089,-1.25
1091,-0.72
1093,-0.31
1095,0.37
1097,1.52
1099,1.27
1101,-0.28
1103,1.09
1105,0.84
1107,0.13
1109,-0.93
1111,0.71
1113,-0.24
1115,1.39
1117,1.12
1119,-0.48
1121,1.34
1123,2.19
1125,0.5
1127,0.51
1129,-0.49
1131,1.58
1133,0.88
4001,3.45
4003,7.13
4005,4.93
4007,7.5
4009,5.2
4011,5.18
4012,4.24
4013,4.87
4015,5.84
4017,1.91
4019,4.04
4021,3.36
4023,5.95
4025,5.21
4027,4.24
5001,-0.87
5003,-1.12
5005,2.64
5007,2.39
5009,1.98
5011,-1.06
5013,-1.35
5015,1.75
5017,-0.45
5019,1.15
5021,-2.3
5023,2.19
5025,-1.59
5027,-1.63
5029,-0.42
5031,-2.24
5033,1.44
5035,-1.05
5037,-0.95
5039,-1.85
5041,-1.04
5043,-1.24
5045,-0.08
5047,2.05
5049,0.51
5051,1.64
5053,-1.77
5055,-2
5057,-0.65
5059,0.49
5061,0.99
5063,0.09
5065,1.44
5067,-1.85
5069,-1.08
5071,2.37
5073,-0.59
5075,-0.1
5077,-0.42
5079,-1.24
5081,-0.06
5083,1.75
5085,-0.79
5087,-0.43
5089,2.74
5091,-0.3
5093,-1.76
5095,-1.13
5097,1.32
5099,-2.12
5101,-0.26
5103,-0.88
5105,0.89
5107,-0.68
5109,1.15
5111,-2.26
5113,1.08
5115,2.29
5117,-0.86
5119,0.85
5121,-0.32
5123,-1.28
5125,0.49
5127,1.02
5129,1.26
5131,1.1
5133,-0.13
5135,0.49
5137,1.55
5139,-0.5
5141,2.41
5143,1.22
5145,-0.84
5147,-1.47
5149,1.63
6001,5.13
6003,7.41
6005,7.23
6007,5.11
6009,8.27
6011,4.34
6013,8.36
6015,10.75
6017,6.1
6019,6.03
6021,4.38
6023,11.15
6025,6.45
6027,7.08
6029,4.84
6031,3.48
6033,6.55
6035,6.35
6037,10.33
6039,6
6041,8.14
6043,8.25
6045,10.93
6047,4.51
6049,4.99
6051,8.21
6053,9.24
6055,7.53
6057,7.26
6059,8.74
6061,6
6063,6.55
6065,6.64
6067,3.65
6069,5.2
6071,3.57
6073,9.78
6075,10.52
6077,4.77
6079,7.87
6081,8.19
6083,10.97
6085,5.95
6087,8.49
6089,5.69
6091,5.9
6093,3.36
6095,5.88
6097,7.93
6099,7.21
6101,1.72
6103,3.24
6105,4.07
6107,5.65
6109,7.1
6111,11.17
6113,5.1
6115,4.97
8001,2.48
8003,1.59
8005,2.35
8007,5.58
8009,0.48
8011,2.45
8013,5.82
8015,6.46
8017,-0.04
8019,6.96
8021,4.98
8023,4.96
8025,2.6
8027,5.61
8029,3.64
8031,2.88
8033,4.38
8035,5.15
8037,4.57
8039,0.9
8041,5.15
8043,4.82
8045,3.81
8047,6.97
8049,7.47
8051,4.94
8053,6.9
8055,5.2
8057,6.45
8059,5.61
8061,2.31
8063,-0.01
8065,8.52
8067,5.83
8069,5.62
8071,3.6
8073,1.05
8075,1.29
8077,2.26
8079,5.79
8081,4.14
8083,4.41
8085,2.94
8087,1.43
8089,2.24
8091,6.08
8093,7.11
8095,-0.71
8097,6.14
8099,1.13
8101,2.11
8103,3.59
8105,5.26
8107,5.29
8109,4.91
8111,7.16
8113,5.14
8115,0.92
8117,8.08
8119,6.29
8121,0.58
8123,1.7
8125,0.3
9001,2.25
9003,1.05
9005,1.04
9007,2.32
9009,2.52
9011,2.43
9013,1.48
9015,1.28
10001,-0.07
10003,0.01
10005,0.05
11001,-0.76
12001,2.44
12003,0.65
12005,2.15
12007,1.34
12009,3.93
12011,4.98
12013,1.12
12015,5.1
12017,3.43
12019,2.01
12021,5
12023,0.59
12025,5.48
12027,2.74
12029,2.42
12031,2.31
12033,2.34
12035,2.7
12037,2.66
12039,1.65
12041,1.21
12043,5.15
12045,2.25
12047,0.58
12049,2.25
12051,4.22
12053,3.71
12055,4.14
12057,4.32
12059,0.89
12061,4.72
12063,1.76
12065,2
12067,0.84
12069,3.4
12071,5.23
12073,1.75
12075,2.47
12077,0.36
12079,1.3
12081,4.66
12083,2.59
12085,5.34
12087,6.05
12089,2.04
12091,2.01
12093,4.7
12095,2.96
12097,4.5
12099,5.14
12101,3.37
12103,5.05
12105,3.98
12107,2.35
12109,2.98
12111,5.03
12113,1.94
12115,4.78
12117,3.14
12119,2.84
12121,0.7
12123,2.32
12125,1.6
12127,3.45
12129,1.95
12131,2.18
12133,1.95
13001,0.06
13003,0.24
13005,-0.47
13007,-0.07
13009,2.09
13011,-1.21
13013,-0.7
13015,1.17
13017,-0.1
13019,0.32
13021,1.81
13023,0.15
13025,0.05
13027,0.35
13029,0.7
13031,0.19
13033,-0.77
13035,1.86
13037,0.21
13039,1.88
13043,0.39
13045,-0.11
13047,-0.54
13049,-0.36
13051,1.76
13053,-0.35
13055,-1.08
13057,1.93
13059,-0.71
13061,1.34
13063,-0.32
13065,0.31
13067,-0.17
13069,-0.49
13071,0.26
13073,0.79
13075,0.7
13077,-0.28
13079,0.97
13081,0.36
13083,-0.39
13085,2.48
13087,1.04
13089,-0.3
13091,-0.08
13093,-0.12
13095,-0.31
13097,-0.45
13099,0.16
13101,0.73
13103,-0.1
13105,-0.34
13107,-0.16
13109,0.28
13111,2.78
13113,-0.24
13115,0.33
13117,0.99
13119,-0.5
13121,-0.24
13123,2.33
13125,-0.78
13127,2.06
13129,-0.52
13131,0.16
13133,2.34
13135,-0.35
13137,1.22
13139,0.96
13141,1.52
13143,-0.39
13145,0.18
13147,0.62
13149,0.22
13151,-0.53
13153,-0.04
13155,0.23
13157,-1.2
13159,1.46
13161,-0.6
13163,-0.46
13165,-0.22
13167,-0.01
13169,0.98
13171,-0.57
13173,0.94
13175,0.01
13177,0.22
13179,1.46
13181,1.13
13183,-0.04
13185,0.27
13187,1.28
13189,1.96
13191,2
13193,-0.54
13195,-1.05
13197,-0.86
13199,-0.59
13201,-1.12
13205,-0.45
13207,1.13
13209,0.07
13211,0.37
13213,1.16
13215,0.08
13217,1.45
13219,-1.04
13221,-1.15
13223,0.44
13225,-0.64
13227,1.56
13229,-0.63
13231,-0.63
13233,0.21
13235,0.28
13237,2.34
13239,1.05
13241,3.11
13243,-0.49
13245,0.02
13247,0.14
13249,-1.42
13251,-0.02
13253,0.87
13255,-0.33
13257,0.53
13259,0.01
13261,0.23
13263,1.1
13265,-0.13
13267,0.54
13269,-0.62
13271,-0.36
13273,-0.21
13275,0.29
13277,0.33
13279,0.24
13281,3.18
13283,0.02
13285,0.93
13287,0.11
13289,-0.11
13291,2.94
13293,1.37
13295,-0.4
13297,-0.94
13299,-0.17
13301,1.04
13303,-0.21
13305,-0.12
13307,-0.55
13309,0.07
13311,1.55
13313,-0.36
13315,-0.29
13317,0.65
13319,1.54
13321,0.06
16001,1.87
16003,3.83
16005,1.73
16007,3.62
16009,3.1
16011,1.91
16013,2.94
16015,3.4
16017,4.57
16019,2
16021,2.61
16023,0.07
16025,2.7
16027,1.82
16029,3.08
16031,1.81
16033,-0.06
16035,2.33
16037,0.86
16039,2.94
16041,1.68
16043,2.95
16045,2.45
16047,0.76
16049,3.17
16051,1.4
16053,0.63
16055,3.5
16057,1.13
16059,0.43
16061,0.99
16063,-0.41
16065,0.92
16067,1.42
16069,1.41
16071,0.17
16073,2.1
16075,1.79
16077,2.04
16079,3.64
16081,1.9
16083,0.96
16085,4.59
16087,2.17
17001,-2.1
17003,0.95
17005,-2.01
17007,-3.32
17009,-2.39
17011,-3.05
17013,-0.75
17015,-0.08
17017,-1.94
17019,-4.55
17021,-2.19
17023,-2.35
17025,-3.01
17027,-0.72
17029,-2.99
17031,-1.04
17033,-2.44
17035,-2.8
17037,-3.58
17039,-2.52
17041,-3.5
17043,-2.33
17045,-3.65
17047,-2.9
17049,-2.81
17051,-1.97
17053,-4.02
17055,-1.19
17057,-1.77
17059,-0.19
17061,-2.24
17063,-2.11
17065,-2.97
17067,-1.63
17069,0.07
17071,-1.29
17073,-3.43
17075,-4
17077,0.71
17079,-2.25
17081,-1.74
17083,-1.68
17085,-0.4
17087,0.28
17089,-2.77
17091,-3.3
17093,-2.85
17095,-2.43
17097,-0.3
17099,-2.75
17101,-2.34
17103,-2.93
17105,-3.95
17107,-3.89
17109,-3.19
17111,-2.4
17113,-3.57
17115,-2.79
17117,-2.36
17119,-1.69
17121,-2.18
17123,-1.89
17125,-1.86
17127,-1.69
17129,-3.04
17131,-2.47
17133,-0.06
17135,-2.18
17137,-2.25
17139,-1.96
17141,-2.82
17143,-2.41
17145,-1.2
17147,-4.21
17149,-1.88
17151,-0.22
17153,-1.43
17155,-1.52
17157,0.63
17159,-2.2
17161,-1.87
17163,-1.81
17165,-0.41
17167,-2.47
17169,-2.08
17171,-2.47
17173,-2.34
17175,-3.87
17177,-3.75
17179,-2.55
17181,0.57
17183,-3.21
17185,-1.68
17187,-3.17
17189,-2.23
17191,-2.61
17193,-1.82
17195,-2.32
17197,-2.41
17199,1.05
17201,-2.5
17203,-2.26
18001,-3.55
18003,-2.97
18005,-2.38
18007,-4.71
18009,-3.27
18011,-3.68
18013,-0.29
18015,-2.83
18017,-3.04
18019,-2.49
18021,-2.56
18023,-4.37
18025,-0.2
18027,-1.7
18029,-2.04
18031,-3.09
18033,-2.81
18035,-2.6
18037,-0.34
18039,-2.72
18041,-3.35
18043,-1.04
18045,-2.68
18047,-1.45
18049,-3.13
18051,-1.56
18053,-3.54
18055,-0.77
18057,-2.53
18059,-3.58
18061,-0.78
18063,-3.61
18065,-2.61
18067,-3.61
18069,-2.34
18071,-0.57
18073,-3.57
18075,-3.98
18077,-0.89
18079,-2.48
18081,-1.16
18083,-1.98
18085,-2.25
18087,-2.36
18089,-1.14
18091,-1.87
18093,-0.35
18095,-3.47
18097,-2.51
18099,-2.41
18101,-0.19
18103,-2.83
18105,0.29
18107,-3.35
18109,-0.88
18111,-3.42
18113,-1.93
18115,-0.49
18117,0.21
18119,-0.76
18121,-2.3
18123,-0.38
18125,-1.75
18127,-0.54
18129,-1.53
18131,-3.48
18133,-2.71
18135,-3.72
18137,-2.4
18139,-3.97
18141,-2.51
18143,-1.92
18145,-3.76
18147,-2.2
18149,-2.85
18151,-1.61
18153,-2.07
18155,-0.2
18157,-2.79
18159,-5.4
18161,-1.51
18163,-2.48
18165,-2.3
18167,-2.12
18169,-2.05
18171,-3.25
18173,-1.81
18175,-2.13
18177,-2.54
18179,-3.73
18181,-2.73
18183,-2.56
19001,-1.59
19003,-1
19005,-0.27
19007,-0.51
19009,-1.94
19011,-3.66
19013,-3.07
19015,-3.35
19017,-3.16
19019,-3.24
19021,-2.44
19023,-3.94
19025,-2.73
19027,-1.7
19029,-1.79
19031,-3.28
19033,-2.96
19035,-2.66
19037,-3.65
19039,-2.42
19041,-2.52
19043,-1.01
19045,-2.35
19047,-1.89
19049,-2.56
19051,-1.96
19053,-2.04
19055,-3.45
19057,-2.04
19059,-1.51
19061,-0.79
19063,-2.1
19065,-4.09
19067,-4.03
19069,-4.18
19071,-0.81
19073,-2.37
19075,-4.86
19077,-1.19
19079,-3.74
19081,-4.06
19083,-3.63
19085,-1.06
19087,-2.95
19089,-4.16
19091,-4.05
19093,-2.14
19095,-3.84
19097,-0.85
19099,-3.19
19101,-3.35
19103,-2.64
19105,-3.45
19107,-3.95
19109,-4.47
19111,-1.95
19113,-2.83
19115,-1.83
19117,-2.61
19119,-4.49
19121,-2.15
19123,-1.82
19125,-2.28
19127,-3.7
19129,-1
19131,-4.1
19133,-1.03
19135,-2.36
19137,-1.67
19139,-2.37
19141,-4.23
19143,-3.19
19145,-1.83
19147,-2.29
19149,-2.69
19151,-2.95
19153,-2.13
19155,-1.03
19157,-3.42
19159,-1.9
19161,-1.45
19163,-2.39
19165,-2.01
19167,-3.7
19169,-3.54
19171,-3.34
19173,-1.44
19175,-1.83
19177,-1.07
19179,-1.4
19181,-2.16
19183,-3.28
19185,-1.9
19187,-3.2
19189,-3.81
19191,-4.44
19193,-1.51
19195,-3.51
19197,-3.56
20001,-1.43
20003,-2.42
20005,-0.76
20007,-1.28
20009,-0.88
20011,-1.85
20013,-2.64
20015,0.58
20017,-0.88
20019,0.23
20021,-0.98
20023,-0.14
20025,0.22
20027,-0.8
20029,-1.49
20031,-0.95
20033,-1.26
20035,-1.25
20037,-1
20039,-0.83
20041,-0.96
20043,-2.07
20045,0.36
20047,-3.01
20049,0.13
20051,-2.31
20053,-0.19
20055,-0.35
20057,-0.84
20059,-1.97
20061,0.39
20063,-1.79
20065,-1.28
20067,-0.97
20069,-0.96
20071,-1.8
20073,0.66
20075,-0.59
20077,-1.26
20079,-1.71
20081,-0.61
20083,-0.94
20085,-2.85
20087,-1.06
20089,-0.2
20091,-1.69
20093,-0.36
20095,-0.77
20097,-2.08
20099,-1.05
20101,-0.9
20103,-0.35
20105,-1.33
20107,-1.53
20109,-1.43
20111,-0.48
20113,-1.81
20115,-0.81
20117,-1.38
20119,-0.16
20121,-1.15
20123,0.32
20125,-0.81
20127,-0.4
20129,-1.59
20131,-3.62
20133,-1.01
20135,-1.54
20137,1.57
20139,-1.17
20141,-1.07
20143,-1.67
20145,-2.07
20147,0.15
20149,-0.09
20151,-1.42
20153,-1.5
20155,-0.42
20157,-1.61
20159,-1.62
20161,-0.11
20163,-0.94
20165,-2.57
20167,0.12
20169,-1.03
20171,-1.5
20173,-0.7
20175,-0.21
20177,-1.76
20179,-1.21
20181,-1.34
20183,-0.94
20185,-1.52
20187,-1.59
20189,-1.18
20191,-1.15
20193,-1.58
20195,0.81
20197,0.4
20199,-1.45
20201,-2.95
20203,-1.8
20205,-1.75
20207,-0.36
20209,-0.17
21001,0.24
21003,-1.5
21005,-0.45
21007,-0.55
21009,-1.47
21011,0.32
21013,0.12
21015,0.29
21017,-3.18
21019,0.28
21021,-0.23
21023,0.5
21025,-1.36
21027,0.35
21029,-0.87
21031,-0.06
21033,-0.52
21035,-0.58
21037,0.39
21039,-1.03
21041,0.37
21043,0.12
21045,-1.97
21047,-0.63
21049,-0.51
21051,-1.46
21053,0.62
21055,0.46
21057,0.65
21059,-1.2
21061,0.62
21063,0.29
21065,0.55
21067,-2.39
21069,-0.86
21071,0.04
21073,-0.34
21075,-0.46
21077,0.63
21079,-1.23
21081,-0.93
21083,-2.48
21085,0.21
21087,-3.72
21089,0.62
21091,0.48
21093,-0.69
21095,0.37
21097,-1.72
21099,-0.07
21101,-0.72
21103,-0.46
21105,-0.84
21107,-0.21
21109,-0.82
21111,0.32
21113,-1.99
21115,0.64
21117,-1.62
21119,0.07
21121,-1.49
21123,-1.22
21125,1.25
21127,-0.19
21129,0.53
21131,-0.41
21133,-0.74
21135,0.78
21137,-1.25
21139,0.75
21141,-0.75
21143,1.51
21145,-0.87
21147,0.73
21149,-1.52
21151,-0.1
21153,-1.67
21155,-1.32
21157,-0.24
21159,-0.92
21161,0.4
21163,0.76
21165,0.46
21167,-0.03
21169,-3.16
21171,-0.1
21173,-1.12
21175,0.39
21177,0.21
21179,-0.63
21181,-1.43
21183,-0.21
21185,-0.85
21187,-0.64
21189,-1.67
21191,-0.74
21193,-0.19
21195,-0.18
21197,-1.28
21199,0.61
21201,-1.91
21203,-0.35
21205,0.97
21207,1.33
21209,-1.89
21211,-0.71
21213,-3.98
21215,0.39
21217,0.45
21219,-0.98
21221,0.99
21223,0.31
21225,0.72
21227,-0.68
21229,-0.58
21231,0.89
21233,-2.3
21235,1.15
21237,-1
21239,-2.04
22001,-1.56
22003,-2.38
22005,-1.22
22007,-0.22
22009,-0.5
22011,-1.45
22013,-0.03
22015,0.25
22017,0.65
22019,-0.67
22021,0.35
22023,0.77
22025,0.08
22027,0.08
22029,-0.18
22031,0.37
22033,-0.73
22035,-1.24
22037,-1.46
22039,-0.56
22041,-1.35
22043,-0.2
22045,0.48
22047,-0.56
22049,0.2
22051,0.18
22053,-1.04
22055,-2.47
22057,0.11
22059,-0.02
22061,-0.99
22063,0.07
22065,-0.68
22067,-1.85
22069,0.39
22071,0.14
22073,0.51
22075,0.3
22077,0.17
22079,-0.21
22081,1.11
22083,-1.75
22085,1.63
22087,0.37
22089,-0.1
22091,-2.02
22093,-1.12
22095,-0.34
22097,-0.71
22099,-0.34
22101,0.85
22103,0.76
22105,-0.28
22107,-0.47
22109,0.5
22111,0.22
22113,0.44
22115,0.2
22117,-1.57
22119,0.71
22121,-0.01
22123,-2.79
22125,-0.27
22127,-0.04
23001,-0.32
23003,-0.14
23005,1.05
23007,0.17
23009,1.87
23011,-0.14
23013,2.06
23015,1.55
23017,1.28
23019,-0.52
23021,1.2
23023,1.05
23025,0.47
23027,0.2
23029,2.69
23031,0.86
24001,1.26
24003,0.71
24005,-0.37
24009,0.65
24011,-1.68
24013,-1.34
24015,0.1
24017,0.55
24019,0.2
24021,0.1
24023,0.35
24025,0.04
24027,-1.42
24029,-0.23
24031,-0.57
24033,-0.61
24035,-0.08
24037,0.53
24039,-0.04
24041,0.1
24043,0.85
24045,-0.7
24047,0.34
24510,-0.37
25001,1.52
25003,0.81
25005,0.54
25007,2.89
25009,1.43
25011,0
25013,-0.08
25015,-0.01
25017,-1.12
25019,2.89
25021,-0.64
25023,1.09
25025,0.83
25027,0.24
26001,0.35
26003,-0.91
26005,-0.52
26007,0.07
26009,0.58
26011,-1.04
26013,-0.55
26015,-2.15
26017,-1.53
26019,0.75
26021,-0.3
26023,-2.45
26025,-2.73
26027,-2.14
26029,0.94
26031,0.08
26033,-1.4
26035,-2.36
26037,-3.49
26039,-2.37
26041,-1.94
26043,-3.58
26045,-3.14
26047,0.93
26049,-1.9
26051,-2.23
26053,-1.69
26055,0.37
26057,-3.92
26059,-2.4
26061,-0.58
26063,-0.74
26065,-3.38
26067,-3.07
26069,-0.17
26071,-2.88
26073,-3.1
26075,-2.45
26077,-2.1
26079,-1.11
26081,-2.28
26083,0.44
26085,-1.68
26087,-2.12
26089,0.73
26091,-2.31
26093,-1.82
26095,-1.21
26097,-0.95
26099,-1.24
26101,0.89
26103,-1.09
26105,0.6
26107,-1.94
26109,-1.61
26111,-3.09
26113,-1.95
26115,-1.43
26117,-2.48
26119,-0.92
26121,-0.4
26123,-1.3
26125,-1.78
26127,0.26
26129,-1.89
26131,-0.72
26133,-2.35
26135,-1.37
26137,-0.89
26139,-0.04
26141,0.18
26143,-1.2
26145,-3.33
26147,-1.25
26149,-2.4
26151,-1.23
26153,-1.05
26155,-3.48
26157,-1.63
26159,-0.61
26161,-2.19
26163,-1.73
26165,-0.76
27001,-1.74
27003,-2.41
27005,-2.34
27007,-2.89
27009,-3.43
27011,-2.77
27013,-2.48
27015,-3.07
27017,-2.15
27019,-2.7
27021,-2.38
27023,-3.42
27025,-2.23
27027,-4.17
27029,-2.96
27031,2.99
27033,-2.35
27035,-2.14
27037,-3.05
27039,-5.08
27041,-2.23
27043,-2.91
27045,-2.93
27047,-2.38
27049,-1.38
27051,-2.69
27053,-2.15
27055,-1.52
27057,-3.24
27059,-2.66
27061,-2.36
27063,-2.05
27065,-3.04
27067,-2.6
27069,-4.9
27071,-4.2
27073,-3.43
27075,0.24
27077,-3.09
27079,-2.17
27081,-2.16
27083,-2.7
27085,-2.93
27087,-3.09
27089,-4.05
27091,-2.48
27093,-2.65
27095,-1.74
27097,-3.09
27099,-5.18
27101,-2.21
27103,-2.58
27105,-2.48
27107,-5.37
27109,-3.96
27111,-2.41
27113,-4.97
27115,-2.77
27117,-4.13
27119,-3.76
27121,-2.45
27123,-2.08
27125,-6.4
27127,-3.67
27129,-3.9
27131,-2.2
27133,-4.25
27135,-4.3
27137,-0.66
27139,-2.95
27141,-2.88
27143,-3.1
27145,-2.87
27147,-3.05
27149,-3.31
27151,-3.74
27153,-2.84
27155,-3.57
27157,-1.13
27159,-3.74
27161,-2.36
27163,-0.63
27165,-2.85
27167,-6.1
27169,-1.61
27171,-2.5
27173,-3.98
28001,0.12
28003,-1.3
28005,-1.01
28007,0.02
28009,-1.04
28011,-0.57
28013,0.23
28015,-1.02
28017,-0.98
28019,-0.16
28021,-0.35
28023,0.42
28025,-0.36
28027,-0.65
28029,-1.08
28031,-1.11
28033,-0.24
28035,-0.03
28037,-1.29
28039,-0.81
28041,0.02
28043,1.78
28045,0.25
28047,1
28049,-1.21
28051,-0.92
28053,-1.17
28055,-0.89
28057,1.01
28059,0.85
28061,-1.11
28063,-0.71
28065,-1.1
28067,-0.38
28069,-0.6
28071,0.5
28073,-0.26
28075,1.31
28077,-0.08
28079,0.72
28081,-0.86
28083,-1.41
28085,-0.99
28087,-0.07
28089,-0.01
28091,0.04
28093,-1
28095,0.86
28097,0.05
28099,0.61
28101,0.34
28103,0.39
28105,-0.62
28107,-0.06
28109,-0.91
28111,-0.28
28113,-0.29
28115,-0.45
28117,-0.79
28119,-1.97
28121,0.16
28123,-1.15
28125,-1.34
28127,-0.8
28129,-1.23
28131,-1.13
28133,-1.47
28135,-0.92
28137,-0.7
28139,-1.17
28141,1.66
28143,-0.4
28145,-0.85
28147,-0.87
28149,-0.14
28151,-1.03
28153,-0.79
28155,-0.32
28157,-0.09
28159,0.49
28161,0.53
28163,-0.91
29001,-1.11
29003,-1.01
29005,-0.76
29007,-2.43
29009,1.95
29011,-1.93
29013,-1.65
29015,1.47
29017,0.49
29019,-0.02
29021,-0.47
29023,-0.84
29025,-2.83
29027,-0.06
29029,1.68
29031,0.91
29033,-0.14
29035,1.23
29037,-1.68
29039,1.24
29041,0.06
29043,0.08
29045,-0.52
29047,0.15
29049,-1.49
29051,0.96
29053,-0.08
29055,-0.28
29057,0.95
29059,-0.2
29061,-2.06
29063,-2.33
29065,0.61
29067,-0.88
29069,-2.1
29071,0.38
29073,0.47
29075,-1.76
29077,0.62
29079,-0.57
29081,-1.19
29083,-0.46
29085,1.22
29087,-0.15
29089,0.29
29091,0.31
29093,0.81
29095,-1.49
29097,-2.26
29099,0.96
29101,-2
29103,-1.47
29105,-0.11
29107,-1.7
29109,-2.46
29111,-0.4
29113,0.37
29115,-1.26
29117,-2.04
29119,-0.2
29121,-0.55
29123,1.01
29125,0.2
29127,-1.48
29129,-1.24
29131,0.83
29133,-1.39
29135,0.39
29137,-0.94
29139,-0.31
29141,1.22
29143,-1.52
29145,-0.36
29147,-2.85
29149,-0.76
29151,0.42
29153,1.6
29155,-1.16
29157,2.29
29159,-2.05
29161,-0.16
29163,0.46
29165,0.12
29167,-0.62
29169,0.54
29171,-0.9
29173,-1.2
29175,-0.22
29177,-0.72
29179,1.41
29181,0.48
29183,0.86
29185,1.11
29186,2.06
29187,1.7
29189,0.64
29195,-1
29197,-1.9
29199,-1.56
29201,-1.44
29203,-0.23
29205,-2.29
29207,-2.43
29209,2.24
29211,-1.58
29213,1.63
29215,0.45
29217,-1.6
29219,0.14
29221,0.86
29223,2.18
29225,-0.45
29227,-1.56
29229,0.87
29510,-0.48
30001,3.5
30003,1.38
30005,0.19
30007,3.93
30009,4.22
30011,-0.58
30013,2.2
30015,-0.98
30017,-1.06
30019,-3.82
30021,-1.01
30023,1.51
30025,-1.33
30027,2.63
30029,2.8
30031,3.86
30033,0.65
30035,4.69
30037,0.06
30039,2.27
30041,-1.22
30043,2.27
30045,1.89
30047,3.82
30049,3.16
30051,0.45
30053,2.33
30055,0.52
30057,3.22
30059,2.83
30061,1.8
30063,1.74
30065,1.22
30067,3.61
30069,1.86
30071,0.29
30073,3.45
30075,-1.02
30077,1.79
30079,-0.39
30081,1.59
30083,-0.22
30085,-2.45
30087,-0.34
30089,2.33
30091,-2.12
30093,2.15
30095,2.63
30097,3.19
30099,3.88
30101,0.97
30103,-0.02
30105,-0.03
30107,3.07
30109,-0.81
30111,1.08
30113,3.61
31001,-2.36
31003,-2.49
31005,-0.25
31007,-0.75
31009,-0.81
31011,-1.21
31013,-0.02
31015,-2.64
31017,-1.1
31019,0.04
31021,-1.73
31023,-3.37
31025,-2.12
31027,-2.01
31029,-1.47
31031,-0.74
31033,-1.68
31035,-3.36
31037,-0.72
31039,-0.77
31041,-1.4
31043,-1.76
31045,-0.39
31047,0.56
31049,-0.61
31051,-1.71
31053,-0.55
31055,-1.92
31057,-1.93
31059,-4
31061,-1.56
31063,0.29
31065,-1.63
31067,-2.26
31069,2.14
31071,-1.42
31073,-1.08
31075,-0.08
31077,-0.6
31079,-1.83
31081,-2.83
31083,-0.41
31085,-2.55
31087,-0.97
31089,-1.67
31091,-1.64
31093,0.3
31095,-2.42
31097,-2.6
31099,-3.34
31101,1.5
31103,-3.69
31105,-0.08
31107,-1.32
31109,-2.55
31111,0.25
31113,-1.41
31115,-1.42
31117,-0.9
31119,-0.53
31121,-2.29
31123,1.63
31125,-0.42
31127,-1.88
31129,-1.85
31131,-2.36
31133,-2.5
31135,-2.24
31137,-2.21
31139,-2.58
31141,-0.6
31143,-3.13
31145,-1.76
31147,-1.91
31149,-1.06
31151,-3.04
31153,-2.03
31155,-2.6
31157,1.11
31159,-3.21
31161,2
31163,0.26
31165,-0.67
31167,-0.61
31169,-3.12
31171,-1.61
31173,-1.96
31175,-0.06
31177,-2.35
31179,-4.02
31181,-1.88
31183,-2.04
31185,-4.05
32001,5.42
32003,4.86
32005,7.61
32007,2.05
32009,4.12
32011,1.92
32013,3.87
32015,3.67
32017,3.86
32019,5.7
32021,5.71
32023,4.97
32027,4.23
32029,5.11
32031,6.77
32033,3.04
32510,7.29
33001,0.8
33003,0.93
33005,0.26
33007,-0.09
33009,0.32
33011,0.07
33013,0.02
33015,0.34
33017,-0.1
33019,-0.17
34001,-0.04
34003,1.2
34005,-1.3
34007,-1.15
34009,0.07
34011,0.38
34013,-0.02
34015,-0.61
34017,0.49
34019,0.83
34021,-0.8
34023,-0.57
34025,0.64
34027,1.3
34029,0.66
34031,1.3
34033,-0.2
34035,-1.44
34037,1.3
34039,0.14
34041,0.95
35001,3.77
35003,6.24
35005,3.87
35006,3.04
35007,3.7
35009,0.94
35011,3.43
35013,4.77
35015,4.97
35017,6.45
35019,2.66
35021,1.28
35023,3.37
35025,1.79
35027,4.26
35028,3.04
35029,2.87
35031,3.39
35033,5.22
35035,4
35037,1.66
35039,5.23
35041,1.44
35043,3.66
35045,2.83
35047,3.73
35049,3.02
35051,6.72
35053,3.13
35055,4.16
35057,4.02
35059,0.99
35061,3.04
36001,0.3
36003,-0.9
36005,1.04
36007,-0.84
36009,-0.32
36011,-1.44
36013,-0.26
36015,-1.13
36017,-1.41
36019,-0.34
36021,-0.33
36023,-1.55
36025,0.35
36027,-0.07
36029,-0.7
36031,-0.26
36033,-0.63
36035,-0.24
36037,-2.94
36039,0.31
36041,0.24
36043,-1.59
36045,-1.27
36047,-0.17
36049,-2.79
36051,-0.91
36053,-0.94
36055,-0.75
36057,-2.63
36059,0.76
36061,-0.31
36063,-0.52
36065,-1.65
36067,-2.26
36069,-0.67
36071,0.09
36073,-0.58
36075,-0.23
36077,-0.77
36079,0.37
36081,0.01
36083,-0.49
36085,0.23
36087,0.77
36089,-2.11
36091,0.11
36093,-2.06
36095,-0.3
36097,-0.03
36099,-1.08
36101,-0.76
36103,1.52
36105,0.14
36107,-1.05
36109,-0.28
36111,0.7
36113,0
36115,-0.64
36117,-0.51
36119,0.8
36121,-2.69
36123,-0.03
37001,-0.96
37003,1.17
37005,1.47
37007,0.06
37009,2.28
37011,1.95
37013,0.02
37015,-0.3
37017,-0.31
37019,1.12
37021,2.18
37023,1.82
37025,-1.08
37027,1.51
37029,0.42
37031,1.22
37033,0.45
37035,1.32
37037,0.41
37039,3
37041,0.51
37043,3.05
37045,0.76
37047,-0.39
37049,0.19
37051,-0.71
37053,0.88
37055,1.63
37057,-0.09
37059,-0.46
37061,-1.51
37063,-0.26
37065,-2.13
37067,-1.06
37069,-1.43
37071,0.42
37073,-1
37075,3.14
37077,-0.94
37079,-2.33
37081,-0.85
37083,-1.3
37085,-0.52
37087,2.23
37089,1.99
37091,-1.25
37093,-1.26
37095,1.48
37097,1.32
37099,2.62
37101,-1.16
37103,-1.59
37105,-0.68
37107,-1.71
37109,1.49
37111,2.21
37113,3.33
37115,1.92
37117,-2.93
37119,0.82
37121,1.55
37123,1.37
37125,0.12
37127,-1.39
37129,1.25
37131,-0.65
37133,0.74
37135,-1.39
37137,1
37139,0.43
37141,0.52
37143,0.5
37145,1.33
37147,-1.74
37149,1.84
37151,-0.01
37153,0.89
37155,-1.52
37157,0.1
37159,-0.1
37161,0.45
37163,-1.63
37165,-0.69
37167,0.68
37169,0.02
37171,1.24
37173,2.97
37175,2.4
37177,0.67
37179,-0.34
37181,0.05
37183,0.23
37185,-0.25
37187,0.31
37189,1.82
37191,-1.41
37193,1.88
37195,-1.23
37197,0.2
37199,1.37
38001,-1.82
38003,-2.83
38005,-3.08
38007,-0.76
38009,-3.44
38011,-1.01
38013,-2.07
38015,-2.01
38017,-4.84
38019,-3.52
38021,-2.96
38023,-2.06
38025,0.2
38027,-2.47
38029,-1.81
38031,-2.53
38033,-1.55
38035,-5.01
38037,-1.79
38039,-3.18
38041,-1.81
38043,-1.4
38045,-3.35
38047,-2.59
38049,-3.3
38051,-2.21
38053,-0.05
38055,-1.41
38057,-1.6
38059,-1.3
38061,-1.35
38063,-3.72
38065,-2.18
38067,-5.18
38069,-2.72
38071,-3.1
38073,-4.21
38075,-2.7
38077,-3.81
38079,-2.21
38081,-3.61
38083,-1.89
38085,-0.96
38087,-0.78
38089,-1.74
38091,-3.56
38093,-1.79
38095,-3.99
38097,-5.12
38099,-3.95
38101,-2.01
38103,-2.27
38105,-2.01
39001,-1.84
39003,-2.37
39005,-2.84
39007,-0.92
39009,-0.01
39011,-3.25
39013,0.13
39015,-0.08
39017,-1.65
39019,0.01
39021,-2.35
39023,-2.03
39025,-0.06
39027,-2.07
39029,-0.25
39031,-0.64
39033,-3.71
39035,-0.63
39037,-3.31
39039,-2.6
39041,-1.6
39043,-0.91
39045,-0.17
39047,-3.2
39049,-2.43
39051,-3.29
39053,-1.02
39055,-2.45
39057,-1.97
39059,0.55
39061,-1.39
39063,-2.63
39065,-3.57
39067,-0.01
39069,-2.68
39071,-1.49
39073,-0.68
39075,-0.95
39077,-3.09
39079,-1.28
39081,-0.77
39083,-2.89
39085,-0.42
39087,-1.08
39089,-0.55
39091,-1.38
39093,-0.33
39095,-0.87
39097,-3.07
39099,-1.72
39101,-3.93
39103,-3.16
39105,-3.23
39107,-1.88
39109,-2.33
39111,-0.21
39113,-2.23
39115,0.28
39117,-2.67
39119,0.42
39121,0.63
39123,-1.41
39125,-2.67
39127,0.2
39129,-2.21
39131,-0.79
39133,-2.17
39135,-1.97
39137,-3.7
39139,-2.88
39141,-1.1
39143,-2.54
39145,-0.97
39147,-3.37
39149,-2.44
39151,-2.5
39153,-2.4
39155,-2.12
39157,-0.33
39159,-3.5
39161,-3.6
39163,-0.64
39165,-1.09
39167,0.21
39169,-3.22
39171,-2.97
39173,-2.8
39175,-3.19
40001,1
40003,-0.17
40005,3.2
40007,0.7
40009,-0.4
40011,-0.2
40013,2.03
40015,0.95
40017,-0.1
40019,1.18
40021,2.39
40023,0.29
40025,1.56
40027,1.06
40029,0.88
40031,2.29
40033,0.88
40035,-1.49
40037,0.58
40039,0.46
40041,0.72
40043,0.16
40045,1.11
40047,-1.25
40049,0.38
40051,-0.25
40053,-1.01
40055,0.74
40057,-0.46
40059,0.51
40061,2
40063,-0.05
40065,-0.05
40067,1.29
40069,1.67
40071,0.05
40073,-0.77
40075,1.99
40077,0.89
40079,1.31
40081,0.13
40083,-0.27
40085,1.34
40087,0.64
40089,2.08
40091,1.21
40093,-1.49
40095,2.54
40097,0.21
40099,1.34
40101,0.45
40103,-0.04
40105,-0.36
40107,0.34
40109,0.24
40111,-0.87
40113,1.17
40115,0.03
40117,0.01
40119,0.42
40121,1.64
40123,1.04
40125,0.26
40127,1.75
40129,-0.28
40131,0.23
40133,0.58
40135,2.55
40137,1.13
40139,2.01
40141,0.41
40143,-0.3
40145,0.05
40147,0.96
40149,-0.3
40151,-1.14
40153,-0.65
41001,2.42
41003,3.1
41005,3.64
41007,4.97
41009,4.98
41011,5.53
41013,5.06
41015,6.47
41017,6.1
41019,6.78
41021,0.45
41023,0.44
41025,3.45
41027,4.54
41029,4.5
41031,4.99
41033,4.26
41035,5.15
41037,4.19
41039,4.29
41041,6.06
41043,3.65
41045,1.68
41047,3.51
41049,3.34
41051,4.33
41053,3.28
41055,1.61
41057,5.54
41059,1.64
41061,1.38
41063,2.68
41065,3.38
41067,2.65
41069,2.79
41071,3.25
42001,-0.13
42003,0.47
42005,0.36
42007,0.64
42009,-0.67
42011,-0.73
42013,-0.86
42015,0.29
42017,0.01
42019,-0.25
42021,-0.23
42023,0.73
42025,0.67
42027,-0.4
42029,-1.53
42031,-0.3
42033,0.81
42035,0.47
42037,-0.05
42039,-1.99
42041,-0.57
42043,1.07
42045,-0.69
42047,0.07
42049,-0.57
42051,0.27
42053,-1.09
42055,-0.57
42057,-1.2
42059,0.22
42061,0.15
42063,0.4
42065,-0.93
42067,-0.34
42069,0.16
42071,0.45
42073,0.24
42075,-0.66
42077,-0.4
42079,0.3
42081,0.33
42083,-1.11
42085,-2.78
42087,-0.19
42089,0.94
42091,-0.53
42093,0.11
42095,-0.04
42097,0.72
42099,-0.45
42101,-0.46
42103,1.26
42105,-2.42
42107,0.49
42109,-0.63
42111,0.01
42113,0.01
42115,0.25
42117,-0.25
42119,-1.08
42121,-0.86
42123,-0.71
42125,0.4
42127,0.44
42129,0.88
42131,0.68
42133,-0.58
44001,1.36
44003,1.3
44005,2.14
44007,0.97
44009,2.64
45001,-0.61
45003,-0.04
45005,-0.27
45007,0.71
45009,-0.75
45011,-0.21
45013,1.66
45015,0.71
45017,0.2
45019,1.45
45021,-0.31
45023,-0.04
45025,-0.38
45027,1.15
45029,0.67
45031,0.28
45033,-0.68
45035,-1.11
45037,-0.25
45039,0.67
45041,-0.56
45043,1.49
45045,1.83
45047,-0.11
45049,-0.69
45051,0.88
45053,0.59
45055,0.27
45057,0.09
45059,-0.35
45061,-1
45063,0.99
45065,0.81
45067,-0.15
45069,0.27
45071,0.18
45073,3.55
45075,0.25
45077,3.02
45079,0.56
45081,0.02
45083,0.52
45085,0.45
45087,-0.8
45089,-0.88
45091,0.45
46003,-2.83
46005,-3.25
46007,0.5
46009,-1.59
46011,-2.06
46013,-2.72
46015,-1.54
46017,-1.59
46019,0.43
46021,-1.45
46023,-1.23
46025,-2.27
46027,-1.87
46029,-1.73
46031,-0.71
46033,0.97
46035,-3.29
46037,-1.21
46039,-1.68
46041,0.62
46043,-3.59
46045,-2.68
46047,1.89
46049,-2.32
46051,-2.49
46053,-0.64
46055,-0.3
46057,-1.37
46059,-3.2
46061,-3.42
46063,-0.65
46065,0.07
46067,-3.33
46069,-2.39
46071,-0.75
46073,-2.91
46075,-1.48
46077,-1.92
46079,-1.86
46081,1.76
46083,-3.91
46085,-1.28
46087,-3.05
46089,-1.98
46091,-1.65
46093,-1.66
46095,-0.76
46097,-3.45
46099,-2.58
46101,-2.96
46103,1.27
46105,-0.73
46107,-1.38
46109,-1.68
46111,-3.47
46113,-0.1
46115,-3.62
46117,-0.15
46119,0.2
46121,-0.98
46123,-2.25
46125,-3.48
46127,-1.78
46129,-1.45
46135,-1.76
46137,-0.55
47001,1.36
47003,-0.55
47005,1.13
47007,-0.56
47009,1.25
47011,-0.17
47013,1.87
47015,-2.75
47017,-1.91
47019,2.93
47021,-0.23
47023,-2.01
47025,1.57
47027,1.29
47029,1.31
47031,-0.89
47033,-2.21
47035,0.54
47037,0.33
47039,0.34
47041,1.23
47043,-0.83
47045,-0.39
47047,-1.18
47049,-0.05
47051,1.68
47053,-1.86
47055,-1.46
47057,1.45
47059,0.14
47061,0.02
47063,1.52
47065,1.16
47067,0.38
47069,-1.05
47071,0.44
47073,1.21
47075,-1.7
47077,0.82
47079,0.06
47081,-2.18
47083,0.56
47085,0.61
47087,0.86
47089,1.39
47091,0.74
47093,0.62
47095,-0.36
47097,0.05
47099,-0.89
47101,-0.8
47103,-1.2
47105,1.14
47107,-0.35
47109,-1.69
47111,-2.11
47113,-1.44
47115,0.83
47117,-0.89
47119,-0.19
47121,1.3
47123,1.51
47125,-0.51
47127,0.37
47129,-0.52
47131,-0.71
47133,0.2
47135,0.43
47137,1.67
47139,1.67
47141,0.24
47143,1.33
47145,1.22
47147,-1.92
47149,-0.85
47151,0.28
47153,-0.44
47155,1.76
47157,-0.44
47159,0.87
47161,0.98
47163,1.27
47165,0.25
47167,-0.38
47169,-0.3
47171,0.36
47173,1.35
47175,-1.32
47177,-1.45
47179,0.67
47181,-0.71
47183,-1.62
47185,-0.76
47187,-0.87
47189,-0.82
48001,1.07
48003,0.68
48005,1.92
48007,3.71
48009,-0.33
48011,0.36
48013,0.9
48015,1.38
48017,0.91
48019,5.83
48021,0.94
48023,1.7
48025,-0.36
48027,1.26
48029,2.63
48031,4.05
48033,2.39
48035,0.84
48037,0.79
48039,1.31
48041,0.59
48043,4.58
48045,1.76
48047,-0.34
48049,0.35
48051,1.4
48053,4.36
48055,0.51
48057,1.86
48059,0.33
48061,2.46
48063,0.71
48065,1.21
48067,0.63
48069,1.23
48071,1.57
48073,1.25
48075,1.02
48077,-0.36
48079,-0.12
48081,3.73
48083,2.14
48085,1.01
48087,0.01
48089,1.72
48091,3.25
48093,0.36
48095,2.3
48097,0.63
48099,1.01
48101,-0.19
48103,1.34
48105,1.64
48107,2.45
48109,3.62
48111,0.22
48113,0.64
48115,-0.24
48117,0.94
48119,-0.59
48121,1.4
48123,0.5
48125,0.38
48127,0.48
48129,0.86
48131,0.96
48133,0.24
48135,2.5
48137,3.15
48139,0.24
48141,4.46
48143,0.03
48145,0.34
48147,0.22
48149,1.04
48151,0.3
48153,0.86
48155,0.03
48157,-0.52
48159,0.76
48161,0.4
48163,0.4
48165,0.84
48167,1.87
48169,1.11
48171,2.59
48173,0.23
48175,1.61
48177,0.68
48179,0.79
48181,0.78
48183,0.21
48185,0.74
48187,0.58
48189,-0.07
48191,0.27
48193,-0.65
48195,0.05
48197,0.14
48199,1.04
48201,-0.04
48203,0.52
48205,0.51
48207,2.04
48209,2.18
48211,1.27
48213,2.72
48215,0.46
48217,0.83
48219,0.37
48221,1.35
48223,0.17
48225,0.11
48227,2.23
48229,4
48231,1.05
48233,1.9
48235,0.11
48237,0.35
48239,-0.02
48241,2.25
48243,5.93
48245,1.04
48247,-1.01
48249,1.45
48251,0.12
48253,1.55
48255,1.38
48257,0.63
48259,4.72
48261,3.14
48263,0.45
48265,4.52
48267,1.02
48269,0.4
48271,3.8
48273,3.15
48275,0.62
48277,0.36
48279,1.31
48281,2.81
48283,0.71
48285,-0.08
48287,0.88
48289,0.36
48291,0.08
48293,1.12
48295,-0.43
48297,2.67
48299,3.75
48301,3.31
48303,1.14
48305,1.32
48307,2.36
48309,0.76
48311,1.76
48313,0.22
48315,1.4
48317,0.91
48319,1.54
48321,1.54
48323,0.52
48325,0.68
48327,0.51
48329,1.42
48331,0.72
48333,-0.43
48335,2.47
48337,-0.57
48339,1.58
48341,2.46
48343,0.41
48345,-0.22
48347,2.12
48349,0.57
48351,1.44
48353,2.11
48355,3.33
48357,0.39
48359,1.19
48361,0.44
48363,1.45
48365,1.35
48367,0.14
48369,1.93
48371,4.4
48373,1.84
48375,2.6
48377,3.06
48379,0.78
48381,2.36
48383,0.6
48385,3.48
48387,-0.11
48389,2.84
48391,2.56
48393,-0.41
48395,0.63
48397,1.39
48399,1.18
48401,1.88
48403,2.13
48405,1.96
48407,2.18
48409,1.97
48411,2.92
48413,0.08
48415,1.44
48417,-0.09
48419,2.45
48421,-0.65
48423,0.72
48425,1.17
48427,1.99
48429,1.38
48431,0.27
48433,0.61
48435,1.47
48437,0.42
48439,1.02
48441,2.04
48443,3.17
48445,1.11
48447,-0.79
48449,0.84
48451,2.62
48453,3.24
48455,1.45
48457,1.18
48459,0.28
48461,1.02
48463,4.26
48465,5.2
48467,0.42
48469,-0.82
48471,1.07
48473,1.28
48475,1.46
48477,1.43
48479,1.12
48481,-0.99
48483,0.31
48485,0.8
48487,0.88
48489,1.85
48491,0.91
48493,0.44
48495,1.31
48497,0.87
48499,1.37
48501,0.21
48503,0.51
48505,2.36
48507,0.49
49001,2.39
49003,3.29
49005,2.63
49007,3.13
49009,4.3
49011,5.54
49013,3.73
49015,0.83
49017,4
49019,2.08
49021,2.37
49023,1.91
49025,2.97
49027,2.69
49029,3.72
49031,3.87
49033,5.03
49035,4.21
49037,3.6
49039,4.44
49041,3.66
49043,4.96
49045,2.83
49047,3.53
49049,4.93
49051,4.92
49053,2.57
49055,0.92
49057,3.71
50001,-0.28
50003,-0.81
50005,-1.16
50007,0.09
50009,-1.01
50011,-0.3
50013,-0.16
50015,-0.82
50017,-0.57
50019,0.09
50021,-0.35
50023,-0.63
50025,0.04
50027,0.14
51001,1.16
51003,-0.02
51005,1.77
51007,-1.52
51009,0.83
51011,-0.69
51013,-2.25
51015,-0.12
51017,2.19
51019,1.39
51021,-0.85
51023,1.15
51025,-1.44
51027,-1.61
51029,-0.31
51031,-0.38
51033,-1.22
51035,0.67
51036,0.59
51037,-1.49
51041,-0.84
51043,-1.75
51045,-0.6
51047,-1.15
51049,-1.5
51051,0.61
51053,-1.34
51057,0.48
51059,-1.31
51061,-1.53
51063,-1.05
51065,-0.51
51067,1.92
51069,-0.38
51071,0.09
51073,1.27
51075,-1.06
51077,1.2
51079,-0.44
51081,-0.78
51083,0.53
51085,-2.08
51087,-0.93
51089,-0.28
51091,0.3
51093,0.51
51095,1.15
51097,-0.13
51099,-0.17
51101,-0.06
51103,1.33
51105,-1.36
51107,-0.63
51109,-0.68
51111,-2.17
51113,-0.76
51115,1.11
51117,-0.03
51119,1.27
51121,0.27
51125,0.36
51127,0.24
51131,1.29
51133,1.19
51135,-1.57
51137,-0.89
51139,0.94
51141,1.27
51143,-0.3
51145,-1.85
51147,-1.67
51149,0.26
51153,-0.94
51155,1.29
51157,-0.84
51159,0.64
51161,0.01
51163,0.64
51165,1.25
51167,-0.38
51169,-0.47
51171,-0.77
51173,-1.55
51175,-0.94
51177,-0.97
51179,-0.12
51181,0.79
51183,-1.11
51185,-0.56
51187,1.07
51191,-0.23
51193,0.25
51195,0.25
51197,0.11
51199,1.27
51510,-2.25
51515,1.39
51520,-0.23
51530,0.64
51540,-0.02
51550,0.48
51560,1.77
51570,-0.84
51580,1.77
51590,-0.3
51595,-0.78
51600,-1.31
51610,-1.31
51620,-0.94
51630,-0.97
51640,0.67
51650,1.27
51660,1.25
51670,0.26
51678,0.64
51680,-0.38
51683,-0.94
51685,-0.94
51690,-0.28
51700,1.27
51710,0.48
51720,0.25
51730,-1.34
51735,1.27
51740,0.48
51750,0.27
51760,-0.93
51770,0.01
51775,0.01
51780,0.53
51790,-0.12
51800,0.17
51810,1.18
51820,-0.12
51830,1.15
51840,-0.38
53001,-1.34
53003,1.22
53005,1.58
53007,1.56
53009,6.52
53011,4.25
53013,1.84
53015,4.54
53017,0.42
53019,2.31
53021,-0.39
53023,2.31
53025,0.62
53027,3.94
53029,3.41
53031,5.31
53033,4.53
53035,2.61
53037,3.33
53039,1.97
53041,3.4
53043,0.56
53045,5.2
53047,1.36
53049,4.85
53051,3.33
53053,4.62
53055,4.35
53057,4.94
53059,-0.04
53061,4.68
53063,1.33
53065,2.58
53067,3.32
53069,3.25
53071,1.06
53073,5.26
53075,2.23
53077,1.48
54001,0.22
54003,-0.55
54005,-1.9
54007,-0.55
54009,0.38
54011,0.11
54013,-2.37
54015,-0.51
54017,-2.52
54019,-0.13
54021,-2.64
54023,1.46
54025,-0.2
54027,0.69
54029,0.39
54031,0.82
54033,-1.36
54035,-0.08
54037,-1.12
54039,-0.12
54041,-0.98
54043,-1.05
54045,-1.03
54047,-1.88
54049,-0.52
54051,-0.34
54053,-0.05
54055,-1.67
54057,0.68
54059,-1.12
54061,-0.07
54063,-1.38
54065,0.41
54067,0.02
54069,-0.13
54071,0.82
54073,-0.12
54075,-0.42
54077,-0.84
54079,-0.43
54081,-0.13
54083,-1.61
54085,-2.42
54087,-1.66
54089,0.67
54091,-0.01
54093,-0.29
54095,-0.22
54097,-1.52
54099,-0.19
54101,-2.35
54103,-0.91
54105,-0.34
54107,-0.19
54109,-1.37
55001,-2.43
55003,-0.63
55005,-2.86
55007,-0.56
55009,-1.36
55011,-1.17
55013,-2.24
55015,-1.49
55017,-2.36
55019,-4.34
55021,-0.52
55023,-0.55
55025,-0.17
55027,-1.83
55029,-0.15
55031,-0.66
55033,-1.54
55035,-3.16
55037,-2.61
55039,-1.92
55041,-2.56
55043,-0.46
55045,-2.32
55047,-1.58
55049,-0.98
55051,-0.7
55053,-0.87
55055,-1.63
55057,-0.43
55059,-0.45
55061,0.17
55063,-0.69
55065,-1.53
55067,-3.13
55069,-2.98
55071,-0.37
55073,-3.3
55075,-2.16
55077,-2.25
55078,-3.38
55079,-0.4
55081,-1.36
55083,-1.95
55085,-2.19
55087,-3.35
55089,-0.39
55091,-0.71
55093,-1.21
55095,-2.73
55097,-2.54
55099,-2.66
55101,-0.51
55103,-1.29
55105,-2.62
55107,-2.32
55109,-1.37
55111,-1.01
55113,-1.42
55115,-3.4
55117,-0.37
55119,-3.39
55121,-1.42
55123,-0.66
55125,-1.58
55127,-2.46
55129,-2.26
55131,-2.63
55133,-2.11
55135,-2.48
55137,-2.61
55139,-1.37
55141,-2.44
56001,4.91
56003,2.49
56005,0.79
56007,5.41
56009,2.86
56011,2.57
56013,3.71
56015,2
56017,1.08
56019,2.78
56021,3.05
56023,5.12
56025,2.49
56027,-0.01
56029,3.96
56031,4.1
56033,2.17
56035,5.29
56037,2.63
56039,5.39
56041,3.32
56043,1.1
56045,-0.91
