"state_county_fips","POP_ESTIMATE_2014"
0,"318,857,056"
1000,"4,849,377"
1001,"55,395"
1003,"200,111"
1005,"26,887"
1007,"22,506"
1009,"57,719"
1011,"10,764"
1013,"20,296"
1015,"115,916"
1017,"34,076"
1019,"26,037"
1021,"43,931"
1023,"13,323"
1025,"24,945"
1027,"13,552"
1029,"15,080"
1031,"50,909"
1033,"54,543"
1035,"12,670"
1037,"10,886"
1039,"37,914"
1041,"13,977"
1043,"81,289"
1045,"49,484"
1047,"41,711"
1049,"71,065"
1051,"80,977"
1053,"37,733"
1055,"103,531"
1057,"16,874"
1059,"31,601"
1061,"26,712"
1063,"8,553"
1065,"15,184"
1067,"17,190"
1069,"104,193"
1071,"52,665"
1073,"660,793"
1075,"14,086"
1077,"93,096"
1079,"33,477"
1081,"154,255"
1083,"90,787"
1085,"10,580"
1087,"19,425"
1089,"350,299"
1091,"20,110"
1093,"30,271"
1095,"94,636"
1097,"415,123"
1099,"21,947"
1101,"226,189"
1103,"119,607"
1105,"9,826"
1107,"20,365"
1109,"33,389"
1111,"22,539"
1113,"59,608"
1115,"86,697"
1117,"206,655"
1119,"13,166"
1121,"81,322"
1123,"41,165"
1125,"202,212"
1127,"65,471"
1129,"16,834"
1131,"11,098"
1133,"24,150"
2000,"736,732"
2013,"3,360"
2016,"5,750"
2020,"301,010"
2050,"17,868"
2060,"957"
2068,"1,921"
2070,"4,988"
2090,"99,357"
2100,"2,566"
2105,"2,082"
2110,"32,406"
2122,"57,477"
2130,"13,787"
2150,"13,986"
2164,"1,631"
2170,"97,882"
2180,"9,817"
2185,"9,703"
2188,"7,717"
2195,"3,160"
2198,"6,396"
2220,"8,900"
2230,"1,036"
2240,"6,931"
2261,"9,488"
2270,"8,010"
2275,"2,364"
2282,"635"
2290,"5,547"
4000,"6,731,484"
4001,"71,828"
4003,"127,448"
4005,"137,682"
4007,"53,119"
4009,"37,957"
4011,"9,346"
4012,"20,231"
4013,"4,087,191"
4015,"203,361"
4017,"108,101"
4019,"1,004,516"
4021,"401,918"
4023,"46,695"
4025,"218,844"
4027,"203,247"
5000,"2,966,369"
5001,"18,594"
5003,"20,948"
5005,"40,857"
5007,"242,321"
5009,"37,196"
5011,"11,148"
5013,"5,202"
5015,"27,744"
5017,"11,180"
5019,"22,576"
5021,"15,118"
5023,"25,634"
5025,"8,449"
5027,"23,933"
5029,"21,083"
5031,"102,518"
5033,"61,697"
5035,"49,548"
5037,"17,227"
5039,"7,755"
5041,"12,264"
5043,"18,622"
5045,"120,768"
5047,"17,805"
5049,"12,125"
5051,"97,322"
5053,"18,144"
5055,"43,694"
5057,"22,327"
5059,"33,368"
5061,"13,500"
5063,"36,959"
5065,"13,486"
5067,"17,534"
5069,"72,297"
5071,"26,005"
5073,"7,111"
5075,"16,931"
5077,"9,860"
5079,"13,970"
5081,"12,532"
5083,"21,958"
5085,"71,557"
5087,"15,740"
5089,"16,367"
5091,"43,428"
5093,"44,235"
5095,"7,582"
5097,"9,082"
5099,"8,723"
5101,"7,904"
5103,"24,828"
5105,"10,245"
5107,"19,930"
5109,"11,024"
5111,"24,246"
5113,"20,225"
5115,"63,201"
5117,"8,304"
5119,"392,702"
5121,"17,571"
5123,"26,899"
5125,"115,719"
5127,"10,693"
5129,"7,929"
5131,"126,776"
5133,"17,426"
5135,"16,906"
5137,"12,494"
5139,"40,227"
5141,"16,851"
5143,"220,792"
5145,"78,592"
5147,"6,910"
5149,"21,951"
6000,"38,802,500"
6001,"1,610,921"
6003,"1,116"
6005,"36,742"
6007,"224,241"
6009,"44,624"
6011,"21,419"
6013,"1,111,339"
6015,"27,212"
6017,"183,087"
6019,"965,974"
6021,"27,955"
6023,"134,809"
6025,"179,091"
6027,"18,410"
6029,"874,589"
6031,"150,269"
6033,"64,184"
6035,"31,749"
6037,"10,116,705"
6039,"154,548"
6041,"260,750"
6043,"17,682"
6045,"87,869"
6047,"266,353"
6049,"9,023"
6051,"13,997"
6053,"431,344"
6055,"141,667"
6057,"98,893"
6059,"3,145,515"
6061,"371,694"
6063,"18,606"
6065,"2,329,271"
6067,"1,482,026"
6069,"58,267"
6071,"2,112,619"
6073,"3,263,431"
6075,"852,469"
6077,"715,597"
6079,"279,083"
6081,"758,581"
6083,"440,668"
6085,"1,894,605"
6087,"271,804"
6089,"179,804"
6091,"3,003"
6093,"43,628"
6095,"431,131"
6097,"500,292"
6099,"531,997"
6101,"95,847"
6103,"63,067"
6105,"13,170"
6107,"458,198"
6109,"53,831"
6111,"846,178"
6113,"207,590"
6115,"73,966"
8000,"5,355,866"
8001,"480,718"
8003,"16,177"
8005,"618,821"
8007,"12,244"
8009,"3,645"
8011,"5,630"
8013,"313,333"
8014,"62,138"
8015,"18,363"
8017,"1,871"
8019,"9,187"
8021,"8,265"
8023,"3,568"
8025,"5,360"
8027,"4,361"
8029,"29,870"
8031,"663,862"
8033,"1,978"
8035,"314,638"
8037,"52,921"
8039,"24,195"
8041,"663,519"
8043,"46,502"
8045,"57,461"
8047,"5,851"
8049,"14,546"
8051,"15,725"
8053,"786"
8055,"6,462"
8057,"1,396"
8059,"558,503"
8061,"1,402"
8063,"8,072"
8065,"7,357"
8067,"53,989"
8069,"324,122"
8071,"14,052"
8073,"5,510"
8075,"22,524"
8077,"148,255"
8079,"698"
8081,"12,928"
8083,"25,772"
8085,"40,873"
8087,"28,328"
8089,"18,488"
8091,"4,629"
8093,"16,345"
8095,"4,363"
8097,"17,626"
8099,"12,034"
8101,"161,875"
8103,"6,707"
8105,"11,607"
8107,"23,865"
8109,"6,196"
8111,"720"
8113,"7,840"
8115,"2,348"
8117,"29,404"
8119,"23,389"
8121,"4,780"
8123,"277,670"
8125,"10,202"
9000,"3,596,677"
9001,"945,438"
9003,"897,985"
9005,"184,993"
9007,"164,943"
9009,"861,277"
9011,"273,676"
9013,"151,367"
9015,"116,998"
10000,"935,614"
10001,"171,987"
10003,"552,778"
10005,"210,849"
11000,"658,893"
11001,"658,893"
12000,"19,893,297"
12001,"256,380"
12003,"27,093"
12005,"178,985"
12007,"26,702"
12009,"556,885"
12011,"1,869,235"
12013,"14,532"
12015,"168,474"
12017,"139,377"
12019,"199,798"
12021,"348,777"
12023,"67,857"
12027,"35,012"
12029,"15,907"
12031,"897,698"
12033,"310,659"
12035,"102,408"
12037,"11,815"
12039,"46,281"
12041,"16,997"
12043,"13,635"
12045,"15,944"
12047,"14,048"
12049,"27,469"
12051,"38,505"
12053,"175,855"
12055,"98,236"
12057,"1,316,298"
12059,"19,650"
12061,"144,755"
12063,"48,801"
12065,"14,050"
12067,"8,835"
12069,"315,690"
12071,"679,513"
12073,"283,988"
12075,"39,613"
12077,"8,360"
12079,"18,518"
12081,"351,746"
12083,"339,167"
12085,"153,392"
12086,"2,662,874"
12087,"77,136"
12089,"76,619"
12091,"196,512"
12093,"39,149"
12095,"1,253,001"
12097,"310,211"
12099,"1,397,710"
12101,"485,331"
12103,"938,098"
12105,"634,638"
12107,"72,143"
12109,"217,919"
12111,"291,028"
12113,"163,422"
12115,"396,962"
12117,"442,516"
12119,"114,350"
12121,"44,022"
12123,"22,582"
12125,"15,190"
12127,"507,531"
12129,"31,432"
12131,"61,530"
12133,"24,451"
13000,"10,097,343"
13001,"18,540"
13003,"8,223"
13005,"11,281"
13007,"3,255"
13009,"45,909"
13011,"18,295"
13013,"73,240"
13015,"101,736"
13017,"17,464"
13019,"18,700"
13021,"153,905"
13023,"12,795"
13025,"18,417"
13027,"15,418"
13029,"33,906"
13031,"72,087"
13033,"22,709"
13035,"23,368"
13037,"6,463"
13039,"52,027"
13043,"10,888"
13045,"114,093"
13047,"65,621"
13049,"12,897"
13051,"283,379"
13053,"11,837"
13055,"24,939"
13057,"230,985"
13059,"120,938"
13061,"3,102"
13063,"267,542"
13065,"6,831"
13067,"730,981"
13069,"42,811"
13071,"46,102"
13073,"139,257"
13075,"17,214"
13077,"135,571"
13079,"12,387"
13081,"22,934"
13083,"16,389"
13085,"22,957"
13087,"27,220"
13089,"722,161"
13091,"20,976"
13093,"14,188"
13095,"92,407"
13097,"138,776"
13099,"10,491"
13101,"4,003"
13103,"55,423"
13105,"19,438"
13107,"22,755"
13109,"10,898"
13111,"23,753"
13113,"109,664"
13115,"96,063"
13117,"204,302"
13119,"22,264"
13121,"996,319"
13123,"28,829"
13125,"3,053"
13127,"82,175"
13129,"56,047"
13131,"25,359"
13133,"16,490"
13135,"877,922"
13137,"43,752"
13139,"190,761"
13141,"8,509"
13143,"28,641"
13145,"32,876"
13147,"25,377"
13149,"11,603"
13151,"213,869"
13153,"149,111"
13155,"9,104"
13157,"61,870"
13159,"13,432"
13161,"14,859"
13163,"16,272"
13165,"9,125"
13167,"9,701"
13169,"28,787"
13171,"18,207"
13173,"10,373"
13175,"47,851"
13177,"29,191"
13179,"65,198"
13181,"7,622"
13183,"17,113"
13185,"113,523"
13187,"31,176"
13189,"21,370"
13191,"14,214"
13193,"13,792"
13195,"28,312"
13197,"8,797"
13199,"21,198"
13201,"5,958"
13205,"22,771"
13207,"27,051"
13209,"8,991"
13211,"17,956"
13213,"39,410"
13215,"200,887"
13217,"103,675"
13219,"35,093"
13221,"14,673"
13223,"148,987"
13225,"26,922"
13227,"29,997"
13229,"18,991"
13231,"17,784"
13233,"41,133"
13235,"11,483"
13237,"21,192"
13239,"2,315"
13241,"16,243"
13243,"7,313"
13245,"201,368"
13247,"87,754"
13249,"5,163"
13251,"14,085"
13253,"8,686"
13255,"63,988"
13257,"25,480"
13259,"5,744"
13261,"31,232"
13263,"6,390"
13265,"1,693"
13267,"25,224"
13269,"8,442"
13271,"16,518"
13273,"9,132"
13275,"44,959"
13277,"40,704"
13279,"27,282"
13281,"11,098"
13283,"6,778"
13285,"69,469"
13287,"8,153"
13289,"8,320"
13291,"21,984"
13293,"26,256"
13295,"68,218"
13297,"87,615"
13299,"35,515"
13301,"5,520"
13303,"20,635"
13305,"29,949"
13307,"2,649"
13309,"7,995"
13311,"27,970"
13313,"103,542"
13315,"8,847"
13317,"9,940"
13319,"9,326"
13321,"20,940"
15000,"1,419,561"
15001,"194,190"
15003,"991,788"
15005,"89"
15007,"70,475"
15009,"163,019"
16000,"1,634,464"
16001,"426,236"
16003,"3,861"
16005,"83,347"
16007,"5,957"
16009,"9,118"
16011,"45,269"
16013,"21,482"
16015,"6,824"
16017,"41,585"
16019,"108,623"
16021,"10,979"
16023,"2,622"
16025,"1,039"
16027,"203,143"
16029,"6,837"
16031,"23,540"
16033,"867"
16035,"8,562"
16037,"4,140"
16039,"26,094"
16041,"13,021"
16043,"12,867"
16045,"16,866"
16047,"15,064"
16049,"16,215"
16051,"27,021"
16053,"22,818"
16055,"147,326"
16057,"38,411"
16059,"7,726"
16061,"3,838"
16063,"5,316"
16065,"38,038"
16067,"20,323"
16069,"40,007"
16071,"4,184"
16073,"11,353"
16075,"22,836"
16077,"7,617"
16079,"12,390"
16081,"10,341"
16083,"80,914"
16085,"9,826"
16087,"10,021"
17000,"12,880,580"
17001,"66,988"
17003,"7,492"
17005,"17,269"
17007,"53,869"
17009,"6,832"
17011,"33,840"
17013,"4,956"
17015,"14,715"
17017,"13,156"
17019,"207,133"
17021,"33,892"
17023,"16,180"
17025,"13,520"
17027,"37,857"
17029,"53,320"
17031,"5,246,456"
17033,"19,393"
17035,"10,833"
17037,"105,462"
17039,"16,284"
17041,"19,889"
17043,"932,708"
17045,"17,841"
17047,"6,617"
17049,"34,320"
17051,"21,870"
17053,"13,688"
17055,"39,411"
17057,"36,007"
17059,"5,291"
17061,"13,434"
17063,"50,425"
17065,"8,296"
17067,"18,564"
17069,"4,129"
17071,"6,916"
17073,"49,635"
17075,"28,879"
17077,"59,677"
17079,"9,623"
17081,"38,534"
17083,"22,571"
17085,"22,254"
17087,"12,601"
17089,"527,306"
17091,"111,375"
17093,"121,350"
17095,"52,069"
17097,"705,186"
17099,"111,241"
17101,"16,519"
17103,"34,735"
17105,"37,903"
17107,"29,746"
17109,"31,880"
17111,"307,283"
17113,"174,061"
17115,"108,350"
17117,"46,453"
17119,"266,560"
17121,"38,571"
17123,"12,014"
17125,"13,898"
17127,"14,905"
17129,"12,570"
17131,"15,945"
17133,"33,722"
17135,"29,359"
17137,"34,929"
17139,"14,837"
17141,"52,085"
17143,"187,319"
17145,"21,672"
17147,"16,431"
17149,"16,022"
17151,"4,276"
17153,"5,815"
17155,"5,814"
17157,"32,869"
17159,"16,061"
17161,"146,063"
17163,"265,729"
17165,"24,612"
17167,"198,997"
17169,"7,330"
17171,"5,204"
17173,"22,048"
17175,"5,813"
17177,"46,435"
17179,"135,707"
17181,"17,447"
17183,"79,728"
17185,"11,549"
17187,"17,874"
17189,"14,337"
17191,"16,543"
17193,"14,374"
17195,"56,876"
17197,"685,419"
17199,"67,008"
17201,"288,542"
17203,"39,187"
18000,"6,596,855"
18001,"34,791"
18003,"365,918"
18005,"80,217"
18007,"8,700"
18009,"12,401"
18011,"61,915"
18013,"14,962"
18015,"19,923"
18017,"38,438"
18019,"114,262"
18021,"26,562"
18023,"32,776"
18025,"10,655"
18027,"32,729"
18029,"49,506"
18031,"26,524"
18033,"42,383"
18035,"117,074"
18037,"42,345"
18039,"201,971"
18041,"23,468"
18043,"76,179"
18045,"16,658"
18047,"22,934"
18049,"20,500"
18051,"33,759"
18053,"68,569"
18055,"32,726"
18057,"302,623"
18059,"71,978"
18061,"39,299"
18063,"156,056"
18065,"48,995"
18067,"82,982"
18069,"36,706"
18071,"43,705"
18073,"33,475"
18075,"21,179"
18077,"32,494"
18079,"28,000"
18081,"147,538"
18083,"37,938"
18085,"78,564"
18087,"38,436"
18089,"490,228"
18091,"111,444"
18093,"45,704"
18095,"130,069"
18097,"934,243"
18099,"47,107"
18101,"10,203"
18103,"35,954"
18105,"143,339"
18107,"38,146"
18109,"69,693"
18111,"14,156"
18113,"47,618"
18115,"6,035"
18117,"19,626"
18119,"20,969"
18121,"17,233"
18123,"19,454"
18125,"12,624"
18127,"167,076"
18129,"25,540"
18131,"12,967"
18133,"37,618"
18135,"25,384"
18137,"28,497"
18139,"16,892"
18141,"267,618"
18143,"23,712"
18145,"44,579"
18147,"20,801"
18149,"23,074"
18151,"34,308"
18153,"21,050"
18155,"10,452"
18157,"183,074"
18159,"15,415"
18161,"7,246"
18163,"182,006"
18165,"15,693"
18167,"108,175"
18169,"32,252"
18171,"8,352"
18173,"61,149"
18175,"27,878"
18177,"67,671"
18179,"27,862"
18181,"24,453"
18183,"33,403"
19000,"3,107,126"
19001,"7,454"
19003,"3,875"
19005,"14,038"
19007,"12,661"
19009,"5,794"
19011,"25,680"
19013,"132,897"
19015,"26,433"
19017,"24,721"
19019,"21,038"
19021,"20,578"
19023,"15,006"
19025,"9,866"
19027,"20,562"
19029,"13,448"
19031,"18,411"
19033,"43,254"
19035,"11,836"
19037,"12,264"
19039,"9,217"
19041,"16,515"
19043,"17,692"
19045,"48,051"
19047,"17,228"
19049,"77,400"
19051,"8,781"
19053,"8,263"
19055,"17,398"
19057,"40,255"
19059,"16,935"
19061,"96,370"
19063,"9,990"
19065,"20,343"
19067,"16,077"
19069,"10,436"
19071,"7,022"
19073,"9,200"
19075,"12,375"
19077,"10,722"
19079,"15,117"
19081,"11,027"
19083,"17,311"
19085,"14,324"
19087,"20,217"
19089,"9,449"
19091,"9,640"
19093,"7,042"
19095,"16,375"
19097,"19,482"
19099,"36,872"
19101,"17,325"
19103,"142,287"
19105,"20,454"
19107,"10,231"
19109,"15,222"
19111,"35,286"
19113,"217,751"
19115,"11,161"
19117,"8,701"
19119,"11,683"
19121,"15,609"
19123,"22,370"
19125,"33,365"
19127,"40,866"
19129,"14,831"
19131,"10,779"
19133,"8,996"
19135,"8,001"
19137,"10,421"
19139,"42,903"
19141,"14,056"
19143,"6,218"
19145,"15,496"
19147,"9,099"
19149,"24,874"
19151,"7,138"
19153,"459,862"
19155,"93,128"
19157,"18,668"
19159,"5,051"
19161,"10,035"
19163,"171,387"
19165,"11,948"
19167,"34,681"
19169,"94,073"
19171,"17,451"
19173,"6,143"
19175,"12,516"
19177,"7,468"
19179,"35,212"
19181,"47,956"
19183,"22,070"
19185,"6,395"
19187,"36,955"
19189,"10,559"
19191,"20,768"
19193,"102,271"
19195,"7,624"
19197,"12,840"
20000,"2,904,021"
20001,"12,909"
20003,"7,883"
20005,"16,513"
20007,"4,897"
20009,"27,385"
20011,"14,772"
20013,"9,815"
20015,"66,227"
20017,"2,692"
20019,"3,481"
20021,"20,787"
20023,"2,693"
20025,"2,144"
20027,"8,317"
20029,"9,385"
20031,"8,433"
20033,"1,954"
20035,"35,963"
20037,"39,290"
20039,"2,908"
20041,"19,394"
20043,"7,874"
20045,"116,585"
20047,"3,030"
20049,"2,694"
20051,"29,013"
20053,"6,392"
20055,"37,184"
20057,"34,795"
20059,"25,611"
20061,"36,713"
20063,"2,727"
20065,"2,566"
20067,"7,816"
20069,"6,082"
20071,"1,301"
20073,"6,328"
20075,"2,603"
20077,"5,818"
20079,"34,820"
20081,"4,106"
20083,"1,916"
20085,"13,539"
20087,"18,855"
20089,"3,043"
20091,"574,272"
20093,"3,915"
20095,"7,698"
20097,"2,513"
20099,"20,960"
20101,"1,687"
20103,"78,797"
20105,"3,167"
20107,"9,502"
20109,"2,794"
20111,"33,212"
20113,"29,241"
20115,"12,208"
20117,"10,006"
20119,"4,357"
20121,"32,822"
20123,"6,284"
20125,"34,065"
20127,"5,698"
20129,"3,110"
20131,"10,148"
20133,"16,416"
20135,"3,105"
20137,"5,560"
20139,"15,936"
20141,"3,756"
20143,"6,065"
20145,"6,916"
20147,"5,533"
20149,"22,897"
20151,"9,850"
20153,"2,584"
20155,"63,794"
20157,"4,803"
20159,"10,015"
20161,"75,194"
20163,"5,155"
20165,"3,197"
20167,"6,956"
20169,"55,755"
20171,"5,080"
20173,"508,803"
20175,"23,465"
20177,"178,406"
20179,"2,539"
20181,"6,110"
20183,"3,769"
20185,"4,297"
20187,"2,111"
20189,"5,801"
20191,"23,528"
20193,"7,891"
20195,"2,902"
20197,"7,022"
20199,"1,506"
20201,"5,598"
20203,"2,176"
20205,"9,028"
20207,"3,157"
20209,"161,636"
21000,"4,413,457"
21001,"19,204"
21003,"20,384"
21005,"21,888"
21007,"8,240"
21009,"43,148"
21011,"12,206"
21013,"27,778"
21015,"126,413"
21017,"19,972"
21019,"48,832"
21021,"29,706"
21023,"8,406"
21025,"13,409"
21027,"19,888"
21029,"77,955"
21031,"12,875"
21033,"12,725"
21035,"38,282"
21037,"91,833"
21039,"4,978"
21041,"10,815"
21043,"27,223"
21045,"15,891"
21047,"74,250"
21049,"35,758"
21051,"21,147"
21053,"10,165"
21055,"9,224"
21057,"6,745"
21059,"98,275"
21061,"12,013"
21063,"7,672"
21065,"14,447"
21067,"310,797"
21069,"14,545"
21071,"38,108"
21073,"49,880"
21075,"6,265"
21077,"8,589"
21079,"16,858"
21081,"24,875"
21083,"37,618"
21085,"26,194"
21087,"11,043"
21089,"36,308"
21091,"8,753"
21093,"108,266"
21095,"28,163"
21097,"18,592"
21099,"18,597"
21101,"46,467"
21103,"15,572"
21105,"4,734"
21107,"46,376"
21109,"13,289"
21111,"760,026"
21113,"50,815"
21115,"23,262"
21117,"163,929"
21119,"15,892"
21121,"31,798"
21123,"14,180"
21125,"60,015"
21127,"15,804"
21129,"7,594"
21131,"10,918"
21133,"23,359"
21135,"13,880"
21137,"24,445"
21139,"9,359"
21141,"26,867"
21143,"8,430"
21145,"65,316"
21147,"17,863"
21149,"9,478"
21151,"87,340"
21153,"12,913"
21155,"20,007"
21157,"30,953"
21159,"12,537"
21161,"17,166"
21163,"29,139"
21165,"6,287"
21167,"21,319"
21169,"9,990"
21171,"10,704"
21173,"27,474"
21175,"13,303"
21177,"31,207"
21179,"44,812"
21181,"7,041"
21183,"23,977"
21185,"63,490"
21187,"10,645"
21189,"4,508"
21191,"14,493"
21193,"27,597"
21195,"63,034"
21197,"12,434"
21199,"63,825"
21201,"2,197"
21203,"16,826"
21205,"23,655"
21207,"17,774"
21209,"51,284"
21211,"44,875"
21213,"17,826"
21215,"17,668"
21217,"25,257"
21219,"12,520"
21221,"14,142"
21223,"8,786"
21225,"15,165"
21227,"120,460"
21229,"11,959"
21231,"20,486"
21233,"13,236"
21235,"35,503"
21237,"7,214"
21239,"25,563"
22000,"4,649,676"
22001,"62,486"
22003,"25,713"
22005,"117,029"
22007,"23,034"
22009,"41,145"
22011,"36,198"
22013,"13,885"
22015,"125,064"
22017,"252,603"
22019,"197,204"
22021,"9,894"
22023,"6,679"
22025,"10,151"
22027,"16,412"
22029,"20,466"
22031,"27,142"
22033,"446,042"
22035,"7,487"
22037,"19,813"
22039,"33,700"
22041,"20,441"
22043,"22,384"
22045,"73,913"
22047,"33,327"
22049,"15,994"
22051,"435,716"
22053,"31,477"
22055,"235,644"
22057,"98,020"
22059,"14,839"
22061,"47,617"
22063,"135,751"
22065,"11,843"
22067,"26,760"
22069,"39,166"
22071,"384,320"
22073,"156,325"
22075,"23,447"
22077,"22,406"
22079,"132,488"
22081,"8,669"
22083,"20,740"
22085,"24,199"
22087,"44,409"
22089,"52,745"
22091,"10,619"
22093,"21,638"
22095,"43,745"
22097,"83,709"
22099,"53,315"
22101,"53,162"
22103,"245,829"
22105,"127,049"
22107,"4,830"
22109,"113,328"
22111,"22,539"
22113,"59,616"
22115,"52,132"
22117,"46,286"
22119,"40,333"
22121,"25,085"
22123,"11,525"
22125,"15,406"
22127,"14,743"
23000,"1,330,089"
23001,"107,440"
23003,"69,447"
23005,"287,797"
23007,"30,296"
23009,"54,696"
23011,"121,112"
23013,"39,676"
23015,"34,170"
23017,"57,238"
23019,"153,414"
23021,"17,026"
23023,"35,045"
23025,"51,163"
23027,"39,051"
23029,"31,808"
23031,"200,710"
24000,"5,976,407"
24001,"72,952"
24003,"560,133"
24005,"826,925"
24009,"90,613"
24011,"32,538"
24013,"167,830"
24015,"102,383"
24017,"154,747"
24019,"32,578"
24021,"243,675"
24023,"29,679"
24025,"250,105"
24027,"309,284"
24029,"19,820"
24031,"1,030,447"
24033,"904,430"
24035,"48,804"
24037,"110,382"
24039,"25,859"
24041,"37,643"
24043,"149,573"
24045,"101,539"
24047,"51,675"
24510,"622,793"
25000,"6,745,408"
25001,"214,914"
25003,"128,715"
25005,"554,194"
25007,"17,356"
25009,"769,091"
25011,"70,862"
25013,"468,161"
25015,"160,939"
25017,"1,570,315"
25019,"10,856"
25021,"692,254"
25023,"507,022"
25025,"767,254"
25027,"813,475"
26000,"9,909,877"
26001,"10,454"
26003,"9,459"
26005,"113,847"
26007,"28,988"
26009,"23,267"
26011,"15,353"
26013,"8,654"
26015,"59,281"
26017,"106,179"
26019,"17,519"
26021,"155,233"
26023,"43,545"
26025,"134,878"
26027,"51,608"
26029,"26,121"
26031,"25,675"
26033,"38,321"
26035,"30,652"
26037,"77,297"
26039,"13,745"
26041,"36,559"
26043,"25,957"
26045,"108,579"
26047,"33,204"
26049,"412,895"
26051,"25,411"
26053,"15,737"
26055,"90,782"
26057,"41,665"
26059,"45,830"
26061,"36,495"
26063,"32,065"
26065,"284,582"
26067,"64,294"
26069,"25,420"
26071,"11,387"
26073,"70,616"
26075,"159,741"
26077,"258,818"
26079,"17,394"
26081,"629,237"
26083,"2,217"
26085,"11,341"
26087,"88,153"
26089,"21,915"
26091,"99,047"
26093,"185,596"
26095,"6,426"
26097,"11,042"
26099,"860,112"
26101,"24,420"
26103,"67,676"
26105,"28,824"
26107,"43,186"
26109,"23,714"
26111,"83,427"
26113,"15,037"
26115,"149,824"
26117,"62,893"
26119,"9,300"
26121,"172,344"
26123,"47,900"
26125,"1,237,868"
26127,"26,221"
26129,"21,039"
26131,"6,172"
26133,"23,169"
26135,"8,371"
26137,"24,158"
26139,"276,292"
26141,"13,004"
26143,"23,955"
26145,"195,012"
26147,"160,078"
26149,"60,946"
26151,"41,587"
26153,"8,171"
26155,"68,933"
26157,"54,000"
26159,"75,199"
26161,"356,874"
26163,"1,764,804"
26165,"32,886"
27000,"5,457,173"
27001,"15,771"
27003,"341,864"
27005,"33,259"
27007,"45,664"
27009,"39,506"
27011,"5,127"
27013,"65,385"
27015,"25,292"
27017,"35,571"
27019,"97,338"
27021,"28,559"
27023,"12,110"
27025,"54,025"
27027,"61,286"
27029,"8,791"
27031,"5,233"
27033,"11,633"
27035,"63,265"
27037,"412,529"
27039,"20,353"
27041,"36,790"
27043,"14,192"
27045,"20,776"
27047,"30,840"
27049,"46,423"
27051,"5,956"
27053,"1,212,064"
27055,"18,738"
27057,"20,573"
27059,"38,413"
27061,"45,589"
27063,"10,269"
27065,"15,930"
27067,"42,285"
27069,"4,435"
27071,"12,856"
27073,"6,891"
27075,"10,680"
27077,"3,918"
27079,"27,770"
27081,"5,788"
27083,"25,665"
27085,"35,882"
27087,"5,505"
27089,"9,417"
27091,"20,220"
27093,"23,107"
27095,"25,884"
27097,"32,810"
27099,"39,323"
27101,"8,470"
27103,"33,093"
27105,"21,590"
27107,"6,639"
27109,"150,287"
27111,"57,635"
27113,"14,058"
27115,"29,095"
27117,"9,281"
27119,"31,704"
27121,"10,984"
27123,"532,655"
27125,"4,043"
27127,"15,515"
27129,"15,025"
27131,"65,151"
27133,"9,553"
27135,"15,679"
27137,"200,949"
27139,"139,672"
27141,"91,126"
27143,"14,918"
27145,"152,912"
27147,"36,573"
27149,"9,800"
27151,"9,436"
27153,"24,264"
27155,"3,387"
27157,"21,362"
27159,"13,757"
27161,"19,025"
27163,"249,283"
27165,"11,083"
27167,"6,495"
27169,"51,097"
27171,"129,918"
27173,"10,109"
28000,"2,994,079"
28001,"31,737"
28003,"37,380"
28005,"12,629"
28007,"19,163"
28009,"8,296"
28011,"33,768"
28013,"14,745"
28015,"10,254"
28017,"17,313"
28019,"8,294"
28021,"9,080"
28023,"16,299"
28025,"20,225"
28027,"24,807"
28029,"28,797"
28031,"19,442"
28033,"170,913"
28035,"76,330"
28037,"7,833"
28039,"23,303"
28041,"14,326"
28043,"21,666"
28045,"45,949"
28047,"199,058"
28049,"243,729"
28051,"18,459"
28053,"8,741"
28055,"1,397"
28057,"23,527"
28059,"141,137"
28061,"16,601"
28063,"7,599"
28065,"11,822"
28067,"68,290"
28069,"10,163"
28071,"52,930"
28073,"60,099"
28075,"79,739"
28077,"12,502"
28079,"23,193"
28081,"85,246"
28083,"31,422"
28085,"34,775"
28087,"59,730"
28089,"101,688"
28091,"25,868"
28093,"36,234"
28095,"36,003"
28097,"10,400"
28099,"29,465"
28101,"21,832"
28103,"11,115"
28105,"49,414"
28107,"34,444"
28109,"55,224"
28111,"12,227"
28113,"40,058"
28115,"30,950"
28117,"25,428"
28119,"7,678"
28121,"148,070"
28123,"28,461"
28125,"4,647"
28127,"27,463"
28129,"16,188"
28131,"17,875"
28133,"27,496"
28135,"14,761"
28137,"28,204"
28139,"22,039"
28141,"19,420"
28143,"10,598"
28145,"28,097"
28147,"14,859"
28149,"47,983"
28151,"48,958"
28153,"20,490"
28155,"9,972"
28157,"9,191"
28159,"18,478"
28161,"12,276"
28163,"27,817"
29000,"6,063,589"
29001,"25,602"
29003,"17,379"
29005,"5,382"
29007,"25,887"
29009,"35,662"
29011,"12,057"
29013,"16,584"
29015,"18,806"
29017,"12,394"
29019,"172,717"
29021,"89,486"
29023,"42,972"
29025,"9,034"
29027,"44,750"
29029,"44,021"
29031,"78,043"
29033,"9,043"
29035,"6,258"
29037,"100,889"
29039,"13,952"
29041,"7,694"
29043,"82,101"
29045,"6,917"
29047,"233,682"
29049,"20,299"
29051,"76,557"
29053,"17,585"
29055,"24,650"
29057,"7,628"
29059,"16,389"
29061,"8,297"
29063,"12,692"
29065,"15,655"
29067,"13,546"
29069,"31,344"
29071,"102,084"
29073,"14,866"
29075,"6,826"
29077,"285,865"
29079,"10,197"
29081,"8,639"
29083,"22,028"
29085,"9,219"
29087,"4,516"
29089,"10,159"
29091,"40,173"
29093,"10,267"
29095,"683,191"
29097,"117,543"
29099,"222,716"
29101,"54,362"
29103,"4,000"
29105,"35,439"
29107,"32,688"
29109,"38,023"
29111,"10,138"
29113,"54,249"
29115,"12,311"
29117,"15,053"
29119,"22,800"
29121,"15,479"
29123,"12,368"
29125,"9,013"
29127,"28,920"
29129,"3,719"
29131,"25,141"
29133,"14,232"
29135,"15,856"
29137,"8,707"
29139,"11,841"
29141,"20,240"
29143,"18,272"
29145,"58,598"
29147,"23,081"
29149,"10,911"
29151,"13,703"
29153,"9,492"
29155,"17,650"
29157,"19,202"
29159,"42,225"
29161,"44,847"
29163,"18,541"
29165,"94,788"
29167,"31,054"
29169,"53,436"
29171,"4,829"
29173,"10,255"
29175,"25,072"
29177,"22,949"
29179,"6,565"
29181,"13,969"
29183,"379,493"
29185,"9,457"
29186,"17,914"
29187,"65,960"
29189,"1,001,876"
29195,"23,347"
29197,"4,370"
29199,"4,863"
29201,"38,903"
29203,"8,329"
29205,"6,108"
29207,"29,867"
29209,"31,104"
29211,"6,411"
29213,"54,230"
29215,"25,642"
29217,"21,001"
29219,"33,253"
29221,"25,077"
29223,"13,452"
29225,"36,888"
29227,"2,073"
29229,"18,291"
29510,"317,419"
30000,"1,023,579"
30001,"9,345"
30003,"13,282"
30005,"6,619"
30007,"5,667"
30009,"10,399"
30011,"1,169"
30013,"82,344"
30015,"5,894"
30017,"12,092"
30019,"1,793"
30021,"9,518"
30023,"9,150"
30025,"3,108"
30027,"11,442"
30029,"94,924"
30031,"97,308"
30033,"1,309"
30035,"13,696"
30037,"852"
30039,"3,209"
30041,"16,596"
30043,"11,558"
30045,"1,991"
30047,"29,099"
30049,"65,856"
30051,"2,359"
30053,"19,125"
30055,"1,694"
30057,"7,820"
30059,"1,853"
30061,"4,257"
30063,"112,684"
30065,"4,589"
30067,"15,880"
30069,"485"
30071,"4,192"
30073,"6,219"
30075,"1,783"
30077,"6,909"
30079,"1,148"
30081,"41,030"
30083,"11,576"
30085,"11,332"
30087,"9,326"
30089,"11,364"
30091,"3,696"
30093,"34,680"
30095,"9,290"
30097,"3,665"
30099,"6,064"
30101,"5,150"
30103,"692"
30105,"7,640"
30107,"2,102"
30109,"1,121"
30111,"155,634"
31000,"1,881,503"
31001,"31,457"
31003,"6,398"
31005,"453"
31007,"764"
31009,"504"
31011,"5,353"
31013,"11,340"
31015,"2,033"
31017,"2,941"
31019,"48,224"
31021,"6,573"
31023,"8,249"
31025,"25,524"
31027,"8,610"
31029,"3,978"
31031,"5,762"
31033,"10,148"
31035,"6,315"
31037,"10,504"
31039,"9,027"
31041,"10,728"
31043,"20,850"
31045,"9,042"
31047,"24,096"
31049,"1,940"
31051,"5,782"
31053,"36,744"
31055,"543,244"
31057,"1,886"
31059,"5,661"
31061,"3,076"
31063,"2,705"
31065,"4,888"
31067,"21,663"
31069,"1,911"
31071,"2,003"
31073,"1,970"
31075,"619"
31077,"2,482"
31079,"61,492"
31081,"9,135"
31083,"3,492"
31085,"933"
31087,"2,901"
31089,"10,403"
31091,"728"
31093,"6,362"
31095,"7,335"
31097,"5,185"
31099,"6,644"
31101,"8,121"
31103,"810"
31105,"3,713"
31107,"8,482"
31109,"301,795"
31111,"35,815"
31113,"750"
31115,"588"
31117,"498"
31119,"35,174"
31121,"7,766"
31123,"4,862"
31125,"3,570"
31127,"7,175"
31129,"4,369"
31131,"15,797"
31133,"2,702"
31135,"2,891"
31137,"9,187"
31139,"7,202"
31141,"32,666"
31143,"5,271"
31145,"10,867"
31147,"8,128"
31149,"1,443"
31151,"14,252"
31153,"172,193"
31155,"20,919"
31157,"36,465"
31159,"17,150"
31161,"5,259"
31163,"3,074"
31165,"1,303"
31167,"6,069"
31169,"5,230"
31171,"687"
31173,"6,969"
31175,"4,204"
31177,"20,258"
31179,"9,431"
31181,"3,658"
31183,"766"
31185,"13,917"
32000,"2,839,099"
32001,"23,989"
32003,"2,069,681"
32005,"47,536"
32007,"52,766"
32009,"822"
32011,"2,018"
32013,"17,279"
32015,"6,009"
32017,"5,184"
32019,"51,789"
32021,"4,500"
32023,"42,282"
32027,"6,698"
32029,"3,912"
32031,"440,078"
32033,"10,034"
32510,"54,522"
33000,"1,326,813"
33001,"60,305"
33003,"47,399"
33005,"76,115"
33007,"31,653"
33009,"89,658"
33011,"405,184"
33013,"147,171"
33015,"300,621"
33017,"125,604"
33019,"43,103"
34000,"8,938,175"
34001,"275,209"
34003,"933,572"
34005,"449,722"
34007,"511,038"
34009,"95,344"
34011,"157,389"
34013,"795,723"
34015,"290,951"
34017,"669,115"
34019,"126,067"
34021,"371,537"
34023,"836,297"
34025,"629,279"
34027,"499,727"
34029,"586,301"
34031,"508,856"
34033,"64,715"
34035,"332,568"
34037,"144,909"
34039,"552,939"
34041,"106,917"
35000,"2,085,572"
35001,"675,551"
35003,"3,556"
35005,"65,878"
35006,"27,349"
35007,"12,680"
35009,"50,969"
35011,"1,825"
35013,"213,676"
35015,"56,395"
35017,"29,096"
35019,"4,468"
35021,"683"
35023,"4,560"
35025,"69,999"
35027,"19,706"
35028,"17,682"
35029,"24,673"
35031,"74,098"
35033,"4,592"
35035,"65,082"
35037,"8,501"
35039,"39,777"
35041,"19,536"
35043,"137,608"
35045,"123,785"
35047,"28,239"
35049,"148,164"
35051,"11,325"
35053,"17,310"
35055,"33,084"
35057,"15,611"
35059,"4,297"
35061,"75,817"
36000,"19,746,227"
36001,"308,171"
36003,"47,736"
36005,"1,438,159"
36007,"197,349"
36009,"78,600"
36011,"78,823"
36013,"132,053"
36015,"87,770"
36017,"49,426"
36019,"81,632"
36021,"62,122"
36023,"49,024"
36025,"46,581"
36027,"296,579"
36029,"922,835"
36031,"38,679"
36033,"51,262"
36035,"54,105"
36037,"59,162"
36039,"47,967"
36041,"4,715"
36043,"63,744"
36045,"119,103"
36047,"2,621,793"
36049,"27,220"
36051,"64,586"
36053,"72,369"
36055,"749,857"
36057,"49,779"
36059,"1,358,627"
36061,"1,636,268"
36063,"213,525"
36065,"232,871"
36067,"468,196"
36069,"109,707"
36071,"376,099"
36073,"41,984"
36075,"120,913"
36077,"61,128"
36079,"99,487"
36081,"2,321,580"
36083,"159,774"
36085,"473,279"
36087,"323,866"
36089,"111,400"
36091,"224,921"
36093,"155,735"
36095,"31,566"
36097,"18,479"
36099,"34,884"
36101,"98,394"
36103,"1,502,968"
36105,"75,943"
36107,"49,870"
36109,"104,691"
36111,"180,445"
36113,"64,973"
36115,"62,372"
36117,"92,051"
36119,"972,634"
36121,"41,188"
36123,"25,208"
37000,"9,943,964"
37001,"155,792"
37003,"37,392"
37005,"10,879"
37007,"25,765"
37009,"27,126"
37011,"17,773"
37013,"47,585"
37015,"20,106"
37017,"34,657"
37019,"118,836"
37021,"250,539"
37023,"89,486"
37025,"192,103"
37027,"81,484"
37029,"10,331"
37031,"68,811"
37033,"23,082"
37035,"154,534"
37037,"68,698"
37039,"27,141"
37041,"14,572"
37043,"10,581"
37045,"97,076"
37047,"56,953"
37049,"104,510"
37051,"326,328"
37053,"24,976"
37055,"35,104"
37057,"164,072"
37059,"41,434"
37061,"59,882"
37063,"294,460"
37065,"54,933"
37067,"365,298"
37069,"62,860"
37071,"211,127"
37073,"11,567"
37075,"8,644"
37077,"58,500"
37079,"21,093"
37081,"512,119"
37083,"52,970"
37085,"126,666"
37087,"59,471"
37089,"111,149"
37091,"24,308"
37093,"51,611"
37095,"5,676"
37097,"166,675"
37099,"40,981"
37101,"181,423"
37103,"10,076"
37105,"59,662"
37107,"58,485"
37109,"79,829"
37111,"44,965"
37113,"33,875"
37115,"21,157"
37117,"23,454"
37119,"1,012,539"
37121,"15,311"
37123,"27,395"
37125,"93,077"
37127,"94,357"
37129,"216,298"
37131,"20,463"
37133,"187,589"
37135,"140,420"
37137,"12,948"
37139,"39,787"
37141,"56,250"
37143,"13,466"
37145,"39,132"
37147,"175,354"
37149,"20,357"
37151,"142,778"
37153,"45,733"
37155,"134,760"
37157,"91,696"
37159,"138,630"
37161,"66,600"
37163,"64,050"
37165,"35,576"
37167,"60,600"
37169,"46,419"
37171,"72,968"
37173,"14,274"
37175,"33,045"
37177,"4,115"
37179,"218,568"
37181,"44,614"
37183,"998,691"
37185,"20,231"
37187,"12,570"
37189,"52,560"
37191,"124,456"
37193,"68,838"
37195,"81,401"
37197,"37,792"
37199,"17,614"
38000,"739,482"
38001,"2,384"
38003,"11,144"
38005,"6,833"
38007,"901"
38009,"6,650"
38011,"3,247"
38013,"2,245"
38015,"90,503"
38017,"167,005"
38019,"3,855"
38021,"5,150"
38023,"2,432"
38025,"4,399"
38027,"2,377"
38029,"3,422"
38031,"3,362"
38033,"1,825"
38035,"70,138"
38037,"2,361"
38039,"2,319"
38041,"2,660"
38043,"2,424"
38045,"4,149"
38047,"1,944"
38049,"5,988"
38051,"2,801"
38053,"10,996"
38055,"9,578"
38057,"8,746"
38059,"29,822"
38061,"9,782"
38063,"3,045"
38065,"1,850"
38067,"7,128"
38069,"4,404"
38071,"11,564"
38073,"5,446"
38075,"2,587"
38077,"16,432"
38079,"14,616"
38081,"3,931"
38083,"1,326"
38085,"4,422"
38087,"765"
38089,"30,372"
38091,"1,955"
38093,"21,129"
38095,"2,310"
38097,"8,082"
38099,"10,970"
38101,"69,384"
38103,"4,192"
38105,"32,130"
39000,"11,594,163"
39001,"28,129"
39003,"105,040"
39005,"53,035"
39007,"99,175"
39009,"64,713"
39011,"45,841"
39013,"69,461"
39015,"44,116"
39017,"374,158"
39019,"28,187"
39021,"39,128"
39023,"136,554"
39025,"201,560"
39027,"41,835"
39029,"105,686"
39031,"36,516"
39033,"42,480"
39035,"1,259,828"
39037,"52,196"
39039,"38,510"
39041,"189,113"
39043,"75,828"
39045,"150,381"
39047,"28,800"
39049,"1,231,393"
39051,"42,580"
39053,"30,397"
39055,"94,295"
39057,"163,820"
39059,"39,590"
39061,"806,631"
39063,"75,337"
39065,"31,796"
39067,"15,543"
39069,"27,937"
39071,"43,045"
39073,"28,725"
39075,"43,898"
39077,"58,714"
39079,"32,748"
39081,"67,694"
39083,"61,167"
39085,"229,230"
39087,"61,623"
39089,"169,390"
39091,"45,507"
39093,"304,216"
39095,"435,286"
39097,"43,918"
39099,"233,204"
39101,"65,720"
39103,"176,029"
39105,"23,331"
39107,"40,831"
39109,"103,900"
39111,"14,465"
39113,"533,116"
39115,"14,843"
39117,"35,152"
39119,"85,818"
39121,"14,363"
39123,"41,154"
39125,"18,989"
39127,"35,812"
39129,"56,876"
39131,"28,256"
39133,"161,882"
39135,"41,586"
39137,"34,171"
39139,"121,942"
39141,"77,159"
39143,"60,179"
39145,"77,258"
39147,"55,669"
39149,"48,951"
39151,"375,736"
39153,"541,943"
39155,"205,175"
39157,"92,788"
39159,"53,776"
39161,"28,462"
39163,"13,234"
39165,"221,659"
39167,"61,213"
39169,"115,537"
39171,"37,291"
39173,"129,590"
39175,"22,353"
40000,"3,878,051"
40001,"22,186"
40003,"5,790"
40005,"13,796"
40007,"5,486"
40009,"23,691"
40011,"9,917"
40013,"44,486"
40015,"29,317"
40017,"129,582"
40019,"48,821"
40021,"48,341"
40023,"15,161"
40025,"2,294"
40027,"269,908"
40029,"5,807"
40031,"125,033"
40033,"6,150"
40035,"14,582"
40037,"70,632"
40039,"29,500"
40041,"41,446"
40043,"4,914"
40045,"4,150"
40047,"63,091"
40049,"27,561"
40051,"53,854"
40053,"4,501"
40055,"6,151"
40057,"2,798"
40059,"3,812"
40061,"12,896"
40063,"13,806"
40065,"25,998"
40067,"6,292"
40069,"11,103"
40071,"45,478"
40073,"15,532"
40075,"9,336"
40077,"10,693"
40079,"49,761"
40081,"34,619"
40083,"45,276"
40085,"9,773"
40087,"37,313"
40089,"33,050"
40091,"20,088"
40093,"7,750"
40095,"16,182"
40097,"40,816"
40099,"13,803"
40101,"69,966"
40103,"11,494"
40105,"10,524"
40107,"12,186"
40109,"766,215"
40111,"39,095"
40113,"47,981"
40115,"32,105"
40117,"16,401"
40119,"80,264"
40121,"44,626"
40123,"38,005"
40125,"71,811"
40127,"11,125"
40129,"3,761"
40131,"89,815"
40133,"25,421"
40135,"41,358"
40137,"44,493"
40139,"21,853"
40141,"7,628"
40143,"629,598"
40145,"75,702"
40147,"51,937"
40149,"11,547"
40151,"9,288"
40153,"21,529"
41000,"3,970,239"
41001,"16,059"
41003,"86,316"
41005,"394,972"
41007,"37,474"
41009,"49,459"
41011,"62,475"
41013,"20,998"
41015,"22,335"
41017,"170,388"
41019,"106,972"
41021,"1,932"
41023,"7,180"
41025,"7,126"
41027,"22,885"
41029,"210,287"
41031,"22,192"
41033,"83,599"
41035,"65,455"
41037,"7,838"
41039,"358,337"
41041,"46,406"
41043,"119,356"
41045,"30,359"
41047,"326,110"
41049,"11,187"
41051,"776,712"
41053,"77,916"
41055,"1,710"
41057,"25,342"
41059,"76,705"
41061,"25,691"
41063,"6,820"
41065,"25,515"
41067,"562,998"
41069,"1,375"
41071,"101,758"
42000,"12,787,209"
42001,"101,714"
42003,"1,231,255"
42005,"67,785"
42007,"169,392"
42009,"48,946"
42011,"413,691"
42013,"125,955"
42015,"61,784"
42017,"626,685"
42019,"185,943"
42021,"137,732"
42023,"4,805"
42025,"64,441"
42027,"158,742"
42029,"512,784"
42031,"38,821"
42033,"81,191"
42035,"39,745"
42037,"67,122"
42039,"87,175"
42041,"243,762"
42043,"271,453"
42045,"562,960"
42047,"31,194"
42049,"278,443"
42051,"134,086"
42053,"7,518"
42055,"152,892"
42057,"14,632"
42059,"37,843"
42061,"45,750"
42063,"87,706"
42065,"44,638"
42067,"24,796"
42069,"212,719"
42071,"533,320"
42073,"88,771"
42075,"136,359"
42077,"357,823"
42079,"318,829"
42081,"116,508"
42083,"42,554"
42085,"114,884"
42087,"46,552"
42089,"166,314"
42091,"816,857"
42093,"18,641"
42095,"300,654"
42097,"93,944"
42099,"45,634"
42101,"1,560,297"
42103,"56,191"
42105,"17,206"
42107,"145,797"
42109,"40,323"
42111,"76,218"
42113,"6,339"
42115,"41,920"
42117,"42,274"
42119,"44,874"
42121,"53,529"
42123,"40,703"
42125,"208,187"
42127,"51,401"
42129,"359,320"
42131,"28,131"
42133,"440,755"
44000,"1,055,173"
44001,"49,060"
44003,"165,128"
44005,"82,358"
44007,"631,974"
44009,"126,653"
45000,"4,832,482"
45001,"24,965"
45003,"164,753"
45005,"9,695"
45007,"192,810"
45009,"15,182"
45011,"21,959"
45013,"175,852"
45015,"198,205"
45017,"14,878"
45019,"381,015"
45021,"56,024"
45023,"32,337"
45025,"46,125"
45027,"34,113"
45029,"37,771"
45031,"67,799"
45033,"31,127"
45035,"148,469"
45037,"26,553"
45039,"22,976"
45041,"139,231"
45043,"60,773"
45045,"482,752"
45047,"69,520"
45049,"20,405"
45051,"298,832"
45053,"27,170"
45055,"63,161"
45057,"83,160"
45059,"66,533"
45061,"18,343"
45063,"277,888"
45065,"9,846"
45067,"31,933"
45069,"27,924"
45071,"37,783"
45073,"75,192"
45075,"90,090"
45077,"120,368"
45079,"401,566"
45081,"20,026"
45083,"293,542"
45085,"107,919"
45087,"27,876"
45089,"32,695"
45091,"245,346"
46000,"853,175"
46003,"2,745"
46005,"18,169"
46007,"3,430"
46009,"7,023"
46011,"33,314"
46013,"38,408"
46015,"5,309"
46017,"2,077"
46019,"10,298"
46021,"1,386"
46023,"9,287"
46025,"3,645"
46027,"13,932"
46029,"27,938"
46031,"4,182"
46033,"8,445"
46035,"19,885"
46037,"5,588"
46039,"4,312"
46041,"5,662"
46043,"2,973"
46045,"3,983"
46047,"6,845"
46049,"2,357"
46051,"7,241"
46053,"4,217"
46055,"1,847"
46057,"5,989"
46059,"3,345"
46061,"3,419"
46063,"1,250"
46065,"17,642"
46067,"7,200"
46069,"1,396"
46071,"3,274"
46073,"2,007"
46075,"975"
46077,"5,075"
46079,"12,368"
46081,"24,657"
46083,"51,548"
46085,"3,877"
46087,"5,649"
46089,"2,429"
46091,"4,683"
46093,"26,951"
46095,"2,100"
46097,"2,316"
46099,"182,882"
46101,"6,367"
46103,"108,242"
46105,"3,033"
46107,"2,340"
46109,"10,374"
46111,"2,336"
46113,"14,218"
46115,"6,598"
46117,"2,983"
46119,"1,438"
46121,"9,882"
46123,"5,512"
46125,"8,272"
46127,"15,029"
46129,"5,511"
46135,"22,684"
46137,"2,826"
47000,"6,549,352"
47001,"75,528"
47003,"46,627"
47005,"16,145"
47007,"13,931"
47009,"126,339"
47011,"102,975"
47013,"39,918"
47015,"13,757"
47017,"28,370"
47019,"56,886"
47021,"39,764"
47023,"17,379"
47025,"31,592"
47027,"7,765"
47029,"35,374"
47031,"53,623"
47033,"14,668"
47035,"57,985"
47037,"668,347"
47039,"11,666"
47041,"19,268"
47043,"50,575"
47045,"37,935"
47047,"39,011"
47049,"17,855"
47051,"41,402"
47053,"49,472"
47055,"28,853"
47057,"22,864"
47059,"68,335"
47061,"13,425"
47063,"63,036"
47065,"351,220"
47067,"6,657"
47069,"25,965"
47071,"25,870"
47073,"56,735"
47075,"18,185"
47077,"28,009"
47079,"32,204"
47081,"24,384"
47083,"8,267"
47085,"18,135"
47087,"11,568"
47089,"52,677"
47091,"17,859"
47093,"448,644"
47095,"7,631"
47097,"27,382"
47099,"42,274"
47101,"11,906"
47103,"33,637"
47105,"50,771"
47107,"52,626"
47109,"26,267"
47111,"23,003"
47113,"98,178"
47115,"28,407"
47117,"31,269"
47119,"85,515"
47121,"11,701"
47123,"45,233"
47125,"189,961"
47127,"6,319"
47129,"21,660"
47131,"30,941"
47133,"22,028"
47135,"7,822"
47137,"5,124"
47139,"16,730"
47141,"74,165"
47143,"32,641"
47145,"52,748"
47147,"68,079"
47149,"288,906"
47151,"21,987"
47153,"14,704"
47155,"95,110"
47157,"938,803"
47159,"19,009"
47161,"13,279"
47163,"157,047"
47165,"172,706"
47167,"61,623"
47169,"8,002"
47171,"17,963"
47173,"19,113"
47175,"5,633"
47177,"39,969"
47179,"126,242"
47181,"16,913"
47183,"34,373"
47185,"26,301"
47187,"205,226"
47189,"125,376"
48000,"26,956,958"
48001,"57,627"
48003,"17,477"
48005,"87,750"
48007,"24,972"
48009,"8,811"
48011,"1,955"
48013,"47,774"
48015,"29,114"
48017,"6,910"
48019,"20,892"
48021,"78,069"
48023,"3,592"
48025,"32,863"
48027,"329,140"
48029,"1,855,866"
48031,"10,812"
48033,"652"
48035,"17,780"
48037,"93,275"
48039,"338,124"
48041,"209,152"
48043,"9,173"
48045,"1,536"
48047,"7,194"
48049,"37,653"
48051,"17,253"
48053,"44,943"
48055,"39,810"
48057,"21,797"
48059,"13,513"
48061,"420,392"
48063,"12,621"
48065,"6,013"
48067,"30,261"
48069,"7,781"
48071,"38,145"
48073,"50,902"
48075,"7,089"
48077,"10,370"
48079,"2,935"
48081,"3,254"
48083,"8,430"
48085,"885,241"
48087,"3,017"
48089,"20,719"
48091,"123,694"
48093,"13,550"
48095,"4,050"
48097,"38,761"
48099,"75,562"
48101,"1,415"
48103,"4,950"
48105,"3,812"
48107,"5,899"
48109,"2,266"
48111,"7,135"
48113,"2,518,638"
48115,"13,372"
48117,"19,195"
48119,"5,238"
48121,"753,363"
48123,"20,684"
48125,"2,218"
48127,"11,089"
48129,"3,543"
48131,"11,533"
48133,"18,176"
48135,"153,904"
48137,"1,879"
48139,"159,317"
48141,"833,487"
48143,"40,147"
48145,"16,989"
48147,"33,752"
48149,"24,833"
48151,"3,831"
48153,"5,949"
48155,"1,275"
48157,"685,345"
48159,"10,600"
48161,"19,762"
48163,"18,531"
48165,"19,425"
48167,"314,198"
48169,"6,435"
48171,"25,520"
48173,"1,291"
48175,"7,549"
48177,"20,462"
48179,"23,044"
48181,"123,534"
48183,"123,204"
48185,"27,172"
48187,"147,250"
48189,"34,720"
48191,"3,147"
48193,"8,199"
48195,"5,509"
48197,"3,928"
48199,"55,621"
48201,"4,441,370"
48203,"67,336"
48205,"6,089"
48207,"5,769"
48209,"185,025"
48211,"4,180"
48213,"79,290"
48215,"831,073"
48217,"34,848"
48219,"23,577"
48221,"53,921"
48223,"35,921"
48225,"22,741"
48227,"36,651"
48229,"3,211"
48231,"88,493"
48233,"21,773"
48235,"1,574"
48237,"8,855"
48239,"14,739"
48241,"35,552"
48243,"2,204"
48245,"252,235"
48247,"5,255"
48249,"41,353"
48251,"157,456"
48253,"19,936"
48255,"14,906"
48257,"111,236"
48259,"38,880"
48261,"400"
48263,"785"
48265,"50,562"
48267,"4,438"
48269,"262"
48271,"3,526"
48273,"32,190"
48275,"3,858"
48277,"49,523"
48279,"13,574"
48281,"20,156"
48283,"7,474"
48285,"19,721"
48287,"16,742"
48289,"16,861"
48291,"78,117"
48293,"23,524"
48295,"3,553"
48297,"12,091"
48299,"19,510"
48301,"86"
48303,"293,974"
48305,"5,771"
48307,"8,199"
48309,"243,441"
48311,"805"
48313,"13,861"
48315,"10,149"
48317,"5,460"
48319,"4,071"
48321,"36,519"
48323,"57,023"
48325,"47,894"
48327,"2,147"
48329,"155,830"
48331,"24,256"
48333,"4,870"
48335,"9,076"
48337,"19,416"
48339,"518,947"
48341,"22,148"
48343,"12,743"
48345,"1,153"
48347,"65,301"
48349,"48,195"
48351,"14,138"
48353,"15,093"
48355,"356,221"
48357,"10,758"
48359,"2,070"
48361,"83,433"
48363,"28,096"
48365,"23,769"
48367,"123,164"
48369,"9,908"
48371,"15,893"
48373,"46,079"
48375,"121,627"
48377,"6,976"
48379,"11,032"
48381,"128,220"
48383,"3,755"
48385,"3,371"
48387,"12,446"
48389,"14,349"
48391,"7,302"
48393,"928"
48395,"16,500"
48397,"87,809"
48399,"10,416"
48401,"53,923"
48403,"10,350"
48405,"8,610"
48407,"27,099"
48409,"66,915"
48411,"5,622"
48413,"3,162"
48415,"17,328"
48417,"3,343"
48419,"25,515"
48421,"3,084"
48423,"218,842"
48425,"8,694"
48427,"62,955"
48429,"9,405"
48431,"1,339"
48433,"1,403"
48435,"3,972"
48437,"7,581"
48439,"1,945,360"
48441,"135,143"
48443,"927"
48445,"12,739"
48447,"1,608"
48449,"32,506"
48451,"116,608"
48453,"1,151,145"
48455,"14,224"
48457,"21,418"
48459,"40,354"
48461,"3,454"
48463,"27,117"
48465,"48,974"
48467,"52,910"
48469,"91,081"
48471,"69,789"
48473,"46,820"
48475,"11,625"
48477,"34,438"
48479,"266,673"
48481,"41,168"
48483,"5,714"
48485,"132,355"
48487,"12,973"
48489,"21,903"
48491,"489,250"
48493,"46,402"
48495,"7,821"
48497,"61,638"
48499,"42,852"
48501,"8,286"
48503,"18,350"
48505,"14,319"
48507,"12,267"
49000,"2,942,902"
49001,"6,461"
49003,"51,518"
49005,"118,343"
49007,"20,660"
49009,"1,117"
49011,"329,692"
49013,"20,380"
49015,"10,631"
49017,"5,024"
49019,"9,429"
49021,"47,269"
49023,"10,486"
49025,"7,254"
49027,"12,606"
49029,"10,608"
49031,"1,484"
49033,"2,293"
49035,"1,091,742"
49037,"15,251"
49039,"28,477"
49041,"20,773"
49043,"39,105"
49045,"61,598"
49047,"36,867"
49049,"560,974"
49051,"27,714"
49053,"151,948"
49055,"2,723"
49057,"240,475"
50000,"626,562"
50001,"37,009"
50003,"36,445"
50005,"30,981"
50007,"160,531"
50009,"6,125"
50011,"48,642"
50013,"6,994"
50015,"25,082"
50017,"28,859"
50019,"27,082"
50021,"60,086"
50023,"58,998"
50025,"43,714"
50027,"56,014"
51000,"8,326,289"
51001,"33,021"
51003,"104,489"
51005,"15,820"
51007,"12,855"
51009,"32,041"
51011,"15,279"
51013,"226,908"
51015,"73,862"
51017,"4,563"
51019,"76,583"
51021,"6,625"
51023,"33,100"
51025,"16,498"
51027,"23,106"
51029,"16,913"
51031,"54,885"
51033,"29,778"
51035,"29,621"
51036,"7,023"
51037,"12,225"
51041,"332,499"
51043,"14,423"
51045,"5,234"
51047,"49,166"
51049,"9,827"
51051,"15,308"
51053,"27,859"
51057,"11,103"
51059,"1,137,538"
51061,"68,248"
51063,"15,578"
51065,"26,092"
51067,"56,358"
51069,"82,377"
51071,"16,815"
51073,"37,141"
51075,"21,936"
51077,"15,093"
51079,"19,031"
51081,"11,681"
51083,"35,200"
51085,"101,918"
51087,"321,924"
51089,"52,081"
51091,"2,248"
51093,"36,007"
51095,"72,583"
51097,"7,175"
51099,"25,371"
51101,"16,186"
51103,"11,044"
51105,"24,951"
51107,"363,050"
51109,"34,348"
51111,"12,466"
51113,"13,157"
51115,"8,836"
51117,"31,192"
51119,"10,696"
51121,"97,244"
51125,"14,850"
51127,"20,021"
51131,"12,121"
51133,"12,251"
51135,"15,579"
51137,"35,026"
51139,"23,848"
51141,"18,264"
51143,"62,383"
51145,"28,449"
51147,"23,074"
51149,"37,333"
51153,"446,094"
51155,"34,322"
51157,"7,361"
51159,"8,902"
51161,"93,785"
51163,"22,327"
51165,"78,171"
51167,"28,023"
51169,"22,384"
51171,"43,021"
51173,"31,555"
51175,"18,059"
51177,"129,188"
51179,"139,992"
51181,"6,790"
51183,"11,767"
51185,"43,452"
51187,"38,987"
51191,"54,729"
51193,"17,477"
51195,"39,935"
51197,"29,121"
51199,"66,342"
51510,"150,575"
51520,"17,184"
51530,"6,603"
51540,"45,593"
51550,"233,371"
51570,"17,731"
51580,"5,802"
51590,"42,444"
51595,"5,462"
51600,"24,483"
51610,"13,601"
51620,"8,526"
51630,"28,350"
51640,"7,014"
51650,"136,879"
51660,"52,478"
51670,"22,196"
51678,"7,311"
51680,"79,047"
51683,"42,081"
51685,"15,174"
51690,"13,711"
51700,"182,965"
51710,"245,428"
51720,"4,031"
51730,"32,701"
51735,"12,048"
51740,"96,004"
51750,"17,646"
51760,"217,853"
51770,"99,428"
51775,"25,483"
51790,"24,538"
51800,"86,806"
51810,"450,980"
51820,"21,366"
51830,"14,691"
51840,"27,543"
53000,"7,061,530"
53001,"19,179"
53003,"22,189"
53005,"186,486"
53007,"74,588"
53009,"72,715"
53011,"451,008"
53013,"3,985"
53015,"102,133"
53017,"39,804"
53019,"7,667"
53021,"87,809"
53023,"2,215"
53025,"93,147"
53027,"70,818"
53029,"79,275"
53031,"30,228"
53033,"2,079,967"
53035,"254,183"
53037,"42,522"
53039,"20,861"
53041,"75,128"
53043,"10,250"
53045,"60,711"
53047,"41,290"
53049,"20,561"
53051,"12,985"
53053,"831,928"
53055,"16,015"
53057,"120,365"
53059,"11,340"
53061,"759,583"
53063,"484,318"
53065,"43,650"
53067,"265,851"
53069,"4,067"
53071,"59,844"
53073,"208,351"
53075,"46,827"
53077,"247,687"
54000,"1,850,326"
54001,"16,766"
54003,"110,497"
54005,"23,714"
54007,"14,463"
54009,"23,530"
54011,"97,109"
54013,"7,513"
54015,"8,941"
54017,"8,391"
54019,"45,132"
54021,"8,618"
54023,"11,687"
54025,"35,450"
54027,"23,483"
54029,"30,112"
54031,"13,923"
54033,"68,761"
54035,"29,126"
54037,"55,713"
54039,"190,223"
54041,"16,414"
54043,"21,561"
54045,"35,348"
54047,"20,448"
54049,"56,803"
54051,"32,416"
54053,"27,016"
54055,"61,785"
54057,"27,578"
54059,"25,716"
54061,"103,463"
54063,"13,582"
54065,"17,453"
54067,"25,827"
54069,"43,328"
54071,"7,371"
54073,"7,634"
54075,"8,662"
54077,"33,788"
54079,"56,770"
54081,"78,241"
54083,"29,429"
54085,"10,011"
54087,"14,664"
54089,"13,417"
54091,"17,069"
54093,"6,927"
54095,"9,098"
54097,"24,731"
54099,"41,122"
54101,"8,834"
54103,"15,988"
54105,"5,845"
54107,"86,237"
54109,"22,598"
55000,"5,757,564"
55001,"20,215"
55003,"16,103"
55005,"45,455"
55007,"14,985"
55009,"256,670"
55011,"13,188"
55013,"15,328"
55015,"49,491"
55017,"63,460"
55019,"34,423"
55021,"56,615"
55023,"16,392"
55025,"516,284"
55027,"88,574"
55029,"27,766"
55031,"43,698"
55033,"44,305"
55035,"101,564"
55037,"4,481"
55039,"101,759"
55041,"9,127"
55043,"51,829"
55045,"37,063"
55047,"18,836"
55049,"23,825"
55051,"5,917"
55053,"20,652"
55055,"84,395"
55057,"26,395"
55059,"168,068"
55061,"20,444"
55063,"118,011"
55065,"16,853"
55067,"19,410"
55069,"28,493"
55071,"80,160"
55073,"135,780"
55075,"41,298"
55077,"15,050"
55078,"4,522"
55079,"956,406"
55081,"45,379"
55083,"37,417"
55085,"35,563"
55087,"182,006"
55089,"87,470"
55091,"7,335"
55093,"40,958"
55095,"43,437"
55097,"70,482"
55099,"13,675"
55101,"195,163"
55103,"17,662"
55105,"161,188"
55107,"14,333"
55109,"86,759"
55111,"63,379"
55113,"16,437"
55115,"41,579"
55117,"115,290"
55119,"20,540"
55121,"29,509"
55123,"30,362"
55125,"21,398"
55127,"103,527"
55129,"15,694"
55131,"133,251"
55133,"395,118"
55135,"52,066"
55137,"24,178"
55139,"169,511"
55141,"73,608"
56000,"584,153"
56001,"37,811"
56003,"11,930"
56005,"48,320"
56007,"15,854"
56009,"14,097"
56011,"7,248"
56013,"40,703"
56015,"13,514"
56017,"4,816"
56019,"8,573"
56021,"96,389"
56023,"18,567"
56025,"81,624"
56027,"2,463"
56029,"28,989"
56031,"8,799"
56033,"30,032"
56035,"10,057"
56037,"45,010"
56039,"22,930"
56041,"20,904"
56043,"8,322"
56045,"7,201"
72000,"3,548,397"
72001,"18,900"
72003,"40,329"
72005,"57,290"
72007,"27,473"
72009,"24,561"
72011,"28,403"
72013,"91,540"
72015,"18,853"
72017,"24,958"
72019,"29,697"
72021,"194,210"
72023,"50,349"
72025,"137,032"
72027,"33,664"
72029,"47,457"
72031,"165,820"
72033,"26,274"
72035,"46,293"
72037,"12,607"
72039,"17,728"
72041,"42,118"
72043,"40,331"
72045,"20,253"
72047,"35,693"
72049,"1,818"
72051,"38,264"
72053,"34,049"
72054,"12,411"
72055,"17,852"
72057,"43,467"
72059,"20,148"
72061,"92,799"
72063,"47,145"
72065,"41,618"
72067,"16,746"
72069,"55,884"
72071,"44,149"
72073,"15,693"
72075,"48,853"
72077,"40,102"
72079,"24,465"
72081,"28,208"
72083,"9,158"
72085,"38,671"
72087,"28,065"
72089,"19,338"
72091,"41,675"
72093,"6,022"
72095,"11,565"
72097,"81,915"
72099,"38,461"
72101,"32,194"
72103,"26,886"
72105,"29,602"
72107,"22,392"
72109,"18,261"
72111,"22,365"
72113,"153,540"
72115,"25,042"
72117,"14,782"
72119,"52,668"
72121,"24,121"
72123,"29,881"
72125,"33,725"
72127,"365,575"
72129,"39,524"
72131,"39,969"
72133,"22,860"
72135,"74,837"
72137,"84,165"
72139,"71,019"
72141,"31,050"
72143,"39,236"
72145,"56,166"
72147,"9,113"
72149,"24,389"
72151,"35,879"
72153,"38,782"
NA,""
NA,""
NA,""
NA,""
NA,""
NA,""
NA,""
NA,""
NA,""
NA,""
NA,""
NA,""
NA,""
NA,""
NA,""
NA,""
NA,""
NA,""
NA,""
NA,""
NA,""
NA,""
NA,""
NA,""
NA,""
NA,""
NA,""
NA,""
NA,""
NA,""
NA,""
NA,""
NA,""
NA,""
NA,""
NA,""
NA,""
NA,""
NA,""
NA,""
NA,""
NA,""
NA,""
NA,""
NA,""
NA,""
NA,""
NA,""
NA,""
NA,""
NA,""
NA,""
NA,""
NA,""
NA,""
NA,""
NA,""
NA,""
NA,""
NA,""
NA,""
NA,""
NA,""
NA,""
NA,""
NA,""
NA,""
NA,""
NA,""
NA,""
NA,""
NA,""
NA,""
NA,""
NA,""
NA,""
NA,""
NA,""
NA,""
NA,""
NA,""
NA,""
NA,""
NA,""
NA,""
NA,""
NA,""
NA,""
NA,""
NA,""
NA,""
NA,""
NA,""
NA,""
NA,""
NA,""
NA,""
NA,""
NA,""
NA,""
NA,""
NA,""
NA,""
NA,""
NA,""
NA,""
NA,""
NA,""
NA,""
NA,""
NA,""
NA,""
NA,""
NA,""
NA,""
NA,""
NA,""
NA,""
NA,""
NA,""
NA,""
NA,""
NA,""
NA,""
NA,""
NA,""
NA,""
NA,""
NA,""
NA,""
NA,""
NA,""
NA,""
NA,""
NA,""
NA,""
NA,""
NA,""
NA,""
NA,""
NA,""
NA,""
NA,""
NA,""
NA,""
NA,""
NA,""
NA,""
NA,""
NA,""
NA,""
NA,""
NA,""
NA,""
NA,""
NA,""
NA,""
NA,""
NA,""
NA,""
NA,""
NA,""
NA,""
NA,""
NA,""
NA,""
NA,""
NA,""
NA,""
NA,""
NA,""
NA,""
NA,""
NA,""
NA,""
NA,""
NA,""
NA,""
NA,""
NA,""
NA,""
NA,""
NA,""
NA,""
NA,""
NA,""
NA,""
NA,""
NA,""
NA,""
NA,""
NA,""
NA,""
NA,""
NA,""
NA,""
NA,""
NA,""
NA,""
NA,""
NA,""
NA,""
NA,""
NA,""
NA,""
NA,""
NA,""
NA,""
NA,""
NA,""
NA,""
NA,""
NA,""
NA,""
NA,""
NA,""
NA,""
NA,""
NA,""
NA,""
NA,""
NA,""
NA,""
NA,""
NA,""
NA,""
NA,""
NA,""
NA,""
NA,""
NA,""
NA,""
NA,""
NA,""
NA,""
NA,""
NA,""
NA,""
NA,""
NA,""
NA,""
NA,""
NA,""
NA,""
NA,""
NA,""
NA,""
NA,""
NA,""
NA,""
NA,""
NA,""
NA,""
NA,""
NA,""
NA,""
NA,""
NA,""
NA,""
NA,""
NA,""
NA,""
NA,""
NA,""
