"state_county_fips","PCTPOVALL_2014"
0,15.5
1000,19.2
1001,13.1
1003,13
1005,25.4
1007,18.1
1009,17.5
1011,35.1
1013,25
1015,20.5
1017,21.3
1019,18.6
1021,18.1
1023,25
1025,24.9
1027,19.5
1029,17
1031,16.8
1033,16.7
1035,30.6
1037,18.8
1039,20.8
1041,21.2
1043,17.2
1045,22.4
1047,35.2
1049,24
1051,14.4
1053,25.1
1055,19
1057,20.6
1059,23.1
1061,23.9
1063,33.2
1065,28.1
1067,17.3
1069,20.1
1071,22
1073,19.5
1075,20.6
1077,18.7
1079,16.6
1081,25.2
1083,13.6
1085,31.4
1087,32.1
1089,14.2
1091,25.6
1093,20.2
1095,22
1097,19.6
1099,25.3
1101,22.5
1103,15
1105,46.9
1107,25
1109,26.4
1111,20.4
1113,20.9
1115,14.3
1117,9.6
1119,38.1
1121,22.5
1123,21.3
1125,18
1127,23.5
1129,18.5
1131,33.7
1133,20.1
2000,11.4
2013,16.2
2016,9.9
2020,10
2050,23.8
2060,9.5
2068,7.1
2070,17.5
2090,9.5
2100,9.8
2105,19.1
2110,7.9
2122,11.5
2130,12.4
2150,8.3
2164,17.7
2170,10.7
2180,26.1
2185,11.5
2188,23.2
2195,8.8
2198,17.4
2220,8.6
2230,3.6
2240,13.8
2261,9.9
2270,35.7
2275,11.9
2282,14.8
2290,25.7
4000,18.2
4001,33.1
4003,18.7
4005,21.3
4007,24.4
4009,20
4011,10.3
4012,22.8
4013,17.1
4015,20.8
4017,28.5
4019,18.7
4021,17.6
4023,23.6
4025,15.6
4027,22.6
5000,18.7
5001,20.4
5003,22.7
5005,14.9
5007,11.9
5009,16.9
5011,27.4
5013,18
5015,17.9
5017,32.1
5019,21.5
5021,19.9
5023,15.2
5025,16.6
5027,24.1
5029,18.3
5031,22.3
5033,16.6
5035,27.3
5037,22.3
5039,21
5041,27.3
5043,24
5045,14.7
5047,17.5
5049,22.6
5051,18.7
5053,13.3
5055,16.3
5057,24.4
5059,18.7
5061,18.8
5063,18.6
5065,22
5067,25.1
5069,26.8
5071,19.7
5073,27.5
5075,23
5077,39.3
5079,29
5081,18.2
5083,21.1
5085,12.3
5087,18
5089,20.3
5091,20.8
5093,27.1
5095,28.1
5097,20.1
5099,25.1
5101,20.1
5103,23
5105,17.3
5107,35.3
5109,20
5111,21.9
5113,22
5115,18.3
5117,18.7
5119,16.1
5121,18.3
5123,33.4
5125,8.7
5127,23.7
5129,23.3
5131,22.1
5133,20.4
5135,21.6
5137,24.4
5139,23.1
5141,22
5143,19.3
5145,19.4
5147,25.1
5149,17.4
6000,16.4
6001,12.5
6003,19
6005,12.9
6007,21.9
6009,13.7
6011,14.3
6013,10.5
6015,22.4
6017,11.4
6019,27.5
6021,17.1
6023,21
6025,23.6
6027,14
6029,24.5
6031,24.9
6033,24.3
6035,19.4
6037,18.7
6039,22.3
6041,8.8
6043,16.2
6045,18.8
6047,24.8
6049,20.2
6051,11.3
6053,17
6055,9
6057,11.4
6059,12.9
6061,8.3
6063,14
6065,17.1
6067,18.1
6069,14.1
6071,20.4
6073,14.7
6075,12.1
6077,20.7
6079,14.5
6081,7.5
6083,17.4
6085,8.5
6087,16.1
6089,14.7
6091,13.8
6093,21.1
6095,12.3
6097,11.3
6099,18.1
6101,15.2
6103,18.2
6105,19.9
6107,28.1
6109,14.3
6111,11.5
6113,19.5
6115,21.6
8000,12.1
8001,12.9
8003,22.5
8005,11.2
8007,14.7
8009,20
8011,32.3
8013,13.3
8014,4
8015,12.4
8017,13.4
8019,8.5
8021,22.9
8023,28.5
8025,40.5
8027,14.9
8029,15.6
8031,15.9
8033,15.4
8035,3.7
8037,7.8
8039,5.9
8041,12.2
8043,19.1
8045,10.2
8047,7.9
8049,10.4
8051,14.9
8053,10.1
8055,22
8057,16.6
8059,8.3
8061,13.5
8063,14.9
8065,16
8067,10.7
8069,12.8
8071,17.4
8073,18.3
8075,17.7
8077,15.4
8079,8.9
8081,11.2
8083,16.3
8085,15.5
8087,13.4
8089,26
8091,9.6
8093,9.4
8095,11.5
8097,7
8099,20.9
8101,19
8103,10.9
8105,18.3
8107,8.4
8109,29.9
8111,15.5
8113,9.9
8115,13.9
8117,9.7
8119,9.5
8121,11.4
8123,10.5
8125,14
9000,10.8
9001,9
9003,12.2
9005,7.7
9007,7.9
9009,13
9011,11.1
9013,7.5
9015,10.3
10000,13
10001,14.1
10003,12.3
10005,13.9
11000,18.4
11001,18.4
12000,16.6
12001,21.6
12003,19.6
12005,15.6
12007,22.6
12009,14.5
12011,14.5
12013,22.3
12015,11.9
12017,20.1
12019,10.9
12021,14.3
12023,21.7
12027,29.7
12029,27.1
12031,18.2
12033,15.3
12035,11.6
12037,25.3
12039,25.6
12041,19.8
12043,21.1
12045,23.1
12047,31.7
12049,29.9
12051,25.3
12053,15.3
12055,19.5
12057,16.8
12059,26.7
12061,14.7
12063,24.3
12065,18
12067,25.6
12069,13.8
12071,16
12073,23.3
12075,21.2
12077,24.7
12079,27.7
12081,14.1
12083,17.8
12085,12.1
12086,20.4
12087,14
12089,11.7
12091,12.4
12093,25.9
12095,18.2
12097,19.3
12099,14.9
12101,14.7
12103,15.2
12105,18.1
12107,28.5
12109,8.2
12111,17.3
12113,11.2
12115,10.8
12117,11.8
12119,10.9
12121,23.7
12123,23.4
12125,24.3
12127,17.7
12129,15.1
12131,15.8
12133,20
13000,18.4
13001,24.9
13003,26.5
13005,25.9
13007,27.3
13009,29.5
13011,16.9
13013,13
13015,14.3
13017,28.5
13019,26.7
13021,28.2
13023,23.2
13025,21.7
13027,28.8
13029,11.9
13031,31.4
13033,31.1
13035,21.3
13037,38.5
13039,12
13043,29.1
13045,22.9
13047,12.6
13049,29.5
13051,17.9
13053,18.8
13055,21.1
13057,9.3
13059,37.8
13061,37.3
13063,22.9
13065,28.5
13067,13
13069,28.1
13071,26.5
13073,9.5
13075,26.1
13077,12.5
13079,19.9
13081,32.5
13083,16.4
13085,11.8
13087,27.7
13089,20.4
13091,25.9
13093,30.4
13095,31.7
13097,14.2
13099,29.9
13101,27.1
13103,11
13105,21.4
13107,32.7
13109,26.6
13111,19.6
13113,6.9
13115,21.1
13117,6.3
13119,24.4
13121,17.4
13123,19.7
13125,19.4
13127,19.3
13129,17.8
13131,26.2
13133,24.4
13135,13.4
13137,15.3
13139,16.8
13141,35.3
13143,18.8
13145,9.5
13147,21.4
13149,19
13151,13.7
13153,17.2
13155,25.3
13157,13.5
13159,18.2
13161,24.8
13163,26.4
13165,34.6
13167,30.4
13169,14.5
13171,21.3
13173,23.9
13175,25.4
13177,11.8
13179,17.2
13181,17.9
13183,21.9
13185,24.5
13187,18.6
13189,27.6
13191,23.3
13193,34.1
13195,19.7
13197,25.9
13199,23.6
13201,25.1
13205,32.6
13207,14.8
13209,22.4
13211,15
13213,18.7
13215,21.9
13217,19.4
13219,7.9
13221,15.8
13223,10.7
13225,21.7
13227,12.3
13229,18.9
13231,13.7
13233,20.6
13235,23.9
13237,18.9
13239,29.5
13241,20.6
13243,36.3
13245,26
13247,17.3
13249,20.1
13251,26.2
13253,26.4
13255,27.4
13257,20.9
13259,39.4
13261,33.9
13263,23.8
13265,32.3
13267,28.2
13269,25.4
13271,33.7
13273,29.8
13275,24.5
13277,28.6
13279,24.5
13281,18.1
13283,27.1
13285,19.5
13287,31.7
13289,28.1
13291,15.1
13293,25.9
13295,20
13297,15.6
13299,28.8
13301,28.9
13303,30.2
13305,25.5
13307,22.8
13309,38.9
13311,16.9
13313,20.7
13315,30.7
13317,26.7
13319,23.2
13321,22.6
15000,11.5
15001,18.1
15003,9.8
15005,NA
15007,12.3
15009,13.1
16000,14.8
16001,11.6
16003,14.9
16005,17.4
16007,13.4
16009,15.7
16011,15
16013,10.6
16015,15.6
16017,16.2
16019,15.5
16021,16.7
16023,14.8
16025,12.8
16027,18
16029,11.5
16031,15.6
16033,17.3
16035,16.6
16037,15.7
16039,14.4
16041,10.8
16043,15.1
16045,15.9
16047,17.1
16049,16.3
16051,11.5
16053,15.7
16055,12.9
16057,19.9
16059,18.2
16061,13.7
16063,14.1
16065,27.1
16067,16.8
16069,14.6
16071,13.9
16073,23.6
16075,14.2
16077,15.7
16079,18.9
16081,11.6
16083,14.5
16085,11.7
16087,17.8
17000,14.3
17001,14.2
17003,35.6
17005,16.2
17007,10.2
17009,14.2
17011,13.1
17013,12.1
17015,12.6
17017,13.2
17019,22.6
17021,14.4
17023,13.9
17025,13.6
17027,9.9
17029,22.9
17031,17.1
17033,15.2
17035,12.2
17037,14.7
17039,10.9
17041,10
17043,7.9
17045,15.1
17047,11.6
17049,11.8
17051,17.5
17053,12.1
17055,19.9
17057,16.5
17059,17.5
17061,16.2
17063,8.5
17065,14
17067,11.6
17069,20.6
17071,11.7
17073,11.3
17075,15.8
17077,30.4
17079,11
17081,19.5
17083,11.6
17085,10.7
17087,15.9
17089,10.7
17091,14.7
17093,5.4
17095,19.3
17097,9.5
17099,13.6
17101,18.1
17103,10.9
17105,11.9
17107,12.6
17109,23.6
17111,6.9
17113,14.3
17115,16.3
17117,12.9
17119,13.1
17121,18.6
17123,10.7
17125,14.8
17127,20.7
17129,10.1
17131,9.6
17133,5.1
17135,17
17137,15.1
17139,11.8
17141,11.4
17143,16.7
17145,16.7
17147,7.4
17149,15.2
17151,19.7
17153,23
17155,8.9
17157,13.8
17159,14.6
17161,16.3
17163,19.1
17165,21
17167,15.3
17169,13.2
17171,12
17173,11.7
17175,11.9
17177,14.1
17179,9.1
17181,17.9
17183,19
17185,14.8
17187,13.5
17189,10.2
17191,14.9
17193,14.1
17195,12.2
17197,8.1
17199,15.8
17201,16.9
17203,6.3
18000,15.2
18001,15.4
18003,15.2
18005,11.8
18007,12.8
18009,15
18011,7.2
18013,12.9
18015,10.9
18017,13.8
18019,10.6
18021,14.5
18023,12.6
18025,18
18027,13.8
18029,11.7
18031,13.1
18033,10.1
18035,22.2
18037,8
18039,13.9
18041,16.4
18043,11.6
18045,14.6
18047,11.1
18049,13
18051,11.8
18053,20
18055,15.5
18057,4.9
18059,6.9
18061,10
18063,6.4
18065,15.5
18067,16.8
18069,10.7
18071,14.9
18073,10.3
18075,19.9
18077,16.2
18079,17.5
18081,10.2
18083,17.4
18085,12
18087,10.9
18089,17.6
18091,17.9
18093,12.5
18095,16.7
18097,21.3
18099,10.9
18101,13.5
18103,17.1
18105,24
18107,12.3
18109,11.5
18111,11.5
18113,11.1
18115,11.1
18117,18
18119,15.4
18121,17.5
18123,15.5
18125,11.3
18127,10
18129,10.7
18131,14.2
18133,13.5
18135,16.1
18137,10.7
18139,14.4
18141,17.2
18143,17.6
18145,11.8
18147,9.3
18149,15.5
18151,12.8
18153,16.9
18155,17.4
18157,22.1
18159,9.5
18161,13.8
18163,17.7
18165,13.9
18167,20.2
18169,15.2
18171,9.9
18173,8.2
18175,16.2
18177,17.8
18179,10.7
18181,11.2
18183,9.4
19000,12.3
19001,10.3
19003,12.2
19005,12.4
19007,17.5
19009,11.1
19011,8.8
19013,14.5
19015,10.4
19017,7.6
19019,10.7
19021,12.4
19023,9.9
19025,13.7
19027,9.9
19029,13.1
19031,7.9
19033,12
19035,9.6
19037,9.8
19039,14.4
19041,11.5
19043,10.8
19045,12.9
19047,11.6
19049,6.2
19051,15.4
19053,21.3
19055,8.9
19057,15.7
19059,7.4
19061,11.5
19063,11.3
19065,14.4
19067,12.7
19069,12.1
19071,11.7
19073,13.2
19075,6.7
19077,12.4
19079,9.4
19081,8.4
19083,11.7
19085,11
19087,13.3
19089,12.1
19091,10.1
19093,10.9
19095,7.5
19097,11.3
19099,11.2
19101,16.9
19103,15.9
19105,11.6
19107,13.5
19109,9.6
19111,17.7
19113,9.3
19115,11.1
19117,16
19119,7.9
19121,8.8
19123,12.9
19125,11.1
19127,13
19129,9.7
19131,11.5
19133,14.3
19135,11.7
19137,19.3
19139,11.4
19141,10.3
19143,9.1
19145,14.6
19147,11.5
19149,7.6
19151,12.9
19153,13.1
19155,12.3
19157,12.1
19159,16.6
19161,10.8
19163,12.2
19165,9.6
19167,7.5
19169,19.5
19171,12.9
19173,13.1
19175,12.8
19177,14.4
19179,16.7
19181,6.3
19183,10.2
19185,16.7
19187,16.3
19189,10.4
19191,9.4
19193,15.2
19195,11
19197,12
20000,13.5
20001,18.2
20003,14.3
20005,17.4
20007,12.4
20009,17.8
20011,18.4
20013,17.3
20015,11.3
20017,13.2
20019,16.4
20021,17.4
20023,11.5
20025,13
20027,10.9
20029,14
20031,10.9
20033,11.4
20035,15
20037,20.8
20039,13.9
20041,11.1
20043,15
20045,19.4
20047,10.5
20049,17.4
20051,13
20053,12.4
20055,18.8
20057,15
20059,13.3
20061,13.9
20063,10.4
20065,12
20067,10.9
20069,8.3
20071,10.8
20073,16.9
20075,12.8
20077,12.9
20079,12.8
20081,10.7
20083,8.8
20085,10.3
20087,9.4
20089,13.5
20091,6.6
20093,12.2
20095,11.2
20097,12.8
20099,18.3
20101,10.9
20103,10.9
20105,12.7
20107,14.8
20109,9.7
20111,18
20113,8.8
20115,11.9
20117,11.1
20119,11.7
20121,9.5
20123,11.2
20125,18
20127,12.5
20129,11.1
20131,9.9
20133,17.7
20135,10
20137,13.5
20139,12.9
20141,12.9
20143,10.4
20145,13.9
20147,11.4
20149,10
20151,10.3
20153,11.8
20155,15.8
20157,12.7
20159,14.7
20161,20.2
20163,12
20165,12.1
20167,13.3
20169,13
20171,8.3
20173,14.7
20175,15.7
20177,15
20179,10.9
20181,16.2
20183,13.5
20185,14.1
20187,11.5
20189,9.7
20191,13.3
20193,11.3
20195,9.9
20197,9.6
20199,12
20201,10.8
20203,11.5
20205,16.7
20207,18.4
20209,24.4
21000,19
21001,26.3
21003,19
21005,11.3
21007,16.8
21009,19.5
21011,22.7
21013,33.5
21015,8
21017,19.2
21019,23.1
21021,17.5
21023,18.6
21025,33
21027,19.2
21029,12.3
21031,20.6
21033,18.2
21035,20.2
21037,13.2
21039,17
21041,20.4
21043,23.9
21045,30.6
21047,21.6
21049,16
21051,38.2
21053,25.7
21055,20.3
21057,27.8
21059,15
21061,19.9
21063,32.4
21065,29.8
21067,19.8
21069,19.3
21071,31.1
21073,12.9
21075,31.2
21077,16.7
21079,18
21081,16.9
21083,17.7
21085,21.7
21087,21.5
21089,16.4
21091,13.8
21093,14.3
21095,34.2
21097,18.5
21099,23
21101,18.1
21103,18.3
21105,18.4
21107,16.9
21109,26.8
21111,16.8
21113,14.7
21115,25.6
21117,15.5
21119,33.7
21121,34.9
21123,18
21125,24.7
21127,25.9
21129,35
21131,33
21133,30.1
21135,34.4
21137,27.6
21139,14.1
21141,16.9
21143,15.4
21145,17.5
21147,47
21149,16.9
21151,19.7
21153,30.2
21155,21.8
21157,13.1
21159,40.6
21161,18.6
21163,12.6
21165,27.1
21167,17.6
21169,25.2
21171,26.2
21173,20.8
21175,30.4
21177,21.6
21179,12.7
21181,19.4
21183,19.7
21185,5.5
21187,17.4
21189,45.1
21191,15.6
21193,27.5
21195,27.4
21197,26.7
21199,26
21201,23
21203,24.1
21205,23.4
21207,26.3
21209,10.9
21211,12.8
21213,15
21215,8.8
21217,26.7
21219,19.3
21221,15.8
21223,16.2
21225,18.9
21227,18.3
21229,19.7
21231,26.2
21233,17.3
21235,29.8
21237,36.2
21239,11.2
22000,19.9
22001,22
22003,22.5
22005,13.7
22007,17.8
22009,25.5
22011,18.9
22013,27.4
22015,14.3
22017,24.1
22019,18.4
22021,23.3
22023,12.2
22025,23.3
22027,28.2
22029,30.9
22031,23.5
22033,18.4
22035,43
22037,20.4
22039,24.1
22041,29
22043,22.8
22045,19.4
22047,19.9
22049,24.6
22051,15.8
22053,21.7
22055,15.1
22057,17.6
22059,18
22061,29.7
22063,12.3
22065,41.4
22067,29.4
22069,31.1
22071,27.9
22073,23.6
22075,16
22077,18.3
22079,19.8
22081,25.3
22083,24.9
22085,21.2
22087,17.9
22089,12.1
22091,24
22093,16.1
22095,20.8
22097,30.1
22099,18
22101,21.8
22103,11.2
22105,22.5
22107,32
22109,20.9
22111,22
22113,18.3
22115,13.9
22117,29.1
22119,22.2
22121,20.5
22123,22.5
22125,24
22127,26.8
23000,14
23001,15.4
23003,20.1
23005,10.8
23007,15.8
23009,12.9
23011,13.8
23013,13.9
23015,11.7
23017,16.1
23019,18
23021,20.3
23023,10.5
23025,17.3
23027,15
23029,18.5
23031,11.2
24000,10.4
24001,18.5
24003,6.7
24005,9.8
24009,7.2
24011,16
24013,5.9
24015,10.6
24017,7.2
24019,17.5
24021,6.5
24023,12.4
24025,8
24027,6.1
24029,13.8
24031,7.2
24033,10.3
24035,7.5
24037,8.6
24039,25.5
24041,11.7
24043,13.8
24045,16.9
24047,11.9
24510,23.3
25000,11.7
25001,8.9
25003,13
25005,12.4
25007,9
25009,10.7
25011,12
25013,17.7
25015,15
25017,8.9
25019,7.1
25021,6.5
25023,8.5
25025,21.5
25027,11.5
26000,16.2
26001,17.5
26003,15.5
26005,11.4
26007,16.8
26009,13
26011,19.9
26013,15.8
26015,10.2
26017,16.8
26019,11.8
26021,17.7
26023,15.2
26025,15.4
26027,14.8
26029,12.6
26031,16.1
26033,19.9
26035,24.5
26037,10
26039,16.5
26041,14.8
26043,14.4
26045,9.8
26047,11.6
26049,21.5
26051,18.5
26053,20.9
26055,9.7
26057,18.5
26059,16.6
26061,18.7
26063,14.1
26065,20.1
26067,15.2
26069,19
26071,17.3
26073,28.3
26075,15.4
26077,18.9
26079,17.4
26081,15.3
26083,12.7
26085,29.2
26087,11.1
26089,8.9
26091,14.5
26093,6.1
26095,20.6
26097,15.4
26099,12.3
26101,16.6
26103,15.4
26105,16.3
26107,23
26109,14.5
26111,11.9
26113,16.1
26115,10.4
26117,20.4
26119,15.7
26121,20
26123,21
26125,10
26127,20.1
26129,21.4
26131,17.8
26133,20.4
26135,20.5
26137,13.2
26139,9.1
26141,16.1
26143,20.7
26145,17.4
26147,13.8
26149,18.5
26151,14.7
26153,17.6
26155,15.3
26157,15.6
26159,16.5
26161,14.3
26163,24.1
26165,19
27000,11.4
27001,14.9
27003,7.6
27005,14.6
27007,18.5
27009,13.6
27011,12.8
27013,17.9
27015,8.9
27017,12.1
27019,4.8
27021,15.7
27023,11.5
27025,6.2
27027,13.3
27029,17.8
27031,10.4
27033,12.9
27035,10.9
27037,7.3
27039,7.6
27041,9.6
27043,13.5
27045,11.6
27047,12.5
27049,9.6
27051,10.5
27053,13
27055,8.4
27057,12.2
27059,7.8
27061,14.7
27063,9.8
27065,13.8
27067,11.5
27069,9.9
27071,15.3
27073,10.4
27075,10.5
27077,10.7
27079,8.9
27081,10.2
27083,11.5
27085,7.9
27087,19.6
27089,9.6
27091,12.2
27093,10
27095,12
27097,11.8
27099,12.1
27101,9.6
27103,10.2
27105,13
27107,13.4
27109,9.8
27111,11.2
27113,9.3
27115,17.5
27117,12.2
27119,12.7
27121,10.4
27123,16.5
27125,9.2
27127,12.4
27129,11.3
27131,13
27133,9.6
27135,9.2
27137,17
27139,5.5
27141,7.2
27143,9.2
27145,13.4
27147,10.9
27149,14.2
27151,10.8
27153,17.8
27155,12.2
27157,7.3
27159,15.8
27161,10.1
27163,6
27165,10.4
27167,10.3
27169,15.8
27171,6
27173,11.2
28000,21.9
28001,32.9
28003,21.8
28005,23.2
28007,23.6
28009,25.6
28011,34
28013,25
28015,17.9
28017,24.7
28019,24.2
28021,42.6
28023,22.4
28025,28.4
28027,35
28029,26
28031,26.5
28033,10.1
28035,26.4
28037,20.5
28039,17
28041,23.6
28043,24.8
28045,19.8
28047,18.8
28049,23.6
28051,44
28053,40.3
28055,39.5
28057,17.2
28059,15.6
28061,22.7
28063,38.5
28065,29.8
28067,24.4
28069,28.2
28071,25.9
28073,14.2
28075,21.7
28077,22.3
28079,27.1
28081,19.4
28083,40.1
28085,21.6
28087,23.6
28089,13.1
28091,30.4
28093,21.5
28095,20.1
28097,24.7
28099,20.7
28101,22.3
28103,31.3
28105,29.9
28107,25.9
28109,19.3
28111,22.6
28113,30.5
28115,17.7
28117,22.3
28119,36.2
28121,11.1
28123,26.9
28125,37.4
28127,25.9
28129,20.8
28131,19.5
28133,34.8
28135,37.4
28137,18.5
28139,19.1
28141,17.7
28143,27.9
28145,15.9
28147,26.4
28149,21.7
28151,35.1
28153,24.7
28155,22.1
28157,32.5
28159,26.3
28161,23.4
28163,34.6
29000,15.5
29001,26.9
29003,10.7
29005,12.2
29007,17.2
29009,20.2
29011,19.1
29013,18.4
29015,19.5
29017,20.1
29019,19.5
29021,17.8
29023,21.3
29025,16.2
29027,14.2
29029,17.5
29031,17
29033,16.5
29035,24
29037,10.5
29039,21.4
29041,12
29043,11.3
29045,15.7
29047,9.1
29049,12.4
29051,13.3
29053,14
29055,20.7
29057,18.5
29059,21.7
29061,16.8
29063,18.6
29065,21.6
29067,23
29069,29.8
29071,11.8
29073,13.5
29075,15.4
29077,20.6
29079,19.2
29081,19
29083,18.3
29085,22.1
29087,14.4
29089,15.6
29091,22.1
29093,22.1
29095,16.5
29097,19.6
29099,10.6
29101,14.6
29103,19.4
29105,18.4
29107,13.4
29109,18.6
29111,14.3
29113,15.7
29115,20
29117,16.6
29119,22.2
29121,17
29123,20.4
29125,16.1
29127,18
29129,15
29131,17.4
29133,32.2
29135,13.9
29137,15.8
29139,16.1
29141,20.7
29143,23.3
29145,14.3
29147,20.2
29149,23.9
29151,10.2
29153,22.3
29155,28.7
29157,11.6
29159,17.6
29161,21.6
29163,18.9
29165,6.9
29167,18.1
29169,15.9
29171,18.6
29173,11.6
29175,18.3
29177,15.3
29179,21.5
29181,25.1
29183,6.8
29185,21.7
29186,13.1
29187,20.3
29189,9.6
29195,16.3
29197,18.2
29199,16.3
29201,20.9
29203,28.2
29205,16.6
29207,19
29209,16.2
29211,17.7
29213,18.7
29215,21.5
29217,17.5
29219,12.8
29221,25.5
29223,26.4
29225,17.8
29227,15.5
29229,22.7
29510,28.8
30000,15.2
30001,15.1
30003,30.6
30005,25.2
30007,11.7
30009,12.7
30011,14
30013,14.3
30015,19.4
30017,11
30019,10.8
30021,11.7
30023,17.1
30025,8
30027,14.8
30029,13.6
30031,13.9
30033,15.1
30035,31.8
30037,20.1
30039,14.4
30041,17.6
30043,10.4
30045,14.6
30047,22.7
30049,12
30051,19.1
30053,19.2
30055,15.4
30057,12.6
30059,18
30061,17.3
30063,15.8
30065,19.1
30067,14.7
30069,17.5
30071,15.7
30073,20.3
30075,12.3
30077,20.2
30079,12.3
30081,17.2
30083,8.2
30085,23.8
30087,20.5
30089,20.7
30091,10.2
30093,19.5
30095,8.4
30097,12
30099,13.9
30101,17.2
30103,13.2
30105,12.4
30107,19.5
30109,11.7
30111,12.3
31000,12.3
31001,12.5
31003,14
31005,10.2
31007,12.4
31009,15.7
31011,10.3
31013,11.4
31015,13.9
31017,12.8
31019,12.5
31021,10.6
31023,9.2
31025,6.9
31027,10.4
31029,9.3
31031,13.3
31033,9
31035,11.3
31037,10.3
31039,9.1
31041,13.4
31043,14.8
31045,18.8
31047,13.7
31049,11.8
31051,10.7
31053,12.9
31055,14
31057,13.8
31059,10.1
31061,13.6
31063,13.7
31065,12.7
31067,11
31069,15.6
31071,11.8
31073,9.1
31075,11
31077,12.7
31079,14.7
31081,6.9
31083,11.4
31085,14.5
31087,13.8
31089,12.5
31091,9.6
31093,11.5
31095,11.5
31097,13.9
31099,9.6
31101,12
31103,20.5
31105,11.7
31107,14.9
31109,14
31111,14.5
31113,9.4
31115,15.5
31117,13.9
31119,13.7
31121,10.4
31123,14
31125,11.7
31127,13.6
31129,13.4
31131,10
31133,12.2
31135,10.4
31137,9.5
31139,10
31141,8.4
31143,8
31145,11.7
31147,14.4
31149,15
31151,10.1
31153,5.3
31155,8.2
31157,15.6
31159,8.2
31161,16
31163,12.1
31165,16
31167,9.2
31169,10.7
31171,15.4
31173,34
31175,12.3
31177,7.4
31179,13.6
31181,12.7
31183,12.6
31185,10.6
32000,15.4
32001,13.2
32003,15.6
32005,10.3
32007,10.8
32009,14
32011,9.8
32013,10.7
32015,11
32017,15.1
32019,13.7
32021,19
32023,16.8
32027,18.5
32029,8.4
32031,15.4
32033,13.7
32510,19.3
33000,9.2
33001,10
33003,10.7
33005,11.8
33007,14.9
33009,11.6
33011,8.7
33013,9.5
33015,6.1
33017,11.8
33019,10.4
34000,11.1
34001,15.1
34003,7.6
34005,7.2
34007,13
34009,13
34011,19.5
34013,16.7
34015,8.2
34017,17.7
34019,4.7
34021,11.8
34023,8.3
34025,8.2
34027,5
34029,11.9
34031,18.2
34033,13.1
34035,5
34037,6.2
34039,11.1
34041,8.3
35000,20.6
35001,18.7
35003,22.2
35005,23.4
35006,28.8
35007,20.5
35009,19.2
35011,20.6
35013,27.9
35015,14.1
35017,19.1
35019,25.8
35021,14.8
35023,24.5
35025,16.6
35027,20.1
35028,4.2
35029,30.6
35031,35.8
35033,24.2
35035,20.2
35037,23.9
35039,24.1
35041,24
35043,12.6
35045,21
35047,25.5
35049,14.2
35051,23.8
35053,31
35055,19.2
35057,27.6
35059,19.4
35061,24.5
36000,16
36001,13.5
36003,18.3
36005,31.5
36007,17.2
36009,16.2
36011,12.7
36013,19.3
36015,18.2
36017,16.7
36019,16.6
36021,11.6
36023,13.8
36025,14.4
36027,10.2
36029,15.2
36031,12
36033,18.5
36035,17.8
36037,12
36039,11.1
36041,11.4
36043,16.5
36045,15.1
36047,23.4
36049,14.3
36051,14.7
36053,11.8
36055,14.2
36057,18.9
36059,6.7
36061,17.7
36063,13.4
36065,17.7
36067,16.1
36069,11.5
36071,13.4
36073,15.5
36075,19.6
36077,18.9
36079,6.3
36081,15.4
36083,13
36085,14.5
36087,14.7
36089,18.9
36091,7.2
36093,13.2
36095,15.9
36097,15.4
36099,14.2
36101,16.6
36103,7.7
36105,16.3
36107,11.4
36109,18.7
36111,13.7
36113,13.3
36115,14.6
36117,12.9
36119,10.4
36121,12.3
36123,14.5
37000,17.2
37001,17.9
37003,16.4
37005,20.5
37007,25
37009,20.9
37011,19.8
37013,18.8
37015,27.7
37017,25.6
37019,15.7
37021,13.9
37023,20.5
37025,12.2
37027,18.8
37029,9.7
37031,14.7
37033,19.9
37035,16.2
37037,13.9
37039,21
37041,23.2
37043,18.5
37045,21.1
37047,24.3
37049,16.4
37051,17.6
37053,11.2
37055,11
37057,16.9
37059,13.8
37061,27.7
37063,16.6
37065,25.9
37067,19.7
37069,15.4
37071,16.7
37073,15.6
37075,20.6
37077,15.9
37079,28.3
37081,17.3
37083,23.5
37085,20.5
37087,15.2
37089,12.9
37091,25.8
37093,19.5
37095,21.9
37097,12.7
37099,23.5
37101,15.3
37103,22.2
37105,18.5
37107,22.1
37109,16
37111,17.6
37113,18.1
37115,19.9
37117,19.7
37119,15.2
37121,19.2
37123,21.1
37125,15.5
37127,18.2
37129,18
37131,25.8
37133,14.3
37135,14.1
37137,17.9
37139,18.8
37141,15.4
37143,17.1
37145,18.7
37147,23.4
37149,14.7
37151,16.7
37153,24.7
37155,33.1
37157,19.4
37159,18
37161,21.5
37163,29
37165,28.9
37167,16.5
37169,13.8
37171,18.9
37173,19.3
37175,16.2
37177,28.3
37179,10.8
37181,27
37183,11.5
37185,22.8
37187,26.8
37189,26.2
37191,23.3
37193,23.4
37195,23.9
37197,17.2
37199,20.6
38000,11.1
38001,10.2
38003,10.3
38005,29.9
38007,7.7
38009,9.7
38011,7.4
38013,8.3
38015,8.2
38017,11.3
38019,9
38021,11.7
38023,8.3
38025,9.5
38027,10.7
38029,13.2
38031,8
38033,10.7
38035,16.7
38037,16.1
38039,9.5
38041,11.1
38043,14.1
38045,9.7
38047,11.9
38049,12.3
38051,13
38053,8.6
38055,10.1
38057,7.3
38059,9.2
38061,9.3
38063,10.8
38065,10.6
38067,8.9
38069,11.6
38071,12.3
38073,8.4
38075,7.7
38077,9.7
38079,31.6
38081,7.3
38083,16.1
38085,33.6
38087,9.4
38089,7.6
38091,7.1
38093,11.6
38095,10.9
38097,8.9
38099,10.9
38101,8.5
38103,10.9
38105,6.9
39000,15.8
39001,24.8
39003,18
39005,14.6
39007,21.5
39009,29.9
39011,8.3
39013,16.1
39015,15
39017,14.4
39019,13.5
39021,11.3
39023,18.2
39025,11.2
39027,13.7
39029,15.9
39031,18.1
39033,15.4
39035,19.6
39037,12.2
39039,11.7
39041,4.8
39043,13.9
39045,9.6
39047,15.8
39049,17.3
39051,10.5
39053,26.1
39055,7.8
39057,13.2
39059,17.2
39061,17.6
39063,12.7
39065,19
39067,16.9
39069,10.2
39071,19.3
39073,17.5
39075,12.4
39077,13.4
39079,20
39081,20
39083,15.1
39085,8.9
39087,17.5
39089,13.5
39091,17
39093,14.7
39095,20.7
39097,12.6
39099,18.9
39101,21.3
39103,7
39105,22.6
39107,8.9
39109,10.6
39111,15.7
39113,19.7
39115,18.1
39117,12.1
39119,19.1
39121,16.3
39123,10.1
39125,12.3
39127,17.8
39129,13.2
39131,21.9
39133,14.2
39135,13
39137,7.8
39139,15.9
39141,19.2
39143,14.5
39145,27.2
39147,17.5
39149,10.7
39151,14.9
39153,13.4
39155,17.2
39157,13.4
39159,7.7
39161,10.1
39163,23.7
39165,5.8
39167,15.7
39169,13.9
39171,14.2
39173,13.5
39175,10
40000,16.6
40001,27.2
40003,16.6
40005,21.8
40007,10.5
40009,15
40011,18.4
40013,19.1
40015,23.5
40017,7.7
40019,16.5
40021,20.6
40023,26.8
40025,18
40027,12.6
40029,20.9
40031,18.6
40033,17.8
40035,19.2
40037,15.8
40039,15.9
40041,18.8
40043,12.4
40045,12
40047,14.5
40049,19.2
40051,12.1
40053,12.3
40055,25.2
40057,24.8
40059,10.6
40061,24.5
40063,23.4
40065,17.2
40067,23
40069,20.1
40071,18.2
40073,10
40075,19.1
40077,20.7
40079,24
40081,14.9
40083,13.8
40085,12.5
40087,10.2
40089,20.9
40091,22.4
40093,11.8
40095,18
40097,17.6
40099,15.1
40101,22.2
40103,13.4
40105,16.1
40107,25
40109,17.9
40111,21.5
40113,16.6
40115,22.1
40117,15.4
40119,23.7
40121,21.7
40123,17.3
40125,17.5
40127,23.1
40129,12.3
40131,10
40133,24.7
40135,27.9
40137,15.5
40139,13.6
40141,23.8
40143,14.8
40145,9.8
40147,13.9
40149,13.9
40151,14.3
40153,12.3
41000,16.4
41001,20.6
41003,18.9
41005,9.5
41007,15.4
41009,12
41011,19.8
41013,18.3
41015,17.1
41017,13.2
41019,19.9
41021,11.7
41023,16.8
41025,21.3
41027,14.6
41029,18.1
41031,21.2
41033,20.6
41035,21.9
41037,19.3
41039,18.4
41041,18.8
41043,19.1
41045,28.7
41047,17.7
41049,16.3
41051,18.6
41053,14.1
41055,14.2
41057,17.5
41059,18
41061,17.7
41063,15.8
41065,16.8
41067,12.5
41069,23.3
41071,15.4
42000,13.6
42001,10.8
42003,13.1
42005,13.8
42007,11.7
42009,13.6
42011,14.3
42013,15
42015,12.9
42017,6.6
42019,8.9
42021,15.3
42023,14.2
42025,13
42027,17.9
42029,7.3
42031,15.1
42033,16.5
42035,17.4
42037,14.3
42039,14.9
42041,9.1
42043,13.4
42045,11
42047,10.5
42049,16.4
42051,20.2
42053,21.9
42055,11.9
42057,13.3
42059,16.5
42061,15.1
42063,17
42065,13.3
42067,12.3
42069,15.4
42071,10.5
42073,13.2
42075,10.9
42077,12.8
42079,15.8
42081,16
42083,16.6
42085,14.6
42087,16.3
42089,13.3
42091,7.1
42093,11.2
42095,10
42097,15.9
42099,8.7
42101,25.8
42103,10.6
42105,14.3
42107,13.5
42109,13.1
42111,13.5
42113,14.4
42115,12.8
42117,16.3
42119,13.4
42121,16.2
42123,14.1
42125,10.7
42127,13.9
42129,10.1
42131,10.9
42133,10.2
44000,14.8
44001,8
44003,9.3
44005,9.5
44007,18.3
44009,10.4
45000,17.9
45001,21.4
45003,16.6
45005,39.9
45007,16.7
45009,29.7
45011,27
45013,12.9
45015,13.7
45017,19.3
45019,16.8
45021,22.3
45023,22.5
45025,26.4
45027,27
45029,23
45031,25.3
45033,29.8
45035,12.8
45037,17.5
45039,23.1
45041,19.5
45043,19.6
45045,14.7
45047,22.1
45049,23.8
45051,17.6
45053,24.5
45055,17.4
45057,19.7
45059,21.1
45061,27.8
45063,13.8
45065,24.6
45067,30.1
45069,31.4
45071,19.4
45073,17.5
45075,30.8
45077,19.5
45079,16.1
45081,20.6
45083,17.7
45085,23.2
45087,19.6
45089,28.3
45091,14.6
46000,14.1
46003,10.8
46005,15.1
46007,34.8
46009,15.2
46011,14.1
46013,11.8
46015,14.8
46017,40.7
46019,15.8
46021,9.4
46023,24
46025,13.8
46027,24.9
46029,10.3
46031,38.6
46033,10.7
46035,12.3
46037,16.3
46039,10.1
46041,27.2
46043,11.6
46045,10.5
46047,17
46049,13.2
46051,10
46053,18.3
46055,12
46057,10.4
46059,10
46061,8.1
46063,11.2
46065,11
46067,13.2
46069,10.1
46071,33.9
46073,14.9
46075,13.1
46077,10.1
46079,9.5
46081,13.6
46083,4.3
46085,24.9
46087,10
46089,17
46091,12
46093,10.4
46095,33.2
46097,12.4
46099,11.5
46101,12.3
46103,14.1
46105,15.2
46107,11
46109,20.4
46111,14.7
46113,52.2
46115,11.7
46117,8.8
46119,6.3
46121,47.4
46123,19.9
46125,10.2
46127,6.3
46129,15.9
46135,13.8
46137,44.6
47000,18.2
47001,15.6
47003,19.1
47005,21.4
47007,28.5
47009,14.7
47011,17.5
47013,22.7
47015,16.4
47017,20.8
47019,24.6
47021,12.7
47023,20.1
47025,24
47027,24
47029,27.8
47031,16.8
47033,19
47035,16.6
47037,19.9
47039,19.9
47041,20.1
47043,14.3
47045,19.6
47047,14.7
47049,28.1
47051,16.5
47053,19.5
47055,16.9
47057,21.9
47059,17.7
47061,26.1
47063,23.4
47065,15.9
47067,29.5
47069,25.3
47071,21.7
47073,19.6
47075,24.7
47077,19.1
47079,20.5
47081,20.2
47083,19.1
47085,17.6
47087,23.4
47089,17.8
47091,26.4
47093,17.7
47095,41.9
47097,24.8
47099,21.8
47101,20.3
47103,16.5
47105,13.6
47107,17.4
47109,23.5
47111,19.3
47113,20.9
47115,20.6
47117,15.5
47119,15.5
47121,20.8
47123,20.6
47125,13.9
47127,12.5
47129,23.4
47131,20.8
47133,18.9
47135,23.6
47137,19.2
47139,20.3
47141,20.8
47143,22
47145,18
47147,13.4
47149,14.7
47151,24.5
47153,18.7
47155,17.7
47157,23
47159,15
47161,17.5
47163,18.5
47165,11.3
47167,15.4
47169,17.5
47171,20.1
47173,22.6
47175,20.6
47177,19
47179,16.7
47181,23.3
47183,21.5
47185,21.9
47187,5.6
47189,10.1
48000,17.2
48001,20.4
48003,10.7
48005,17.9
48007,17.5
48009,9.4
48011,11
48013,16.9
48015,11.2
48017,19.9
48019,13.5
48021,14.7
48023,18.3
48025,24.9
48027,14.2
48029,18.3
48031,12
48033,10.3
48035,15
48037,20.1
48039,9.9
48041,26.4
48043,13.8
48045,16.7
48047,32.4
48049,17.5
48051,16.2
48053,14
48055,16
48057,17.3
48059,16.3
48061,34.5
48063,23.9
48065,8.6
48067,19.1
48069,19.4
48071,10.7
48073,20.1
48075,22
48077,13.5
48079,20.7
48081,14.9
48083,22.6
48085,7
48087,19.3
48089,16
48091,9.2
48093,19.7
48095,26.5
48097,15.3
48099,14.8
48101,20.9
48103,9.5
48105,13.7
48107,24.1
48109,24.7
48111,12.4
48113,19.3
48115,20.2
48117,19.2
48119,20
48121,8.7
48123,18
48125,22.1
48127,25
48129,19.4
48131,26
48133,19.9
48135,12.8
48137,22.5
48139,11
48141,23.4
48143,21.8
48145,23.7
48147,17.1
48149,10.9
48151,15.4
48153,23.7
48155,17.3
48157,8.8
48159,16.4
48161,16.7
48163,26
48165,14
48167,14.3
48169,28
48171,12.5
48173,8.6
48175,15.3
48177,18.3
48179,14.2
48181,15.3
48183,18.2
48185,18.6
48187,10.4
48189,24
48191,24.5
48193,16.2
48195,12.7
48197,18.7
48199,12.9
48201,17.3
48203,17.1
48205,10.5
48207,25.1
48209,17.5
48211,8.9
48213,20.2
48215,33.5
48217,21.8
48219,14.4
48221,12.4
48223,20.3
48225,25.9
48227,17.5
48229,26.7
48231,20.5
48233,13.9
48235,8.6
48237,14.9
48239,14.7
48241,17.7
48243,13.1
48245,21.2
48247,22.5
48249,20.2
48251,13.3
48253,23.4
48255,22.3
48257,13.8
48259,8.3
48261,17.9
48263,12.4
48265,17.6
48267,18.5
48269,10.7
48271,21
48273,22.8
48275,21.3
48277,18.6
48279,22.6
48281,14.4
48283,28.1
48285,13.8
48287,13
48289,13.5
48291,17.4
48293,19.6
48295,10.6
48297,15.5
48299,14.9
48301,9.3
48303,17.7
48305,18.3
48307,18.9
48309,19.7
48311,9.2
48313,21.5
48315,23.1
48317,12.5
48319,14.8
48321,22.1
48323,26.5
48325,14.3
48327,22.7
48329,9.9
48331,18.3
48333,17.1
48335,20.7
48337,14.8
48339,10.9
48341,14.6
48343,18.6
48345,17.5
48347,22.7
48349,20.3
48351,20.2
48353,17.9
48355,16.8
48357,10.7
48359,15.6
48361,16
48363,18.6
48365,15.5
48367,9.9
48369,14.6
48371,17.8
48373,18.5
48375,21.5
48377,21.8
48379,14.9
48381,9.7
48383,11.2
48385,18.7
48387,20.1
48389,24.8
48391,16.9
48393,7.3
48395,19
48397,6.8
48399,18.1
48401,16.6
48403,19
48405,23.9
48407,18.6
48409,15.8
48411,20.3
48413,13.6
48415,14.1
48417,13.1
48419,22
48421,13.4
48423,18.1
48425,12.1
48427,35.4
48429,20.8
48431,11.8
48433,15.5
48435,13.2
48437,20.9
48439,15.2
48441,15.9
48443,18.1
48445,21.2
48447,14.2
48449,20.6
48451,15.6
48453,16.7
48455,19.9
48457,19.3
48459,14.6
48461,14.3
48463,22.1
48465,22.2
48467,15.9
48469,15.8
48471,26.3
48473,16.1
48475,14
48477,15
48479,32.3
48481,16.8
48483,12
48485,19.3
48487,15.8
48489,38.8
48491,7.8
48493,11
48495,13.5
48497,10
48499,15.4
48501,11.4
48503,16.4
48505,32.6
48507,31
49000,11.8
49001,9.8
49003,11.6
49005,14.2
49007,15.7
49009,8.3
49011,7.2
49013,11.6
49015,12.9
49017,12.2
49019,15
49021,22.1
49023,11.4
49025,11.8
49027,12.9
49029,4.6
49031,18.7
49033,10.3
49035,11.9
49037,29.2
49039,17.1
49041,12.1
49043,6.8
49045,8.1
49047,9.6
49049,12.6
49051,7.1
49053,12.9
49055,14.1
49057,12.3
50000,12
50001,9.5
50003,14.4
50005,13.9
50007,11
50009,19.6
50011,9.1
50013,9.1
50015,12.6
50017,12.8
50019,16.2
50021,13.5
50023,11
50025,12.9
50027,12.1
51000,11.8
51001,19.4
51003,9.1
51005,15.8
51007,12.9
51009,13.7
51011,15.1
51013,8.5
51015,9.8
51017,11.5
51019,9.4
51021,14.1
51023,7.8
51025,21.9
51027,23.2
51029,22.8
51031,14.5
51033,11
51035,17
51036,13.1
51037,20.7
51041,8.3
51043,8.2
51045,12.4
51047,11
51049,19
51051,21.3
51053,12.1
51057,14.5
51059,6.7
51061,7.4
51063,14.1
51065,7.9
51067,16.3
51069,7.7
51071,13.5
51073,9.7
51075,7.5
51077,19.9
51079,9.6
51081,25.1
51083,18
51085,6.1
51087,11
51089,20.5
51091,14.6
51093,10.2
51095,7.9
51097,14.8
51099,7.5
51101,8.8
51103,13.7
51105,26.6
51107,3.9
51109,11.5
51111,22.4
51113,12.3
51115,10.6
51117,21.1
51119,14.4
51121,24.8
51125,13.4
51127,6.2
51131,21.5
51133,14.3
51135,24.3
51137,10.7
51139,16.9
51141,21.9
51143,14.6
51145,7.1
51147,25.5
51149,10.5
51153,7.2
51155,14.7
51157,9.3
51159,19.7
51161,8.2
51163,13
51165,11.7
51167,17.9
51169,20.8
51171,12
51173,19.7
51175,15.3
51177,9.2
51179,5.9
51181,12.9
51183,23.9
51185,19.2
51187,11.3
51191,14.5
51193,15
51195,21.9
51197,15.6
51199,5.5
51510,9.6
51520,21.8
51530,17.2
51540,25.9
51550,9.8
51570,11.5
51580,16.4
51590,23.6
51595,26.1
51600,7.8
51610,3.2
51620,22.5
51630,16.8
51640,22.7
51650,15.2
51660,28.3
51670,19.5
51678,24.1
51680,25
51683,9.8
51685,8.9
51690,23.8
51700,16.7
51710,23.4
51720,21.6
51730,25.8
51735,5.9
51740,18.3
51750,32.4
51760,25
51770,20.4
51775,10.2
51790,16.5
51800,13.6
51810,8.6
51820,14.6
51830,20.1
51840,13.4
53000,13.2
53001,19
53003,16.3
53005,14.6
53007,14
53009,16.2
53011,9.9
53013,15.5
53015,20.6
53017,15.5
53019,22.4
53021,17.3
53023,14.2
53025,15.8
53027,19.6
53029,10.3
53031,14.1
53033,11.3
53035,11.2
53037,18.6
53039,14.6
53041,17.1
53043,12.5
53045,15.6
53047,23.2
53049,17.8
53051,22.3
53053,13.1
53055,12.7
53057,15.7
53059,12.6
53061,9.9
53063,16.3
53065,19.3
53067,11.9
53069,13.9
53071,15.7
53073,15.7
53075,28.4
53077,20.5
54000,18.3
54001,21.5
54003,13.2
54005,22.1
54007,22.2
54009,15.1
54011,21.9
54013,21.8
54015,25.1
54017,17.4
54019,21.4
54021,28.9
54023,17
54025,21.1
54027,21.2
54029,12.9
54031,15.3
54033,13.9
54035,16.7
54037,10.2
54039,16.8
54041,20
54043,24.4
54045,20.2
54047,34.9
54049,17.9
54051,15.2
54053,20.6
54055,20.5
54057,16.1
54059,28.1
54061,22.5
54063,19.3
54065,13
54067,19.6
54069,18.4
54071,16.7
54073,16.5
54075,17.6
54077,17.6
54079,10
54081,17.7
54083,20.8
54085,17.7
54087,23.1
54089,25.8
54091,16.8
54093,17.1
54095,15.8
54097,19.7
54099,20
54101,26.1
54103,18.5
54105,20.3
54107,17.2
54109,22.8
55000,13.2
55001,17.8
55003,14.9
55005,13.7
55007,13.6
55009,12
55011,10.5
55013,16.5
55015,5.9
55017,10.7
55019,16
55021,8.8
55023,14.7
55025,13.4
55027,9.9
55029,11
55031,13.9
55033,13.9
55035,14.4
55037,12.8
55039,9.9
55041,17
55043,15
55045,8.7
55047,11.3
55049,8.9
55051,15.6
55053,14
55055,10.6
55057,13.1
55059,15.4
55061,8.9
55063,12.6
55065,11.7
55067,15.9
55069,10.9
55071,10.8
55073,9.9
55075,13.4
55077,13
55078,29.1
55079,22
55081,14.4
55083,10.5
55085,12.6
55087,10
55089,5
55091,12.1
55093,10.8
55095,11.2
55097,15.4
55099,13
55101,13.1
55103,13.5
55105,14.9
55107,16.9
55109,4.9
55111,11.9
55113,17
55115,11.2
55117,9.1
55119,11.7
55121,12.2
55123,18
55125,14.8
55127,13.7
55129,13.4
55131,5.9
55133,5.8
55135,10.4
55137,13.9
55139,12.1
55141,11.3
56000,11.2
56001,24
56003,10.7
56005,7.1
56007,12.3
56009,9.3
56011,8.4
56013,14
56015,14.3
56017,10.9
56019,9.7
56021,10.8
56023,9
56025,10.4
56027,14.7
56029,10.8
56031,13
56033,9.9
56035,6.8
56037,9.8
56039,7.7
56041,10
56043,12.6
56045,13.2
