"state_county_fips","POVALL_2014"
0,"48,208,387"
1000,"905,682"
1001,"7,204"
1003,"25,696"
1005,"5,943"
1007,"3,666"
1009,"10,000"
1011,"3,179"
1013,"4,988"
1015,"23,114"
1017,"7,170"
1019,"4,768"
1021,"7,874"
1023,"3,293"
1025,"6,137"
1027,"2,592"
1029,"2,527"
1031,"8,407"
1033,"9,022"
1035,"3,846"
1037,"1,976"
1039,"7,778"
1041,"2,929"
1043,"13,809"
1045,"10,865"
1047,"14,470"
1049,"16,856"
1051,"10,867"
1053,"8,639"
1055,"19,291"
1057,"3,425"
1059,"7,222"
1061,"6,303"
1063,"2,819"
1065,"4,182"
1067,"2,925"
1069,"20,643"
1071,"11,440"
1073,"125,778"
1075,"2,856"
1077,"17,041"
1079,"5,499"
1081,"37,752"
1083,"11,912"
1085,"3,285"
1087,"5,649"
1089,"48,750"
1091,"5,071"
1093,"5,925"
1095,"20,528"
1097,"80,016"
1099,"5,484"
1101,"48,844"
1103,"17,665"
1105,"4,246"
1107,"4,667"
1109,"8,237"
1111,"4,512"
1113,"12,309"
1115,"12,071"
1117,"19,610"
1119,"4,692"
1121,"17,499"
1123,"8,633"
1125,"34,553"
1127,"15,161"
1129,"3,077"
1131,"3,697"
1133,"4,796"
2000,"81,622"
2013,"544"
2016,"549"
2020,"29,207"
2050,"4,166"
2060,"89"
2068,"133"
2070,"867"
2090,"9,011"
2100,"252"
2105,"397"
2110,"2,500"
2122,"6,472"
2130,"1,685"
2150,"1,146"
2164,"288"
2170,"10,243"
2180,"2,509"
2185,"1,112"
2188,"1,771"
2195,"276"
2198,"1,105"
2220,"750"
2230,"37"
2240,"949"
2261,"931"
2270,"2,845"
2275,"280"
2282,"94"
2290,"1,416"
4000,"1,195,889"
4001,"23,458"
4003,"22,879"
4005,"27,154"
4007,"12,683"
4009,"6,907"
4011,"955"
4012,"4,545"
4013,"687,643"
4015,"41,178"
4017,"30,157"
4019,"183,590"
4021,"66,073"
4023,"10,966"
4025,"33,589"
4027,"44,112"
5000,"539,999"
5001,"3,735"
5003,"4,707"
5005,"6,021"
5007,"28,436"
5009,"6,206"
5011,"3,012"
5013,"902"
5015,"4,909"
5017,"3,357"
5019,"4,285"
5021,"2,981"
5023,"3,831"
5025,"1,393"
5027,"5,363"
5029,"3,797"
5031,"21,974"
5033,"10,152"
5035,"13,323"
5037,"3,779"
5039,"1,544"
5041,"3,325"
5043,"4,249"
5045,"17,140"
5047,"3,066"
5049,"2,700"
5051,"17,929"
5053,"2,382"
5055,"6,994"
5057,"5,383"
5059,"5,815"
5061,"2,497"
5063,"6,695"
5065,"2,756"
5067,"3,864"
5069,"18,042"
5071,"4,991"
5073,"1,916"
5075,"3,742"
5077,"3,181"
5079,"2,958"
5081,"2,256"
5083,"4,532"
5085,"8,704"
5087,"2,803"
5089,"3,292"
5091,"8,756"
5093,"11,744"
5095,"2,103"
5097,"1,801"
5099,"2,147"
5101,"1,574"
5103,"5,617"
5105,"1,751"
5107,"6,950"
5109,"2,161"
5111,"5,239"
5113,"4,399"
5115,"10,868"
5117,"1,526"
5119,"61,892"
5121,"3,141"
5123,"7,607"
5125,"9,909"
5127,"2,501"
5129,"1,828"
5131,"27,549"
5133,"3,514"
5135,"3,603"
5137,"3,010"
5139,"9,184"
5141,"3,647"
5143,"41,097"
5145,"14,506"
5147,"1,707"
5149,"3,749"
6000,"6,253,423"
6001,"197,984"
6003,"211"
6005,"4,313"
6007,"48,151"
6009,"6,057"
6011,"3,030"
6013,"115,466"
6015,"5,388"
6017,"20,715"
6019,"261,387"
6021,"4,723"
6023,"27,609"
6025,"40,162"
6027,"2,533"
6029,"206,604"
6031,"33,174"
6033,"15,387"
6035,"4,473"
6037,"1,863,025"
6039,"32,542"
6041,"22,272"
6043,"2,830"
6045,"16,256"
6047,"64,585"
6049,"1,770"
6051,"1,558"
6053,"70,259"
6055,"12,317"
6057,"11,193"
6059,"400,252"
6061,"30,490"
6063,"2,556"
6065,"392,706"
6067,"264,955"
6069,"8,162"
6071,"422,405"
6073,"467,248"
6075,"101,313"
6077,"145,167"
6079,"38,048"
6081,"56,580"
6083,"73,600"
6085,"159,553"
6087,"42,076"
6089,"26,016"
6091,"409"
6093,"9,076"
6095,"51,638"
6097,"55,742"
6099,"95,456"
6101,"14,485"
6103,"11,358"
6105,"2,577"
6107,"127,305"
6109,"7,177"
6111,"95,912"
6113,"39,493"
6115,"15,693"
8000,"632,987"
8001,"61,384"
8003,"3,385"
8005,"68,849"
8007,"1,782"
8009,"711"
8011,"1,278"
8013,"40,299"
8014,"2,464"
8015,"2,114"
8017,"243"
8019,"769"
8021,"1,888"
8023,"1,015"
8025,"1,244"
8027,"624"
8029,"4,574"
8031,"103,412"
8033,"304"
8035,"11,740"
8037,"4,116"
8039,"1,408"
8041,"78,363"
8043,"7,282"
8045,"5,777"
8047,"459"
8049,"1,511"
8051,"2,216"
8053,"78"
8055,"1,385"
8057,"232"
8059,"45,482"
8061,"187"
8063,"1,080"
8065,"1,158"
8067,"5,549"
8069,"40,447"
8071,"2,314"
8073,"814"
8075,"3,296"
8077,"22,155"
8079,"62"
8081,"1,439"
8083,"4,157"
8085,"6,257"
8087,"3,718"
8089,"4,686"
8091,"444"
8093,"1,525"
8095,"494"
8097,"1,228"
8099,"2,444"
8101,"29,845"
8103,"700"
8105,"2,087"
8107,"1,997"
8109,"1,842"
8111,"111"
8113,"774"
8115,"323"
8117,"2,831"
8119,"2,202"
8121,"524"
8123,"28,515"
8125,"1,394"
9000,"375,281"
9001,"83,132"
9003,"106,078"
9005,"14,015"
9007,"12,636"
9009,"108,729"
9011,"28,868"
9013,"10,253"
9015,"11,570"
10000,"118,032"
10001,"23,484"
10003,"65,642"
10005,"28,907"
11000,"114,790"
11001,"114,790"
12000,"3,231,142"
12001,"52,756"
12003,"4,826"
12005,"27,165"
12007,"5,287"
12009,"79,657"
12011,"268,418"
12013,"2,800"
12015,"19,704"
12017,"27,449"
12019,"21,658"
12021,"49,211"
12023,"13,604"
12027,"9,434"
12029,"3,911"
12031,"159,748"
12033,"44,320"
12035,"11,775"
12037,"2,507"
12039,"11,119"
12041,"3,139"
12043,"2,559"
12045,"2,836"
12047,"3,653"
12049,"7,642"
12051,"9,581"
12053,"26,629"
12055,"18,898"
12057,"217,968"
12059,"4,743"
12061,"21,098"
12063,"9,787"
12065,"2,285"
12067,"1,791"
12069,"42,954"
12071,"107,493"
12073,"62,734"
12075,"8,323"
12077,"1,544"
12079,"4,567"
12081,"49,017"
12083,"58,576"
12085,"18,091"
12086,"535,148"
12087,"10,626"
12089,"8,859"
12091,"23,680"
12093,"9,472"
12095,"222,654"
12097,"59,222"
12099,"204,862"
12101,"70,125"
12103,"139,881"
12105,"112,539"
12107,"20,167"
12109,"17,572"
12111,"49,752"
12113,"17,564"
12115,"42,343"
12117,"51,782"
12119,"11,528"
12121,"9,559"
12123,"4,475"
12125,"2,515"
12127,"87,670"
12129,"4,185"
12131,"9,357"
12133,"4,348"
13000,"1,802,783"
13001,"4,495"
13003,"2,163"
13005,"2,837"
13007,"886"
13009,"11,809"
13011,"3,077"
13013,"9,440"
13015,"14,398"
13017,"4,881"
13019,"4,923"
13021,"41,742"
13023,"2,668"
13025,"3,973"
13027,"4,410"
13029,"4,012"
13031,"20,890"
13033,"6,968"
13035,"4,474"
13037,"1,838"
13039,"5,980"
13043,"3,069"
13045,"24,983"
13047,"8,217"
13049,"2,946"
13051,"48,234"
13053,"1,606"
13055,"4,944"
13057,"21,331"
13059,"41,889"
13061,"1,132"
13063,"60,123"
13065,"1,919"
13067,"93,604"
13069,"11,140"
13071,"11,982"
13073,"13,098"
13075,"4,438"
13077,"16,804"
13079,"2,437"
13081,"7,327"
13083,"2,519"
13085,"2,671"
13087,"7,244"
13089,"144,818"
13091,"4,952"
13093,"3,731"
13095,"28,119"
13097,"19,423"
13099,"3,089"
13101,"1,078"
13103,"6,031"
13105,"4,101"
13107,"7,134"
13109,"2,792"
13111,"4,612"
13113,"7,479"
13115,"19,408"
13117,"12,863"
13119,"5,227"
13121,"168,027"
13123,"5,623"
13125,"574"
13127,"15,666"
13129,"9,800"
13131,"6,583"
13133,"3,984"
13135,"116,888"
13137,"6,320"
13139,"31,582"
13141,"2,585"
13143,"5,300"
13145,"3,071"
13147,"5,284"
13149,"2,174"
13151,"29,088"
13153,"25,310"
13155,"2,133"
13157,"8,283"
13159,"2,424"
13161,"3,635"
13163,"4,154"
13165,"2,727"
13167,"2,418"
13169,"4,119"
13171,"3,605"
13173,"2,417"
13175,"11,903"
13177,"3,331"
13179,"10,742"
13181,"1,354"
13183,"3,666"
13185,"26,225"
13187,"5,297"
13189,"5,817"
13191,"3,290"
13193,"4,054"
13195,"5,534"
13197,"2,255"
13199,"4,931"
13201,"1,460"
13205,"6,693"
13207,"3,815"
13209,"1,860"
13211,"2,673"
13213,"7,283"
13215,"42,237"
13217,"19,738"
13219,"2,755"
13221,"2,291"
13223,"15,777"
13225,"5,589"
13227,"3,655"
13229,"3,540"
13231,"2,405"
13233,"8,351"
13235,"2,453"
13237,"3,967"
13239,"682"
13241,"3,287"
13243,"2,496"
13245,"49,562"
13247,"14,983"
13249,"1,035"
13251,"3,584"
13253,"2,258"
13255,"17,205"
13257,"5,184"
13259,"1,664"
13261,"9,996"
13263,"1,513"
13265,"545"
13267,"5,833"
13269,"2,114"
13271,"4,274"
13273,"2,632"
13275,"10,827"
13277,"11,178"
13279,"6,586"
13281,"1,817"
13283,"1,752"
13285,"13,099"
13287,"2,472"
13289,"2,309"
13291,"3,260"
13293,"6,661"
13295,"13,348"
13297,"13,499"
13299,"9,595"
13301,"1,573"
13303,"5,734"
13305,"7,032"
13307,"603"
13309,"2,103"
13311,"4,606"
13313,"21,240"
13315,"2,113"
13317,"2,617"
13319,"2,130"
13321,"4,692"
15000,"158,266"
15001,"34,598"
15003,"93,994"
15005,""
15007,"8,570"
15009,"21,103"
16000,"237,604"
16001,"48,083"
16003,"569"
16005,"14,116"
16007,"795"
16009,"1,418"
16011,"6,720"
16013,"2,262"
16015,"1,057"
16017,"6,686"
16019,"16,643"
16021,"1,817"
16023,"385"
16025,"133"
16027,"35,950"
16029,"778"
16031,"3,615"
16033,"150"
16035,"1,308"
16037,"645"
16039,"3,656"
16041,"1,393"
16043,"1,872"
16045,"2,645"
16047,"2,560"
16049,"2,565"
16051,"3,093"
16053,"3,543"
16055,"18,765"
16057,"7,008"
16059,"1,392"
16061,"523"
16063,"742"
16065,"10,050"
16067,"3,403"
16069,"5,689"
16071,"573"
16073,"2,645"
16075,"3,213"
16077,"1,183"
16079,"2,310"
16081,"1,198"
16083,"11,553"
16085,"1,142"
16087,"1,757"
17000,"1,802,337"
17001,"9,185"
17003,"2,491"
17005,"2,463"
17007,"5,447"
17009,"665"
17011,"4,369"
17013,"587"
17015,"1,821"
17017,"1,702"
17019,"43,210"
17021,"4,639"
17023,"2,213"
17025,"1,811"
17027,"3,554"
17029,"11,228"
17031,"883,001"
17033,"2,721"
17035,"1,298"
17037,"14,452"
17039,"1,735"
17041,"1,957"
17043,"72,895"
17045,"2,636"
17047,"756"
17049,"3,987"
17051,"3,495"
17053,"1,604"
17055,"7,684"
17057,"5,453"
17059,"917"
17061,"2,118"
17063,"4,261"
17065,"1,149"
17067,"2,126"
17069,"847"
17071,"802"
17073,"5,501"
17075,"4,486"
17077,"16,945"
17079,"1,045"
17081,"7,046"
17083,"2,505"
17085,"2,352"
17087,"1,751"
17089,"55,787"
17091,"15,667"
17093,"6,477"
17095,"9,289"
17097,"64,993"
17099,"14,686"
17101,"2,521"
17103,"3,479"
17105,"4,115"
17107,"3,178"
17109,"6,549"
17111,"20,905"
17113,"23,326"
17115,"17,003"
17117,"5,868"
17119,"34,436"
17121,"7,004"
17123,"1,255"
17125,"2,014"
17127,"3,029"
17129,"1,245"
17131,"1,511"
17133,"1,710"
17135,"4,577"
17137,"4,832"
17139,"1,705"
17141,"5,856"
17143,"30,408"
17145,"3,200"
17147,"1,206"
17149,"2,338"
17151,"799"
17153,"1,332"
17155,"512"
17157,"3,949"
17159,"2,284"
17161,"23,015"
17163,"49,691"
17165,"4,983"
17167,"29,897"
17169,"954"
17171,"614"
17173,"2,539"
17175,"677"
17177,"6,417"
17179,"12,112"
17181,"3,079"
17183,"14,555"
17185,"1,690"
17187,"2,261"
17189,"1,441"
17191,"2,457"
17193,"1,963"
17195,"6,771"
17197,"54,720"
17199,"10,271"
17201,"47,864"
17203,"2,411"
18000,"968,437"
18001,"5,273"
18003,"54,597"
18005,"9,338"
18007,"1,102"
18009,"1,821"
18011,"4,409"
18013,"1,908"
18015,"2,137"
18017,"5,170"
18019,"11,945"
18021,"3,791"
18023,"3,992"
18025,"1,894"
18027,"4,433"
18029,"5,688"
18031,"3,404"
18033,"4,224"
18035,"23,985"
18037,"3,312"
18039,"27,469"
18041,"3,765"
18043,"8,644"
18045,"2,393"
18047,"2,522"
18049,"2,631"
18051,"3,871"
18053,"12,684"
18055,"4,989"
18057,"14,813"
18059,"4,907"
18061,"3,858"
18063,"9,634"
18065,"7,012"
18067,"13,655"
18069,"3,768"
18071,"6,379"
18073,"3,340"
18075,"4,154"
18077,"4,913"
18079,"4,814"
18081,"14,711"
18083,"6,141"
18085,"9,235"
18087,"4,146"
18089,"85,233"
18091,"18,671"
18093,"5,622"
18095,"20,564"
18097,"194,803"
18099,"5,041"
18101,"1,351"
18103,"5,543"
18105,"30,812"
18107,"4,544"
18109,"7,917"
18111,"1,607"
18113,"5,159"
18115,"659"
18117,"3,463"
18119,"3,180"
18121,"2,719"
18123,"2,754"
18125,"1,393"
18127,"16,369"
18129,"2,703"
18131,"1,806"
18133,"4,341"
18135,"4,003"
18137,"2,980"
18139,"2,387"
18141,"44,228"
18143,"4,106"
18145,"5,142"
18147,"1,908"
18149,"3,552"
18151,"4,208"
18153,"3,158"
18155,"1,793"
18157,"37,311"
18159,"1,448"
18161,"988"
18163,"30,984"
18165,"2,135"
18167,"19,910"
18169,"4,621"
18171,"811"
18173,"4,926"
18175,"4,455"
18177,"11,570"
18179,"2,916"
18181,"2,680"
18183,"3,088"
19000,"368,678"
19001,"751"
19003,"466"
19005,"1,701"
19007,"2,191"
19009,"626"
19011,"2,220"
19013,"18,419"
19015,"2,671"
19017,"1,734"
19019,"2,208"
19021,"2,415"
19023,"1,454"
19025,"1,261"
19027,"2,001"
19029,"1,717"
19031,"1,432"
19033,"5,047"
19035,"1,099"
19037,"1,183"
19039,"1,305"
19041,"1,858"
19043,"1,878"
19045,"6,050"
19047,"1,965"
19049,"4,745"
19051,"1,330"
19053,"1,586"
19055,"1,532"
19057,"6,208"
19059,"1,234"
19061,"10,654"
19063,"1,074"
19065,"2,807"
19067,"2,010"
19069,"1,234"
19071,"804"
19073,"1,192"
19075,"812"
19077,"1,304"
19079,"1,400"
19081,"914"
19083,"1,916"
19085,"1,540"
19087,"2,487"
19089,"1,124"
19091,"956"
19093,"754"
19095,"1,211"
19097,"2,172"
19099,"3,923"
19101,"2,673"
19103,"21,391"
19105,"2,232"
19107,"1,362"
19109,"1,442"
19111,"5,991"
19113,"19,779"
19115,"1,216"
19117,"1,376"
19119,"906"
19121,"1,357"
19123,"2,797"
19125,"3,538"
19127,"5,113"
19129,"1,384"
19131,"1,209"
19133,"1,254"
19135,"916"
19137,"1,961"
19139,"4,799"
19141,"1,417"
19143,"557"
19145,"2,056"
19147,"1,001"
19149,"1,863"
19151,"897"
19153,"58,971"
19155,"11,120"
19157,"2,063"
19159,"804"
19161,"1,060"
19163,"20,437"
19165,"1,118"
19167,"2,405"
19169,"16,276"
19171,"2,210"
19173,"793"
19175,"1,560"
19177,"1,063"
19179,"5,709"
19181,"2,925"
19183,"2,210"
19185,"1,050"
19187,"5,550"
19189,"1,056"
19191,"1,747"
19193,"15,151"
19195,"823"
19197,"1,511"
20000,"381,506"
20001,"2,267"
20003,"1,107"
20005,"2,666"
20007,"600"
20009,"4,739"
20011,"2,637"
20013,"1,680"
20015,"7,194"
20017,"334"
20019,"555"
20021,"3,573"
20023,"303"
20025,"270"
20027,"887"
20029,"1,250"
20031,"905"
20033,"213"
20035,"5,086"
20037,"7,764"
20039,"389"
20041,"2,115"
20043,"1,109"
20045,"20,961"
20047,"314"
20049,"461"
20051,"3,646"
20053,"670"
20055,"6,871"
20057,"5,106"
20059,"3,328"
20061,"4,966"
20063,"277"
20065,"304"
20067,"844"
20069,"497"
20071,"138"
20073,"1,048"
20075,"333"
20077,"733"
20079,"4,265"
20081,"436"
20083,"166"
20085,"1,377"
20087,"1,745"
20089,"407"
20091,"37,315"
20093,"465"
20095,"836"
20097,"302"
20099,"3,754"
20101,"183"
20103,"7,856"
20105,"395"
20107,"1,388"
20109,"266"
20111,"5,721"
20113,"2,478"
20115,"1,360"
20117,"1,094"
20119,"494"
20121,"3,061"
20123,"674"
20125,"5,888"
20127,"703"
20129,"335"
20131,"974"
20133,"2,804"
20135,"301"
20137,"639"
20139,"2,021"
20141,"470"
20143,"620"
20145,"817"
20147,"621"
20149,"2,262"
20151,"974"
20153,"299"
20155,"9,577"
20157,"594"
20159,"1,369"
20161,"13,379"
20163,"608"
20165,"379"
20167,"913"
20169,"7,044"
20171,"411"
20173,"73,532"
20175,"3,617"
20177,"26,058"
20179,"273"
20181,"968"
20183,"500"
20185,"594"
20187,"236"
20189,"554"
20191,"3,064"
20193,"851"
20195,"279"
20197,"666"
20199,"178"
20201,"590"
20203,"246"
20205,"1,478"
20207,"569"
20209,"39,074"
21000,"812,803"
21001,"4,644"
21003,"3,816"
21005,"2,450"
21007,"1,359"
21009,"8,247"
21011,"2,733"
21013,"8,955"
21015,"10,009"
21017,"3,774"
21019,"10,705"
21021,"4,627"
21023,"1,540"
21025,"4,340"
21027,"3,740"
21029,"9,474"
21031,"2,596"
21033,"2,282"
21035,"7,052"
21037,"11,724"
21039,"833"
21041,"2,139"
21043,"6,322"
21045,"4,699"
21047,"14,868"
21049,"5,615"
21051,"7,267"
21053,"2,565"
21055,"1,823"
21057,"1,841"
21059,"14,370"
21061,"2,366"
21063,"2,133"
21065,"4,254"
21067,"59,007"
21069,"2,795"
21071,"11,702"
21073,"6,184"
21075,"1,812"
21077,"1,419"
21079,"3,004"
21081,"4,103"
21083,"6,550"
21085,"5,488"
21087,"2,339"
21089,"5,846"
21091,"1,193"
21093,"14,905"
21095,"9,436"
21097,"3,386"
21099,"4,200"
21101,"8,227"
21103,"2,814"
21105,"828"
21107,"7,594"
21109,"3,514"
21111,"124,850"
21113,"7,190"
21115,"5,817"
21117,"24,923"
21119,"5,113"
21121,"10,824"
21123,"2,486"
21125,"14,610"
21127,"4,041"
21129,"2,292"
21131,"3,514"
21133,"6,949"
21135,"4,707"
21137,"6,650"
21139,"1,299"
21141,"4,486"
21143,"1,108"
21145,"11,214"
21147,"7,525"
21149,"1,580"
21151,"15,947"
21153,"3,850"
21155,"4,065"
21157,"3,977"
21159,"4,401"
21161,"3,115"
21163,"3,616"
21165,"1,668"
21167,"3,720"
21169,"2,484"
21171,"2,748"
21173,"5,620"
21175,"3,489"
21177,"6,368"
21179,"5,618"
21181,"1,342"
21183,"4,633"
21185,"3,211"
21187,"1,848"
21189,"1,984"
21191,"2,229"
21193,"7,401"
21195,"16,796"
21197,"3,247"
21199,"16,338"
21201,"492"
21203,"3,956"
21205,"4,953"
21207,"4,608"
21209,"5,406"
21211,"5,548"
21213,"2,610"
21215,"1,545"
21217,"6,333"
21219,"2,368"
21221,"2,218"
21223,"1,408"
21225,"2,832"
21227,"20,900"
21229,"2,284"
21231,"5,252"
21233,"2,220"
21235,"10,097"
21237,"2,558"
21239,"2,812"
22000,"898,902"
22001,"13,527"
22003,"4,832"
22005,"15,873"
22007,"4,067"
22009,"9,639"
22011,"6,559"
22013,"3,704"
22015,"17,520"
22017,"59,514"
22019,"35,591"
22021,"2,168"
22023,"809"
22025,"2,158"
22027,"3,789"
22029,"5,855"
22031,"6,298"
22033,"80,273"
22035,"2,751"
22037,"3,543"
22039,"7,757"
22041,"5,718"
22043,"4,417"
22045,"14,132"
22047,"5,867"
22049,"3,679"
22051,"68,333"
22053,"6,700"
22055,"34,809"
22057,"16,903"
22059,"2,447"
22061,"12,699"
22063,"16,499"
22065,"4,250"
22067,"7,608"
22069,"11,500"
22071,"103,855"
22073,"35,619"
22075,"3,715"
22077,"4,072"
22079,"25,480"
22081,"2,140"
22083,"4,932"
22085,"5,022"
22087,"7,869"
22089,"6,272"
22091,"2,515"
22093,"3,450"
22095,"8,995"
22097,"24,857"
22099,"9,460"
22101,"11,395"
22103,"27,292"
22105,"27,726"
22107,"1,538"
22109,"23,321"
22111,"4,835"
22113,"10,775"
22115,"6,911"
22117,"12,979"
22119,"8,681"
22121,"5,012"
22123,"2,492"
22125,"2,415"
22127,"3,487"
23000,"181,737"
23001,"16,125"
23003,"13,603"
23005,"30,257"
23007,"4,592"
23009,"6,886"
23011,"16,257"
23013,"5,315"
23015,"3,951"
23017,"9,083"
23019,"26,330"
23021,"3,403"
23023,"3,642"
23025,"8,681"
23027,"5,752"
23029,"5,725"
23031,"22,134"
24000,"604,762"
24001,"12,063"
24003,"36,632"
24005,"78,935"
24009,"6,441"
24011,"5,108"
24013,"9,673"
24015,"10,751"
24017,"11,000"
24019,"5,608"
24021,"15,670"
24023,"3,610"
24025,"19,664"
24027,"18,818"
24029,"2,544"
24031,"73,213"
24033,"91,060"
24035,"3,620"
24037,"9,239"
24039,"5,197"
24041,"4,333"
24043,"19,416"
24045,"16,317"
24047,"6,067"
24510,"139,782"
25000,"760,211"
25001,"18,801"
25003,"16,037"
25005,"66,553"
25007,"1,544"
25009,"80,526"
25011,"8,397"
25013,"80,178"
25015,"20,809"
25017,"134,684"
25019,"765"
25021,"43,999"
25023,"42,124"
25025,"155,184"
25027,"90,611"
26000,"1,567,465"
26001,"1,803"
26003,"1,310"
26005,"12,851"
26007,"4,793"
26009,"2,996"
26011,"3,010"
26013,"1,208"
26015,"5,971"
26017,"17,614"
26019,"2,043"
26021,"26,842"
26023,"6,310"
26025,"20,194"
26027,"7,555"
26029,"3,241"
26031,"4,054"
26033,"6,623"
26035,"7,376"
26037,"7,616"
26039,"2,230"
26041,"5,335"
26043,"3,674"
26045,"10,493"
26047,"3,793"
26049,"87,632"
26051,"4,646"
26053,"2,961"
26055,"8,546"
26057,"6,709"
26059,"7,351"
26061,"6,280"
26063,"4,469"
26065,"53,518"
26067,"8,889"
26069,"4,748"
26071,"1,916"
26073,"18,099"
26075,"23,035"
26077,"47,221"
26079,"2,998"
26081,"94,696"
26083,"281"
26085,"3,194"
26087,"9,590"
26089,"1,922"
26091,"13,651"
26093,"11,312"
26095,"1,081"
26097,"1,682"
26099,"104,347"
26101,"3,822"
26103,"9,701"
26105,"4,637"
26107,"9,146"
26109,"3,383"
26111,"9,740"
26113,"2,389"
26115,"15,436"
26117,"12,197"
26119,"1,433"
26121,"33,197"
26123,"9,922"
26125,"122,452"
26127,"5,206"
26129,"4,438"
26131,"1,084"
26133,"4,643"
26135,"1,703"
26137,"3,142"
26139,"24,462"
26141,"2,071"
26143,"4,882"
26145,"32,739"
26147,"21,850"
26149,"11,088"
26151,"6,028"
26153,"1,410"
26155,"10,349"
26157,"8,304"
26159,"12,261"
26161,"48,651"
26163,"419,820"
26165,"6,171"
27000,"607,870"
27001,"2,306"
27003,"25,800"
27005,"4,793"
27007,"8,056"
27009,"5,272"
27011,"640"
27013,"11,095"
27015,"2,153"
27017,"4,086"
27019,"4,613"
27021,"4,434"
27023,"1,371"
27025,"3,251"
27027,"7,704"
27029,"1,540"
27031,"537"
27033,"1,473"
27035,"6,815"
27037,"29,892"
27039,"1,531"
27041,"3,474"
27043,"1,866"
27045,"2,360"
27047,"3,774"
27049,"4,377"
27051,"615"
27053,"154,785"
27055,"1,560"
27057,"2,491"
27059,"2,971"
27061,"6,545"
27063,"992"
27065,"2,166"
27067,"4,783"
27069,"427"
27071,"1,933"
27073,"700"
27075,"1,098"
27077,"412"
27079,"2,434"
27081,"577"
27083,"2,839"
27085,"2,797"
27087,"1,063"
27089,"891"
27091,"2,434"
27093,"2,268"
27095,"3,035"
27097,"3,839"
27099,"4,700"
27101,"796"
27103,"3,134"
27105,"2,769"
27107,"868"
27109,"14,462"
27111,"6,363"
27113,"1,274"
27115,"4,762"
27117,"1,110"
27119,"3,875"
27121,"1,129"
27123,"85,264"
27125,"368"
27127,"1,886"
27129,"1,661"
27131,"7,510"
27133,"890"
27135,"1,418"
27137,"32,867"
27139,"7,590"
27141,"6,395"
27143,"1,353"
27145,"19,537"
27147,"3,931"
27149,"1,258"
27151,"1,005"
27153,"4,250"
27155,"400"
27157,"1,549"
27159,"2,107"
27161,"1,793"
27163,"14,735"
27165,"1,135"
27167,"653"
27169,"7,400"
27171,"7,700"
27173,"1,105"
28000,"634,960"
28001,"9,586"
28003,"7,966"
28005,"2,891"
28007,"4,449"
28009,"2,102"
28011,"10,882"
28013,"3,633"
28015,"1,763"
28017,"4,151"
28019,"1,979"
28021,"3,430"
28023,"3,634"
28025,"5,649"
28027,"8,498"
28029,"7,317"
28031,"5,064"
28033,"17,112"
28035,"19,236"
28037,"1,590"
28039,"3,867"
28041,"2,636"
28043,"5,287"
28045,"8,993"
28047,"36,288"
28049,"55,541"
28051,"7,717"
28053,"3,480"
28055,"431"
28057,"3,880"
28059,"21,723"
28061,"3,751"
28063,"2,764"
28065,"3,488"
28067,"16,272"
28069,"2,615"
28071,"12,011"
28073,"8,479"
28075,"16,466"
28077,"2,778"
28079,"5,751"
28081,"16,289"
28083,"11,794"
28085,"7,392"
28087,"13,781"
28089,"13,115"
28091,"7,611"
28093,"7,377"
28095,"7,122"
28097,"2,536"
28099,"6,010"
28101,"4,736"
28103,"3,420"
28105,"13,295"
28107,"8,863"
28109,"10,425"
28111,"2,738"
28113,"11,942"
28115,"5,429"
28117,"5,463"
28119,"2,712"
28121,"15,792"
28123,"7,580"
28125,"1,710"
28127,"6,967"
28129,"3,345"
28131,"3,210"
28133,"8,102"
28135,"4,596"
28137,"5,000"
28139,"4,143"
28141,"3,385"
28143,"2,924"
28145,"4,412"
28147,"3,885"
28149,"10,290"
28151,"16,872"
28153,"5,032"
28155,"2,191"
28157,"2,641"
28159,"4,740"
28161,"2,832"
28163,"8,112"
29000,"908,394"
29001,"6,109"
29003,"1,834"
29005,"645"
29007,"4,084"
29009,"7,101"
29011,"2,280"
29013,"2,976"
29015,"3,614"
29017,"2,466"
29019,"31,804"
29021,"15,129"
29023,"8,960"
29025,"1,423"
29027,"5,779"
29029,"7,600"
29031,"12,603"
29033,"1,472"
29035,"1,492"
29037,"10,455"
29039,"2,946"
29041,"894"
29043,"9,217"
29045,"1,067"
29047,"21,041"
29049,"2,453"
29051,"9,521"
29053,"2,230"
29055,"5,018"
29057,"1,387"
29059,"3,502"
29061,"1,363"
29063,"1,697"
29065,"3,322"
29067,"3,078"
29069,"9,098"
29071,"11,919"
29073,"1,961"
29075,"1,030"
29077,"56,481"
29079,"1,890"
29081,"1,609"
29083,"3,980"
29085,"2,014"
29087,"636"
29089,"1,479"
29091,"8,706"
29093,"2,201"
29095,"111,130"
29097,"22,445"
29099,"23,387"
29101,"7,338"
29103,"757"
29105,"6,412"
29107,"4,278"
29109,"6,938"
29111,"1,341"
29113,"8,376"
29115,"2,419"
29117,"2,232"
29119,"4,992"
29121,"2,569"
29123,"2,473"
29125,"1,428"
29127,"4,965"
29129,"549"
29131,"4,303"
29133,"3,951"
29135,"2,008"
29137,"1,353"
29139,"1,830"
29141,"4,112"
29143,"4,160"
29145,"8,198"
29147,"3,949"
29149,"2,560"
29151,"1,358"
29153,"2,098"
29155,"4,998"
29157,"2,194"
29159,"7,239"
29161,"9,019"
29163,"3,058"
29165,"6,487"
29167,"5,348"
29169,"6,899"
29171,"888"
29173,"1,186"
29175,"4,131"
29177,"3,456"
29179,"1,382"
29181,"3,466"
29183,"25,281"
29185,"2,002"
29186,"2,310"
29187,"11,974"
29189,"93,882"
29195,"3,574"
29197,"779"
29199,"774"
29201,"7,972"
29203,"2,324"
29205,"979"
29207,"5,577"
29209,"4,973"
29211,"1,113"
29213,"9,819"
29215,"5,097"
29217,"3,558"
29219,"4,222"
29221,"6,088"
29223,"3,504"
29225,"6,386"
29227,"313"
29229,"4,096"
29510,"88,571"
30000,"151,915"
30001,"1,343"
30003,"4,016"
30005,"1,643"
30007,"653"
30009,"1,315"
30011,"161"
30013,"11,403"
30015,"1,129"
30017,"1,279"
30019,"189"
30021,"1,052"
30023,"1,451"
30025,"245"
30027,"1,640"
30029,"12,776"
30031,"13,071"
30033,"198"
30035,"4,259"
30037,"165"
30039,"458"
30041,"2,845"
30043,"1,184"
30045,"290"
30047,"6,541"
30049,"7,736"
30051,"432"
30053,"3,622"
30055,"257"
30057,"976"
30059,"321"
30061,"731"
30063,"17,216"
30065,"866"
30067,"2,310"
30069,"85"
30071,"648"
30073,"1,221"
30075,"214"
30077,"1,083"
30079,"138"
30081,"7,013"
30083,"949"
30085,"2,653"
30087,"1,892"
30089,"2,316"
30091,"370"
30093,"6,575"
30095,"776"
30097,"431"
30099,"817"
30101,"762"
30103,"91"
30105,"935"
30107,"397"
30109,"128"
30111,"18,645"
31000,"225,054"
31001,"3,746"
31003,"885"
31005,"46"
31007,"95"
31009,"79"
31011,"540"
31013,"1,274"
31015,"276"
31017,"372"
31019,"5,738"
31021,"683"
31023,"745"
31025,"1,726"
31027,"878"
31029,"363"
31031,"757"
31033,"902"
31035,"702"
31037,"1,072"
31039,"809"
31041,"1,413"
31043,"3,044"
31045,"1,537"
31047,"3,248"
31049,"226"
31051,"604"
31053,"4,564"
31055,"74,169"
31057,"256"
31059,"551"
31061,"410"
31063,"353"
31065,"608"
31067,"2,338"
31069,"293"
31071,"231"
31073,"175"
31075,"68"
31077,"307"
31079,"8,834"
31081,"622"
31083,"391"
31085,"135"
31087,"397"
31089,"1,281"
31091,"67"
31093,"726"
31095,"829"
31097,"575"
31099,"627"
31101,"964"
31103,"166"
31105,"428"
31107,"1,229"
31109,"40,146"
31111,"5,112"
31113,"70"
31115,"91"
31117,"69"
31119,"4,662"
31121,"791"
31123,"669"
31125,"403"
31127,"900"
31129,"575"
31131,"1,544"
31133,"324"
31135,"295"
31137,"845"
31139,"707"
31141,"2,687"
31143,"410"
31145,"1,227"
31147,"1,142"
31149,"211"
31151,"1,328"
31153,"8,991"
31155,"1,678"
31157,"5,563"
31159,"1,292"
31161,"826"
31163,"366"
31165,"208"
31167,"557"
31169,"541"
31171,"105"
31173,"2,338"
31175,"511"
31177,"1,450"
31179,"1,132"
31181,"450"
31183,"96"
31185,"1,388"
32000,"430,447"
32001,"3,107"
32003,"318,965"
32005,"4,861"
32007,"5,581"
32009,"115"
32011,"197"
32013,"1,819"
32015,"656"
32017,"741"
32019,"7,039"
32021,"843"
32023,"7,019"
32027,"931"
32029,"327"
32031,"67,110"
32033,"1,195"
32510,"9,940"
33000,"117,822"
33001,"5,922"
33003,"5,003"
33005,"8,467"
33007,"4,508"
33009,"9,584"
33011,"34,507"
33013,"13,390"
33015,"18,267"
33017,"13,735"
33019,"4,437"
34000,"972,441"
34001,"40,761"
34003,"70,557"
34005,"31,331"
34007,"65,551"
34009,"12,080"
34011,"28,287"
34013,"130,059"
34015,"23,626"
34017,"117,129"
34019,"5,742"
34021,"41,715"
34023,"67,331"
34025,"51,001"
34027,"24,782"
34029,"68,832"
34031,"90,553"
34033,"8,307"
34035,"16,496"
34037,"8,875"
34039,"60,679"
34041,"8,747"
35000,"420,388"
35001,"124,091"
35003,"783"
35005,"14,988"
35006,"7,162"
35007,"2,510"
35009,"9,472"
35011,"374"
35013,"58,462"
35015,"7,863"
35017,"5,437"
35019,"1,006"
35021,"101"
35023,"1,099"
35025,"11,231"
35027,"3,933"
35028,"743"
35029,"7,386"
35031,"26,327"
35033,"1,108"
35035,"12,658"
35037,"2,018"
35039,"9,503"
35041,"4,415"
35043,"17,264"
35045,"25,680"
35047,"6,948"
35049,"20,700"
35051,"2,627"
35053,"5,194"
35055,"6,317"
35057,"4,130"
35059,"704"
35061,"18,156"
36000,"3,082,613"
36001,"39,589"
36003,"7,943"
36005,"440,989"
36007,"32,100"
36009,"12,350"
36011,"9,488"
36013,"24,433"
36015,"15,101"
36017,"8,078"
36019,"12,419"
36021,"7,023"
36023,"6,206"
36025,"6,400"
36027,"28,417"
36029,"136,135"
36031,"4,356"
36033,"8,393"
36035,"9,444"
36037,"6,841"
36039,"4,989"
36041,"537"
36043,"10,279"
36045,"17,009"
36047,"607,086"
36049,"3,833"
36051,"8,640"
36053,"7,962"
36055,"103,280"
36057,"9,248"
36059,"89,120"
36061,"280,877"
36063,"28,129"
36065,"38,971"
36067,"72,873"
36069,"12,241"
36071,"49,122"
36073,"6,129"
36075,"22,618"
36077,"10,606"
36079,"6,144"
36081,"352,481"
36083,"19,990"
36085,"67,827"
36087,"46,955"
36089,"18,981"
36091,"15,977"
36093,"20,089"
36095,"4,790"
36097,"2,786"
36099,"4,560"
36101,"16,098"
36103,"113,319"
36105,"11,968"
36107,"5,644"
36109,"17,123"
36111,"23,615"
36113,"8,572"
36115,"8,607"
36117,"11,678"
36119,"98,067"
36121,"4,608"
36123,"3,481"
37000,"1,663,954"
37001,"27,115"
37003,"5,923"
37005,"2,205"
37007,"5,860"
37009,"5,629"
37011,"3,041"
37013,"8,863"
37015,"5,212"
37017,"8,750"
37019,"18,438"
37021,"33,936"
37023,"17,732"
37025,"23,213"
37027,"15,102"
37029,"1,002"
37031,"9,945"
37033,"4,317"
37035,"24,642"
37037,"9,404"
37039,"5,620"
37041,"3,310"
37043,"1,935"
37045,"20,081"
37047,"13,119"
37049,"16,289"
37051,"55,792"
37053,"2,758"
37055,"3,831"
37057,"27,440"
37059,"5,681"
37061,"16,419"
37063,"46,899"
37065,"13,925"
37067,"69,871"
37069,"9,401"
37071,"34,776"
37073,"1,794"
37075,"1,754"
37077,"8,664"
37079,"5,311"
37081,"86,041"
37083,"12,128"
37085,"25,281"
37087,"8,961"
37089,"14,185"
37091,"5,632"
37093,"9,897"
37095,"1,080"
37097,"20,917"
37099,"8,748"
37101,"27,504"
37103,"2,213"
37105,"10,830"
37107,"12,806"
37109,"12,626"
37111,"7,685"
37113,"6,061"
37115,"3,972"
37117,"4,584"
37119,"151,386"
37121,"2,894"
37123,"5,564"
37125,"14,281"
37127,"16,796"
37129,"37,908"
37131,"5,117"
37133,"24,618"
37135,"18,514"
37137,"2,184"
37139,"6,978"
37141,"8,502"
37143,"2,293"
37145,"7,236"
37147,"39,398"
37149,"2,942"
37151,"23,570"
37153,"11,033"
37155,"43,106"
37157,"17,540"
37159,"24,137"
37161,"14,045"
37163,"18,218"
37165,"9,569"
37167,"9,685"
37169,"6,355"
37171,"13,633"
37173,"2,716"
37175,"5,203"
37177,"1,018"
37179,"23,279"
37181,"11,896"
37183,"112,936"
37185,"4,371"
37187,"3,334"
37189,"12,227"
37191,"28,355"
37193,"15,885"
37195,"19,057"
37197,"6,430"
37199,"3,590"
38000,"79,203"
38001,"236"
38003,"1,097"
38005,"2,025"
38007,"69"
38009,"618"
38011,"238"
38013,"185"
38015,"7,160"
38017,"18,221"
38019,"341"
38021,"566"
38023,"197"
38025,"412"
38027,"244"
38029,"443"
38031,"265"
38033,"189"
38035,"11,010"
38037,"376"
38039,"214"
38041,"276"
38043,"341"
38045,"395"
38047,"223"
38049,"726"
38051,"348"
38053,"934"
38055,"952"
38057,"629"
38059,"2,678"
38061,"899"
38063,"319"
38065,"194"
38067,"621"
38069,"479"
38071,"1,360"
38073,"438"
38075,"195"
38077,"1,488"
38079,"4,560"
38081,"281"
38083,"213"
38085,"1,457"
38087,"72"
38089,"2,259"
38091,"138"
38093,"2,255"
38095,"247"
38097,"682"
38099,"1,172"
38101,"5,644"
38103,"448"
38105,"2,174"
39000,"1,778,288"
39001,"6,864"
39003,"17,839"
39005,"7,400"
39007,"20,547"
39009,"16,630"
39011,"3,744"
39013,"10,537"
39015,"6,503"
39017,"52,128"
39019,"3,742"
39021,"4,309"
39023,"24,315"
39025,"22,370"
39027,"5,584"
39029,"16,171"
39031,"6,527"
39033,"6,441"
39035,"241,829"
39037,"6,281"
39039,"4,392"
39041,"8,952"
39043,"10,343"
39045,"14,147"
39047,"4,440"
39049,"208,629"
39051,"4,414"
39053,"7,667"
39055,"7,299"
39057,"20,447"
39059,"6,729"
39061,"138,939"
39063,"9,313"
39065,"5,586"
39067,"2,578"
39069,"2,808"
39071,"8,199"
39073,"4,944"
39075,"5,348"
39077,"7,759"
39079,"6,450"
39081,"13,050"
39083,"8,724"
39085,"20,156"
39087,"10,643"
39089,"22,272"
39091,"7,637"
39093,"43,499"
39095,"87,923"
39097,"4,890"
39099,"42,601"
39101,"12,683"
39103,"12,230"
39105,"5,199"
39107,"3,577"
39109,"10,920"
39111,"2,232"
39113,"101,914"
39115,"2,646"
39117,"4,197"
39119,"15,955"
39121,"1,888"
39123,"4,110"
39125,"2,320"
39127,"6,276"
39129,"6,833"
39131,"6,061"
39133,"21,810"
39135,"5,340"
39137,"2,621"
39139,"18,246"
39141,"13,658"
39143,"8,592"
39145,"20,049"
39147,"9,254"
39149,"5,167"
39151,"54,744"
39153,"71,490"
39155,"34,593"
39157,"12,252"
39159,"3,924"
39161,"2,837"
39163,"3,110"
39165,"12,441"
39167,"9,307"
39169,"15,491"
39171,"5,125"
39173,"16,448"
39175,"2,208"
40000,"623,162"
40001,"5,975"
40003,"783"
40005,"2,826"
40007,"567"
40009,"3,240"
40011,"1,795"
40013,"8,258"
40015,"6,399"
40017,"9,811"
40019,"7,870"
40021,"9,584"
40023,"4,000"
40025,"410"
40027,"32,649"
40029,"1,195"
40031,"21,256"
40033,"1,081"
40035,"2,644"
40037,"10,966"
40039,"4,439"
40041,"7,707"
40043,"595"
40045,"491"
40047,"8,884"
40049,"5,222"
40051,"6,366"
40053,"542"
40055,"1,260"
40057,"667"
40059,"399"
40061,"3,136"
40063,"2,873"
40065,"4,338"
40067,"1,411"
40069,"2,160"
40071,"8,040"
40073,"1,535"
40075,"1,745"
40077,"2,087"
40079,"11,499"
40081,"5,089"
40083,"5,990"
40085,"1,204"
40087,"3,788"
40089,"6,805"
40091,"4,429"
40093,"898"
40095,"2,858"
40097,"7,085"
40099,"2,026"
40101,"14,708"
40103,"1,522"
40105,"1,660"
40107,"2,791"
40109,"134,346"
40111,"8,073"
40113,"7,670"
40115,"6,863"
40117,"2,494"
40119,"17,109"
40121,"9,134"
40123,"6,270"
40125,"11,971"
40127,"2,538"
40129,"459"
40131,"8,828"
40133,"6,114"
40135,"11,377"
40137,"6,779"
40139,"2,887"
40141,"1,747"
40143,"91,246"
40145,"7,390"
40147,"7,073"
40149,"1,561"
40151,"1,181"
40153,"2,495"
41000,"637,156"
41001,"3,232"
41003,"15,545"
41005,"37,450"
41007,"5,672"
41009,"5,880"
41011,"12,144"
41013,"3,809"
41015,"3,780"
41017,"22,298"
41019,"21,001"
41021,"223"
41023,"1,190"
41025,"1,489"
41027,"3,298"
41029,"37,566"
41031,"4,513"
41033,"16,921"
41035,"14,092"
41037,"1,429"
41039,"64,722"
41041,"8,628"
41043,"22,559"
41045,"7,756"
41047,"56,064"
41049,"1,824"
41051,"141,562"
41053,"10,721"
41055,"241"
41057,"4,347"
41059,"13,041"
41061,"4,418"
41063,"1,063"
41065,"4,192"
41067,"69,403"
41069,"315"
41071,"14,772"
42000,"1,679,008"
42001,"10,492"
42003,"157,151"
42005,"9,259"
42007,"19,507"
42009,"6,544"
42011,"57,336"
42013,"18,367"
42015,"7,884"
42017,"40,794"
42019,"16,152"
42021,"20,177"
42023,"673"
42025,"8,227"
42027,"24,881"
42029,"36,496"
42031,"5,641"
42033,"12,401"
42035,"6,416"
42037,"8,919"
42039,"12,421"
42041,"20,894"
42043,"35,668"
42045,"59,610"
42047,"3,220"
42049,"43,476"
42051,"26,438"
42053,"1,099"
42055,"17,932"
42057,"1,925"
42059,"5,718"
42061,"6,151"
42063,"13,966"
42065,"5,807"
42067,"3,001"
42069,"31,412"
42071,"54,499"
42073,"11,441"
42075,"14,442"
42077,"44,744"
42079,"48,547"
42081,"17,789"
42083,"6,544"
42085,"15,793"
42087,"7,490"
42089,"21,663"
42091,"56,743"
42093,"2,003"
42095,"29,019"
42097,"14,358"
42099,"3,919"
42101,"389,485"
42103,"5,893"
42105,"2,427"
42107,"18,623"
42109,"4,956"
42111,"9,641"
42113,"894"
42115,"5,301"
42117,"6,551"
42119,"4,839"
42121,"8,528"
42123,"5,631"
42125,"21,640"
42127,"6,610"
42129,"35,717"
42131,"2,993"
42133,"44,232"
44000,"149,825"
44001,"3,696"
44003,"15,259"
44005,"7,566"
44007,"110,850"
44009,"12,453"
45000,"838,065"
45001,"5,178"
45003,"26,875"
45005,"3,328"
45007,"31,752"
45009,"4,209"
45011,"5,843"
45013,"22,025"
45015,"26,592"
45017,"2,841"
45019,"62,336"
45021,"12,295"
45023,"7,209"
45025,"11,991"
45027,"8,793"
45029,"8,566"
45031,"16,800"
45033,"9,141"
45035,"18,717"
45037,"4,122"
45039,"5,231"
45041,"26,454"
45043,"11,811"
45045,"69,140"
45047,"14,844"
45049,"4,469"
45051,"52,066"
45053,"6,285"
45055,"10,894"
45057,"15,925"
45059,"13,557"
45061,"4,548"
45063,"37,932"
45065,"2,105"
45067,"9,517"
45069,"7,700"
45071,"7,084"
45073,"12,986"
45075,"26,705"
45077,"22,174"
45079,"59,816"
45081,"4,072"
45083,"50,359"
45085,"24,393"
45087,"5,376"
45089,"8,838"
45091,"35,172"
46000,"115,906"
46003,"287"
46005,"2,685"
46007,"1,182"
46009,"848"
46011,"4,230"
46013,"4,375"
46015,"769"
46017,"841"
46019,"1,605"
46021,"129"
46023,"2,128"
46025,"474"
46027,"2,941"
46029,"2,848"
46031,"1,612"
46033,"876"
46035,"2,351"
46037,"888"
46039,"430"
46041,"1,535"
46043,"330"
46045,"397"
46047,"1,135"
46049,"288"
46051,"725"
46053,"761"
46055,"217"
46057,"607"
46059,"329"
46061,"260"
46063,"137"
46065,"1,853"
46067,"884"
46069,"137"
46071,"1,097"
46073,"283"
46075,"127"
46077,"498"
46079,"1,102"
46081,"3,240"
46083,"2,204"
46085,"953"
46087,"545"
46089,"384"
46091,"540"
46093,"2,712"
46095,"679"
46097,"280"
46099,"20,429"
46101,"772"
46103,"14,908"
46105,"453"
46107,"251"
46109,"2,074"
46111,"329"
46113,"7,398"
46115,"738"
46117,"263"
46119,"91"
46121,"4,671"
46123,"1,068"
46125,"830"
46127,"937"
46129,"849"
46135,"2,849"
46137,"1,257"
47000,"1,165,245"
47001,"11,583"
47003,"8,789"
47005,"3,420"
47007,"3,375"
47009,"18,270"
47011,"17,552"
47013,"8,908"
47015,"2,225"
47017,"5,664"
47019,"13,567"
47021,"5,000"
47023,"3,228"
47025,"7,248"
47027,"1,837"
47029,"9,733"
47031,"8,892"
47033,"2,740"
47035,"9,477"
47037,"128,113"
47039,"2,266"
47041,"3,797"
47043,"7,143"
47045,"7,324"
47047,"5,678"
47049,"4,956"
47051,"6,493"
47053,"9,425"
47055,"4,749"
47057,"4,954"
47059,"11,768"
47061,"3,442"
47063,"14,496"
47065,"54,383"
47067,"1,915"
47069,"5,595"
47071,"5,536"
47073,"10,987"
47075,"4,428"
47077,"5,297"
47079,"6,477"
47081,"4,596"
47083,"1,547"
47085,"3,143"
47087,"2,649"
47089,"9,061"
47091,"4,231"
47093,"77,218"
47095,"2,141"
47097,"6,102"
47099,"9,080"
47101,"2,377"
47103,"5,495"
47105,"6,802"
47107,"8,943"
47109,"6,060"
47111,"4,373"
47113,"19,635"
47115,"5,779"
47117,"4,787"
47119,"13,026"
47121,"2,400"
47123,"9,181"
47125,"25,803"
47127,"774"
47129,"4,492"
47131,"6,348"
47133,"4,097"
47135,"1,813"
47137,"968"
47139,"3,331"
47141,"14,844"
47143,"6,954"
47145,"9,418"
47147,"8,976"
47149,"41,601"
47151,"5,298"
47153,"2,699"
47155,"16,582"
47157,"211,505"
47159,"2,813"
47161,"2,296"
47163,"28,608"
47165,"19,349"
47167,"9,296"
47169,"1,374"
47171,"3,541"
47173,"4,266"
47175,"1,137"
47177,"7,468"
47179,"20,388"
47181,"3,430"
47183,"6,893"
47185,"5,652"
47187,"11,420"
47189,"12,458"
48000,"4,519,548"
48001,"8,970"
48003,"1,858"
48005,"15,136"
48007,"4,280"
48009,"822"
48011,"208"
48013,"7,988"
48015,"3,243"
48017,"1,348"
48019,"2,782"
48021,"11,069"
48023,"643"
48025,"6,261"
48027,"45,622"
48029,"331,898"
48031,"1,283"
48033,"67"
48035,"2,616"
48037,"17,526"
48039,"32,543"
48041,"51,540"
48043,"1,262"
48045,"256"
48047,"2,305"
48049,"6,285"
48051,"2,752"
48053,"6,028"
48055,"6,099"
48057,"3,740"
48059,"2,177"
48061,"143,568"
48063,"2,991"
48065,"513"
48067,"5,707"
48069,"1,489"
48071,"4,036"
48073,"9,635"
48075,"1,235"
48077,"1,382"
48079,"596"
48081,"477"
48083,"1,884"
48085,"62,032"
48087,"572"
48089,"3,258"
48091,"11,248"
48093,"2,625"
48095,"640"
48097,"5,806"
48099,"9,493"
48101,"295"
48103,"459"
48105,"513"
48107,"1,400"
48109,"556"
48111,"877"
48113,"480,160"
48115,"2,357"
48117,"3,631"
48119,"1,029"
48121,"64,947"
48123,"3,391"
48125,"418"
48127,"2,739"
48129,"629"
48131,"2,841"
48133,"3,441"
48135,"19,461"
48137,"422"
48139,"17,299"
48141,"190,846"
48143,"8,049"
48145,"3,589"
48147,"5,267"
48149,"2,663"
48151,"589"
48153,"1,400"
48155,"215"
48157,"59,839"
48159,"1,723"
48161,"3,029"
48163,"3,940"
48165,"2,710"
48167,"44,194"
48169,"1,205"
48171,"3,137"
48173,"111"
48175,"1,135"
48177,"3,684"
48179,"3,028"
48181,"18,475"
48183,"21,713"
48185,"4,490"
48187,"15,074"
48189,"7,604"
48191,"759"
48193,"1,298"
48195,"688"
48197,"731"
48199,"7,106"
48201,"759,184"
48203,"11,071"
48205,"487"
48207,"1,310"
48209,"30,932"
48211,"369"
48213,"15,699"
48215,"275,840"
48217,"7,413"
48219,"3,280"
48221,"6,562"
48223,"7,205"
48225,"5,176"
48227,"5,320"
48229,"834"
48231,"17,603"
48233,"2,994"
48235,"135"
48237,"1,151"
48239,"2,121"
48241,"6,117"
48243,"277"
48245,"50,051"
48247,"1,177"
48249,"8,249"
48251,"20,492"
48253,"3,430"
48255,"2,735"
48257,"15,114"
48259,"3,188"
48261,"71"
48263,"92"
48265,"8,570"
48267,"814"
48269,"28"
48271,"671"
48273,"6,875"
48275,"800"
48277,"9,086"
48279,"3,019"
48281,"2,858"
48283,"1,638"
48285,"2,668"
48287,"2,113"
48289,"2,251"
48291,"12,663"
48293,"4,298"
48295,"371"
48297,"1,697"
48299,"2,868"
48301,"8"
48303,"49,964"
48305,"1,044"
48307,"1,520"
48309,"46,019"
48311,"73"
48313,"2,429"
48315,"2,307"
48317,"674"
48319,"603"
48321,"7,950"
48323,"14,808"
48325,"6,510"
48327,"478"
48329,"15,319"
48331,"4,361"
48333,"802"
48335,"1,451"
48337,"2,836"
48339,"55,864"
48341,"3,208"
48343,"2,345"
48345,"201"
48347,"13,685"
48349,"9,567"
48351,"2,703"
48353,"2,632"
48355,"58,798"
48357,"1,145"
48359,"284"
48361,"13,175"
48363,"5,146"
48365,"3,626"
48367,"11,997"
48369,"1,433"
48371,"2,448"
48373,"7,687"
48375,"24,669"
48377,"1,520"
48379,"1,633"
48381,"12,181"
48383,"417"
48385,"615"
48387,"2,465"
48389,"2,785"
48391,"1,211"
48393,"67"
48395,"3,096"
48397,"5,944"
48399,"1,846"
48401,"8,053"
48403,"1,951"
48405,"1,995"
48407,"5,009"
48409,"10,452"
48411,"1,058"
48413,"427"
48415,"2,218"
48417,"434"
48419,"5,546"
48421,"407"
48423,"38,908"
48425,"1,030"
48427,"21,981"
48429,"1,807"
48431,"154"
48433,"212"
48435,"522"
48437,"1,449"
48439,"291,534"
48441,"20,789"
48443,"168"
48445,"2,469"
48447,"228"
48449,"6,564"
48451,"17,398"
48453,"188,959"
48455,"2,800"
48457,"3,737"
48459,"5,816"
48461,"483"
48463,"5,859"
48465,"10,453"
48467,"8,294"
48469,"14,135"
48471,"13,767"
48473,"6,874"
48475,"1,604"
48477,"4,894"
48479,"85,109"
48481,"6,849"
48483,"682"
48485,"23,210"
48487,"2,000"
48489,"7,209"
48491,"37,898"
48493,"5,029"
48495,"1,041"
48497,"6,044"
48499,"6,348"
48501,"935"
48503,"2,962"
48505,"4,654"
48507,"3,672"
49000,"341,587"
49001,"628"
49003,"5,947"
49005,"16,303"
49007,"3,178"
49009,"88"
49011,"23,606"
49013,"2,328"
49015,"1,360"
49017,"589"
49019,"1,401"
49021,"10,278"
49023,"1,184"
49025,"823"
49027,"1,609"
49029,"488"
49031,"271"
49033,"237"
49035,"128,385"
49037,"4,366"
49039,"4,459"
49041,"2,475"
49043,"2,656"
49045,"4,956"
49047,"3,512"
49049,"69,472"
49051,"1,950"
49053,"19,330"
49055,"383"
49057,"29,322"
50000,"72,294"
50001,"3,260"
50003,"5,035"
50005,"4,139"
50007,"16,626"
50009,"1,196"
50011,"4,362"
50013,"635"
50015,"3,075"
50017,"3,598"
50019,"4,238"
50021,"7,774"
50023,"6,224"
50025,"5,478"
50027,"6,654"
51000,"955,541"
51001,"6,319"
51003,"8,982"
51005,"2,450"
51007,"1,636"
51009,"4,179"
51011,"2,290"
51013,"19,117"
51015,"6,977"
51017,"519"
51019,"7,166"
51021,"834"
51023,"2,544"
51025,"3,205"
51027,"5,095"
51029,"3,376"
51031,"7,883"
51033,"3,206"
51035,"4,998"
51036,"919"
51037,"2,496"
51041,"27,051"
51043,"1,162"
51045,"644"
51047,"5,219"
51049,"1,861"
51051,"3,165"
51053,"3,316"
51057,"1,590"
51059,"75,137"
51061,"4,980"
51063,"2,178"
51065,"1,946"
51067,"8,927"
51069,"6,233"
51071,"2,254"
51073,"3,539"
51075,"1,567"
51077,"2,969"
51079,"1,816"
51081,"2,165"
51083,"6,180"
51085,"6,140"
51087,"34,985"
51089,"10,553"
51091,"328"
51093,"3,633"
51095,"5,680"
51097,"1,060"
51099,"1,878"
51101,"1,409"
51103,"1,491"
51105,"6,161"
51107,"14,077"
51109,"3,920"
51111,"2,565"
51113,"1,598"
51115,"927"
51117,"6,384"
51119,"1,489"
51121,"21,796"
51125,"1,975"
51127,"1,201"
51131,"2,555"
51133,"1,750"
51135,"3,334"
51137,"3,672"
51139,"3,991"
51141,"3,934"
51143,"8,923"
51145,"1,855"
51147,"4,822"
51149,"3,424"
51153,"31,917"
51155,"4,875"
51157,"684"
51159,"1,439"
51161,"7,498"
51163,"2,884"
51165,"8,906"
51167,"4,962"
51169,"4,495"
51171,"5,114"
51173,"6,088"
51175,"2,507"
51177,"11,742"
51179,"7,952"
51181,"878"
51183,"2,185"
51185,"8,003"
51187,"4,289"
51191,"7,734"
51193,"2,603"
51195,"8,134"
51197,"4,493"
51199,"3,617"
51510,"14,266"
51520,"3,696"
51530,"1,056"
51540,"11,276"
51550,"22,416"
51570,"2,015"
51580,"936"
51590,"9,627"
51595,"1,364"
51600,"1,866"
51610,"438"
51620,"1,888"
51630,"4,291"
51640,"1,526"
51650,"20,149"
51660,"12,785"
51670,"4,268"
51678,"1,112"
51680,"17,175"
51683,"4,104"
51685,"1,350"
51690,"3,187"
51700,"29,082"
51710,"49,728"
51720,"856"
51730,"8,256"
51735,"707"
51740,"17,017"
51750,"4,678"
51760,"51,415"
51770,"19,938"
51775,"2,393"
51790,"3,791"
51800,"11,668"
51810,"37,886"
51820,"3,092"
51830,"2,071"
51840,"3,574"
53000,"913,463"
53001,"3,598"
53003,"3,573"
53005,"26,893"
53007,"10,298"
53009,"11,518"
53011,"44,213"
53013,"607"
53015,"20,701"
53017,"6,120"
53019,"1,700"
53021,"14,661"
53023,"310"
53025,"14,508"
53027,"13,322"
53029,"7,964"
53031,"4,183"
53033,"230,750"
53035,"27,550"
53037,"7,459"
53039,"3,029"
53041,"12,695"
53043,"1,274"
53045,"9,040"
53047,"9,427"
53049,"3,606"
53051,"2,868"
53053,"106,432"
53055,"2,018"
53057,"18,627"
53059,"1,421"
53061,"73,930"
53063,"76,910"
53065,"8,368"
53067,"31,197"
53069,"558"
53071,"8,682"
53073,"31,842"
53075,"11,567"
53077,"50,044"
54000,"328,734"
54001,"3,409"
54003,"14,356"
54005,"5,172"
54007,"3,124"
54009,"3,416"
54011,"20,377"
54013,"1,623"
54015,"2,214"
54017,"1,305"
54019,"9,215"
54021,"1,851"
54023,"1,959"
54025,"7,308"
54027,"4,855"
54029,"3,841"
54031,"2,103"
54033,"9,412"
54035,"4,817"
54037,"5,526"
54039,"31,400"
54041,"3,212"
54043,"5,215"
54045,"6,972"
54047,"6,981"
54049,"9,920"
54051,"4,820"
54053,"5,397"
54055,"12,413"
54057,"4,307"
54059,"7,163"
54061,"21,601"
54063,"2,595"
54065,"2,246"
54067,"5,001"
54069,"7,506"
54071,"1,197"
54073,"1,152"
54075,"1,460"
54077,"5,501"
54079,"5,631"
54081,"13,163"
54083,"5,609"
54085,"1,739"
54087,"3,336"
54089,"3,134"
54091,"2,765"
54093,"1,152"
54095,"1,415"
54097,"4,599"
54099,"8,169"
54101,"2,278"
54103,"2,914"
54105,"1,178"
54107,"14,609"
54109,"5,100"
55000,"737,307"
55001,"3,352"
55003,"2,303"
55005,"6,130"
55007,"2,011"
55009,"29,879"
55011,"1,375"
55013,"2,505"
55015,"2,891"
55017,"6,497"
55019,"5,412"
55021,"4,866"
55023,"2,293"
55025,"67,242"
55027,"8,158"
55029,"3,016"
55031,"5,896"
55033,"5,677"
55035,"13,916"
55037,"565"
55039,"9,698"
55041,"1,519"
55043,"7,043"
55045,"3,174"
55047,"2,111"
55049,"2,090"
55051,"903"
55053,"2,698"
55055,"8,594"
55057,"3,274"
55059,"25,089"
55061,"1,807"
55063,"14,121"
55065,"1,952"
55067,"3,033"
55069,"2,982"
55071,"8,558"
55073,"13,287"
55075,"5,417"
55077,"1,929"
55078,"1,295"
55079,"205,183"
55081,"6,394"
55083,"3,887"
55085,"4,391"
55087,"17,857"
55089,"4,276"
55091,"866"
55093,"4,153"
55095,"4,781"
55097,"10,259"
55099,"1,741"
55101,"24,966"
55103,"2,343"
55105,"23,554"
55107,"2,387"
55109,"4,199"
55111,"7,429"
55113,"2,731"
55115,"4,548"
55117,"10,165"
55119,"2,363"
55121,"3,521"
55123,"5,395"
55125,"3,126"
55127,"13,748"
55129,"2,072"
55131,"7,761"
55133,"22,536"
55135,"5,228"
55137,"3,184"
55139,"19,505"
55141,"8,201"
56000,"63,860"
56001,"8,547"
56003,"1,251"
56005,"3,391"
56007,"1,851"
56009,"1,299"
56011,"602"
56013,"5,558"
56015,"1,762"
56017,"513"
56019,"824"
56021,"10,165"
56023,"1,656"
56025,"8,262"
56027,"326"
56029,"3,049"
56031,"1,130"
56033,"2,890"
56035,"675"
56037,"4,346"
56039,"1,751"
56041,"2,081"
56043,"1,030"
56045,"901"
