"state_county_fips","POVALL_2014","PCTPOVALL_2014"
0,"48,208,387",15.5
1000,"905,682",19.2
1001,"7,204",13.1
1003,"25,696",13
1005,"5,943",25.4
1007,"3,666",18.1
1009,"10,000",17.5
1011,"3,179",35.1
1013,"4,988",25
1015,"23,114",20.5
1017,"7,170",21.3
1019,"4,768",18.6
1021,"7,874",18.1
1023,"3,293",25
1025,"6,137",24.9
1027,"2,592",19.5
1029,"2,527",17
1031,"8,407",16.8
1033,"9,022",16.7
1035,"3,846",30.6
1037,"1,976",18.8
1039,"7,778",20.8
1041,"2,929",21.2
1043,"13,809",17.2
1045,"10,865",22.4
1047,"14,470",35.2
1049,"16,856",24
1051,"10,867",14.4
1053,"8,639",25.1
1055,"19,291",19
1057,"3,425",20.6
1059,"7,222",23.1
1061,"6,303",23.9
1063,"2,819",33.2
1065,"4,182",28.1
1067,"2,925",17.3
1069,"20,643",20.1
1071,"11,440",22
1073,"125,778",19.5
1075,"2,856",20.6
1077,"17,041",18.7
1079,"5,499",16.6
1081,"37,752",25.2
1083,"11,912",13.6
1085,"3,285",31.4
1087,"5,649",32.1
1089,"48,750",14.2
1091,"5,071",25.6
1093,"5,925",20.2
1095,"20,528",22
1097,"80,016",19.6
1099,"5,484",25.3
1101,"48,844",22.5
1103,"17,665",15
1105,"4,246",46.9
1107,"4,667",25
1109,"8,237",26.4
1111,"4,512",20.4
1113,"12,309",20.9
1115,"12,071",14.3
1117,"19,610",9.6
1119,"4,692",38.1
1121,"17,499",22.5
1123,"8,633",21.3
1125,"34,553",18
1127,"15,161",23.5
1129,"3,077",18.5
1131,"3,697",33.7
1133,"4,796",20.1
2000,"81,622",11.4
2013,"544",16.2
2016,"549",9.9
2020,"29,207",10
2050,"4,166",23.8
2060,"89",9.5
2068,"133",7.1
2070,"867",17.5
2090,"9,011",9.5
2100,"252",9.8
2105,"397",19.1
2110,"2,500",7.9
2122,"6,472",11.5
2130,"1,685",12.4
2150,"1,146",8.3
2164,"288",17.7
2170,"10,243",10.7
2180,"2,509",26.1
2185,"1,112",11.5
2188,"1,771",23.2
2195,"276",8.8
2198,"1,105",17.4
2220,"750",8.6
2230,"37",3.6
2240,"949",13.8
2261,"931",9.9
2270,"2,845",35.7
2275,"280",11.9
2282,"94",14.8
2290,"1,416",25.7
4000,"1,195,889",18.2
4001,"23,458",33.1
4003,"22,879",18.7
4005,"27,154",21.3
4007,"12,683",24.4
4009,"6,907",20
4011,"955",10.3
4012,"4,545",22.8
4013,"687,643",17.1
4015,"41,178",20.8
4017,"30,157",28.5
4019,"183,590",18.7
4021,"66,073",17.6
4023,"10,966",23.6
4025,"33,589",15.6
4027,"44,112",22.6
5000,"539,999",18.7
5001,"3,735",20.4
5003,"4,707",22.7
5005,"6,021",14.9
5007,"28,436",11.9
5009,"6,206",16.9
5011,"3,012",27.4
5013,"902",18
5015,"4,909",17.9
5017,"3,357",32.1
5019,"4,285",21.5
5021,"2,981",19.9
5023,"3,831",15.2
5025,"1,393",16.6
5027,"5,363",24.1
5029,"3,797",18.3
5031,"21,974",22.3
5033,"10,152",16.6
5035,"13,323",27.3
5037,"3,779",22.3
5039,"1,544",21
5041,"3,325",27.3
5043,"4,249",24
5045,"17,140",14.7
5047,"3,066",17.5
5049,"2,700",22.6
5051,"17,929",18.7
5053,"2,382",13.3
5055,"6,994",16.3
5057,"5,383",24.4
5059,"5,815",18.7
5061,"2,497",18.8
5063,"6,695",18.6
5065,"2,756",22
5067,"3,864",25.1
5069,"18,042",26.8
5071,"4,991",19.7
5073,"1,916",27.5
5075,"3,742",23
5077,"3,181",39.3
5079,"2,958",29
5081,"2,256",18.2
5083,"4,532",21.1
5085,"8,704",12.3
5087,"2,803",18
5089,"3,292",20.3
5091,"8,756",20.8
5093,"11,744",27.1
5095,"2,103",28.1
5097,"1,801",20.1
5099,"2,147",25.1
5101,"1,574",20.1
5103,"5,617",23
5105,"1,751",17.3
5107,"6,950",35.3
5109,"2,161",20
5111,"5,239",21.9
5113,"4,399",22
5115,"10,868",18.3
5117,"1,526",18.7
5119,"61,892",16.1
5121,"3,141",18.3
5123,"7,607",33.4
5125,"9,909",8.7
5127,"2,501",23.7
5129,"1,828",23.3
5131,"27,549",22.1
5133,"3,514",20.4
5135,"3,603",21.6
5137,"3,010",24.4
5139,"9,184",23.1
5141,"3,647",22
5143,"41,097",19.3
5145,"14,506",19.4
5147,"1,707",25.1
5149,"3,749",17.4
6000,"6,253,423",16.4
6001,"197,984",12.5
6003,"211",19
6005,"4,313",12.9
6007,"48,151",21.9
6009,"6,057",13.7
6011,"3,030",14.3
6013,"115,466",10.5
6015,"5,388",22.4
6017,"20,715",11.4
6019,"261,387",27.5
6021,"4,723",17.1
6023,"27,609",21
6025,"40,162",23.6
6027,"2,533",14
6029,"206,604",24.5
6031,"33,174",24.9
6033,"15,387",24.3
6035,"4,473",19.4
6037,"1,863,025",18.7
6039,"32,542",22.3
6041,"22,272",8.8
6043,"2,830",16.2
6045,"16,256",18.8
6047,"64,585",24.8
6049,"1,770",20.2
6051,"1,558",11.3
6053,"70,259",17
6055,"12,317",9
6057,"11,193",11.4
6059,"400,252",12.9
6061,"30,490",8.3
6063,"2,556",14
6065,"392,706",17.1
6067,"264,955",18.1
6069,"8,162",14.1
6071,"422,405",20.4
6073,"467,248",14.7
6075,"101,313",12.1
6077,"145,167",20.7
6079,"38,048",14.5
6081,"56,580",7.5
6083,"73,600",17.4
6085,"159,553",8.5
6087,"42,076",16.1
6089,"26,016",14.7
6091,"409",13.8
6093,"9,076",21.1
6095,"51,638",12.3
6097,"55,742",11.3
6099,"95,456",18.1
6101,"14,485",15.2
6103,"11,358",18.2
6105,"2,577",19.9
6107,"127,305",28.1
6109,"7,177",14.3
6111,"95,912",11.5
6113,"39,493",19.5
6115,"15,693",21.6
8000,"632,987",12.1
8001,"61,384",12.9
8003,"3,385",22.5
8005,"68,849",11.2
8007,"1,782",14.7
8009,"711",20
8011,"1,278",32.3
8013,"40,299",13.3
8014,"2,464",4
8015,"2,114",12.4
8017,"243",13.4
8019,"769",8.5
8021,"1,888",22.9
8023,"1,015",28.5
8025,"1,244",40.5
8027,"624",14.9
8029,"4,574",15.6
8031,"103,412",15.9
8033,"304",15.4
8035,"11,740",3.7
8037,"4,116",7.8
8039,"1,408",5.9
8041,"78,363",12.2
8043,"7,282",19.1
8045,"5,777",10.2
8047,"459",7.9
8049,"1,511",10.4
8051,"2,216",14.9
8053,"78",10.1
8055,"1,385",22
8057,"232",16.6
8059,"45,482",8.3
8061,"187",13.5
8063,"1,080",14.9
8065,"1,158",16
8067,"5,549",10.7
8069,"40,447",12.8
8071,"2,314",17.4
8073,"814",18.3
8075,"3,296",17.7
8077,"22,155",15.4
8079,"62",8.9
8081,"1,439",11.2
8083,"4,157",16.3
8085,"6,257",15.5
8087,"3,718",13.4
8089,"4,686",26
8091,"444",9.6
8093,"1,525",9.4
8095,"494",11.5
8097,"1,228",7
8099,"2,444",20.9
8101,"29,845",19
8103,"700",10.9
8105,"2,087",18.3
8107,"1,997",8.4
8109,"1,842",29.9
8111,"111",15.5
8113,"774",9.9
8115,"323",13.9
8117,"2,831",9.7
8119,"2,202",9.5
8121,"524",11.4
8123,"28,515",10.5
8125,"1,394",14
9000,"375,281",10.8
9001,"83,132",9
9003,"106,078",12.2
9005,"14,015",7.7
9007,"12,636",7.9
9009,"108,729",13
9011,"28,868",11.1
9013,"10,253",7.5
9015,"11,570",10.3
10000,"118,032",13
10001,"23,484",14.1
10003,"65,642",12.3
10005,"28,907",13.9
11000,"114,790",18.4
11001,"114,790",18.4
12000,"3,231,142",16.6
12001,"52,756",21.6
12003,"4,826",19.6
12005,"27,165",15.6
12007,"5,287",22.6
12009,"79,657",14.5
12011,"268,418",14.5
12013,"2,800",22.3
12015,"19,704",11.9
12017,"27,449",20.1
12019,"21,658",10.9
12021,"49,211",14.3
12023,"13,604",21.7
12027,"9,434",29.7
12029,"3,911",27.1
12031,"159,748",18.2
12033,"44,320",15.3
12035,"11,775",11.6
12037,"2,507",25.3
12039,"11,119",25.6
12041,"3,139",19.8
12043,"2,559",21.1
12045,"2,836",23.1
12047,"3,653",31.7
12049,"7,642",29.9
12051,"9,581",25.3
12053,"26,629",15.3
12055,"18,898",19.5
12057,"217,968",16.8
12059,"4,743",26.7
12061,"21,098",14.7
12063,"9,787",24.3
12065,"2,285",18
12067,"1,791",25.6
12069,"42,954",13.8
12071,"107,493",16
12073,"62,734",23.3
12075,"8,323",21.2
12077,"1,544",24.7
12079,"4,567",27.7
12081,"49,017",14.1
12083,"58,576",17.8
12085,"18,091",12.1
12086,"535,148",20.4
12087,"10,626",14
12089,"8,859",11.7
12091,"23,680",12.4
12093,"9,472",25.9
12095,"222,654",18.2
12097,"59,222",19.3
12099,"204,862",14.9
12101,"70,125",14.7
12103,"139,881",15.2
12105,"112,539",18.1
12107,"20,167",28.5
12109,"17,572",8.2
12111,"49,752",17.3
12113,"17,564",11.2
12115,"42,343",10.8
12117,"51,782",11.8
12119,"11,528",10.9
12121,"9,559",23.7
12123,"4,475",23.4
12125,"2,515",24.3
12127,"87,670",17.7
12129,"4,185",15.1
12131,"9,357",15.8
12133,"4,348",20
13000,"1,802,783",18.4
13001,"4,495",24.9
13003,"2,163",26.5
13005,"2,837",25.9
13007,"886",27.3
13009,"11,809",29.5
13011,"3,077",16.9
13013,"9,440",13
13015,"14,398",14.3
13017,"4,881",28.5
13019,"4,923",26.7
13021,"41,742",28.2
13023,"2,668",23.2
13025,"3,973",21.7
13027,"4,410",28.8
13029,"4,012",11.9
13031,"20,890",31.4
13033,"6,968",31.1
13035,"4,474",21.3
13037,"1,838",38.5
13039,"5,980",12
13043,"3,069",29.1
13045,"24,983",22.9
13047,"8,217",12.6
13049,"2,946",29.5
13051,"48,234",17.9
13053,"1,606",18.8
13055,"4,944",21.1
13057,"21,331",9.3
13059,"41,889",37.8
13061,"1,132",37.3
13063,"60,123",22.9
13065,"1,919",28.5
13067,"93,604",13
13069,"11,140",28.1
13071,"11,982",26.5
13073,"13,098",9.5
13075,"4,438",26.1
13077,"16,804",12.5
13079,"2,437",19.9
13081,"7,327",32.5
13083,"2,519",16.4
13085,"2,671",11.8
13087,"7,244",27.7
13089,"144,818",20.4
13091,"4,952",25.9
13093,"3,731",30.4
13095,"28,119",31.7
13097,"19,423",14.2
13099,"3,089",29.9
13101,"1,078",27.1
13103,"6,031",11
13105,"4,101",21.4
13107,"7,134",32.7
13109,"2,792",26.6
13111,"4,612",19.6
13113,"7,479",6.9
13115,"19,408",21.1
13117,"12,863",6.3
13119,"5,227",24.4
13121,"168,027",17.4
13123,"5,623",19.7
13125,"574",19.4
13127,"15,666",19.3
13129,"9,800",17.8
13131,"6,583",26.2
13133,"3,984",24.4
13135,"116,888",13.4
13137,"6,320",15.3
13139,"31,582",16.8
13141,"2,585",35.3
13143,"5,300",18.8
13145,"3,071",9.5
13147,"5,284",21.4
13149,"2,174",19
13151,"29,088",13.7
13153,"25,310",17.2
13155,"2,133",25.3
13157,"8,283",13.5
13159,"2,424",18.2
13161,"3,635",24.8
13163,"4,154",26.4
13165,"2,727",34.6
13167,"2,418",30.4
13169,"4,119",14.5
13171,"3,605",21.3
13173,"2,417",23.9
13175,"11,903",25.4
13177,"3,331",11.8
13179,"10,742",17.2
13181,"1,354",17.9
13183,"3,666",21.9
13185,"26,225",24.5
13187,"5,297",18.6
13189,"5,817",27.6
13191,"3,290",23.3
13193,"4,054",34.1
13195,"5,534",19.7
13197,"2,255",25.9
13199,"4,931",23.6
13201,"1,460",25.1
13205,"6,693",32.6
13207,"3,815",14.8
13209,"1,860",22.4
13211,"2,673",15
13213,"7,283",18.7
13215,"42,237",21.9
13217,"19,738",19.4
13219,"2,755",7.9
13221,"2,291",15.8
13223,"15,777",10.7
13225,"5,589",21.7
13227,"3,655",12.3
13229,"3,540",18.9
13231,"2,405",13.7
13233,"8,351",20.6
13235,"2,453",23.9
13237,"3,967",18.9
13239,"682",29.5
13241,"3,287",20.6
13243,"2,496",36.3
13245,"49,562",26
13247,"14,983",17.3
13249,"1,035",20.1
13251,"3,584",26.2
13253,"2,258",26.4
13255,"17,205",27.4
13257,"5,184",20.9
13259,"1,664",39.4
13261,"9,996",33.9
13263,"1,513",23.8
13265,"545",32.3
13267,"5,833",28.2
13269,"2,114",25.4
13271,"4,274",33.7
13273,"2,632",29.8
13275,"10,827",24.5
13277,"11,178",28.6
13279,"6,586",24.5
13281,"1,817",18.1
13283,"1,752",27.1
13285,"13,099",19.5
13287,"2,472",31.7
13289,"2,309",28.1
13291,"3,260",15.1
13293,"6,661",25.9
13295,"13,348",20
13297,"13,499",15.6
13299,"9,595",28.8
13301,"1,573",28.9
13303,"5,734",30.2
13305,"7,032",25.5
13307,"603",22.8
13309,"2,103",38.9
13311,"4,606",16.9
13313,"21,240",20.7
13315,"2,113",30.7
13317,"2,617",26.7
13319,"2,130",23.2
13321,"4,692",22.6
15000,"158,266",11.5
15001,"34,598",18.1
15003,"93,994",9.8
15005,"",NA
15007,"8,570",12.3
15009,"21,103",13.1
16000,"237,604",14.8
16001,"48,083",11.6
16003,"569",14.9
16005,"14,116",17.4
16007,"795",13.4
16009,"1,418",15.7
16011,"6,720",15
16013,"2,262",10.6
16015,"1,057",15.6
16017,"6,686",16.2
16019,"16,643",15.5
16021,"1,817",16.7
16023,"385",14.8
16025,"133",12.8
16027,"35,950",18
16029,"778",11.5
16031,"3,615",15.6
16033,"150",17.3
16035,"1,308",16.6
16037,"645",15.7
16039,"3,656",14.4
16041,"1,393",10.8
16043,"1,872",15.1
16045,"2,645",15.9
16047,"2,560",17.1
16049,"2,565",16.3
16051,"3,093",11.5
16053,"3,543",15.7
16055,"18,765",12.9
16057,"7,008",19.9
16059,"1,392",18.2
16061,"523",13.7
16063,"742",14.1
16065,"10,050",27.1
16067,"3,403",16.8
16069,"5,689",14.6
16071,"573",13.9
16073,"2,645",23.6
16075,"3,213",14.2
16077,"1,183",15.7
16079,"2,310",18.9
16081,"1,198",11.6
16083,"11,553",14.5
16085,"1,142",11.7
16087,"1,757",17.8
17000,"1,802,337",14.3
17001,"9,185",14.2
17003,"2,491",35.6
17005,"2,463",16.2
17007,"5,447",10.2
17009,"665",14.2
17011,"4,369",13.1
17013,"587",12.1
17015,"1,821",12.6
17017,"1,702",13.2
17019,"43,210",22.6
17021,"4,639",14.4
17023,"2,213",13.9
17025,"1,811",13.6
17027,"3,554",9.9
17029,"11,228",22.9
17031,"883,001",17.1
17033,"2,721",15.2
17035,"1,298",12.2
17037,"14,452",14.7
17039,"1,735",10.9
17041,"1,957",10
17043,"72,895",7.9
17045,"2,636",15.1
17047,"756",11.6
17049,"3,987",11.8
17051,"3,495",17.5
17053,"1,604",12.1
17055,"7,684",19.9
17057,"5,453",16.5
17059,"917",17.5
17061,"2,118",16.2
17063,"4,261",8.5
17065,"1,149",14
17067,"2,126",11.6
17069,"847",20.6
17071,"802",11.7
17073,"5,501",11.3
17075,"4,486",15.8
17077,"16,945",30.4
17079,"1,045",11
17081,"7,046",19.5
17083,"2,505",11.6
17085,"2,352",10.7
17087,"1,751",15.9
17089,"55,787",10.7
17091,"15,667",14.7
17093,"6,477",5.4
17095,"9,289",19.3
17097,"64,993",9.5
17099,"14,686",13.6
17101,"2,521",18.1
17103,"3,479",10.9
17105,"4,115",11.9
17107,"3,178",12.6
17109,"6,549",23.6
17111,"20,905",6.9
17113,"23,326",14.3
17115,"17,003",16.3
17117,"5,868",12.9
17119,"34,436",13.1
17121,"7,004",18.6
17123,"1,255",10.7
17125,"2,014",14.8
17127,"3,029",20.7
17129,"1,245",10.1
17131,"1,511",9.6
17133,"1,710",5.1
17135,"4,577",17
17137,"4,832",15.1
17139,"1,705",11.8
17141,"5,856",11.4
17143,"30,408",16.7
17145,"3,200",16.7
17147,"1,206",7.4
17149,"2,338",15.2
17151,"799",19.7
17153,"1,332",23
17155,"512",8.9
17157,"3,949",13.8
17159,"2,284",14.6
17161,"23,015",16.3
17163,"49,691",19.1
17165,"4,983",21
17167,"29,897",15.3
17169,"954",13.2
17171,"614",12
17173,"2,539",11.7
17175,"677",11.9
17177,"6,417",14.1
17179,"12,112",9.1
17181,"3,079",17.9
17183,"14,555",19
17185,"1,690",14.8
17187,"2,261",13.5
17189,"1,441",10.2
17191,"2,457",14.9
17193,"1,963",14.1
17195,"6,771",12.2
17197,"54,720",8.1
17199,"10,271",15.8
17201,"47,864",16.9
17203,"2,411",6.3
18000,"968,437",15.2
18001,"5,273",15.4
18003,"54,597",15.2
18005,"9,338",11.8
18007,"1,102",12.8
18009,"1,821",15
18011,"4,409",7.2
18013,"1,908",12.9
18015,"2,137",10.9
18017,"5,170",13.8
18019,"11,945",10.6
18021,"3,791",14.5
18023,"3,992",12.6
18025,"1,894",18
18027,"4,433",13.8
18029,"5,688",11.7
18031,"3,404",13.1
18033,"4,224",10.1
18035,"23,985",22.2
18037,"3,312",8
18039,"27,469",13.9
18041,"3,765",16.4
18043,"8,644",11.6
18045,"2,393",14.6
18047,"2,522",11.1
18049,"2,631",13
18051,"3,871",11.8
18053,"12,684",20
18055,"4,989",15.5
18057,"14,813",4.9
18059,"4,907",6.9
18061,"3,858",10
18063,"9,634",6.4
18065,"7,012",15.5
18067,"13,655",16.8
18069,"3,768",10.7
18071,"6,379",14.9
18073,"3,340",10.3
18075,"4,154",19.9
18077,"4,913",16.2
18079,"4,814",17.5
18081,"14,711",10.2
18083,"6,141",17.4
18085,"9,235",12
18087,"4,146",10.9
18089,"85,233",17.6
18091,"18,671",17.9
18093,"5,622",12.5
18095,"20,564",16.7
18097,"194,803",21.3
18099,"5,041",10.9
18101,"1,351",13.5
18103,"5,543",17.1
18105,"30,812",24
18107,"4,544",12.3
18109,"7,917",11.5
18111,"1,607",11.5
18113,"5,159",11.1
18115,"659",11.1
18117,"3,463",18
18119,"3,180",15.4
18121,"2,719",17.5
18123,"2,754",15.5
18125,"1,393",11.3
18127,"16,369",10
18129,"2,703",10.7
18131,"1,806",14.2
18133,"4,341",13.5
18135,"4,003",16.1
18137,"2,980",10.7
18139,"2,387",14.4
18141,"44,228",17.2
18143,"4,106",17.6
18145,"5,142",11.8
18147,"1,908",9.3
18149,"3,552",15.5
18151,"4,208",12.8
18153,"3,158",16.9
18155,"1,793",17.4
18157,"37,311",22.1
18159,"1,448",9.5
18161,"988",13.8
18163,"30,984",17.7
18165,"2,135",13.9
18167,"19,910",20.2
18169,"4,621",15.2
18171,"811",9.9
18173,"4,926",8.2
18175,"4,455",16.2
18177,"11,570",17.8
18179,"2,916",10.7
18181,"2,680",11.2
18183,"3,088",9.4
19000,"368,678",12.3
19001,"751",10.3
19003,"466",12.2
19005,"1,701",12.4
19007,"2,191",17.5
19009,"626",11.1
19011,"2,220",8.8
19013,"18,419",14.5
19015,"2,671",10.4
19017,"1,734",7.6
19019,"2,208",10.7
19021,"2,415",12.4
19023,"1,454",9.9
19025,"1,261",13.7
19027,"2,001",9.9
19029,"1,717",13.1
19031,"1,432",7.9
19033,"5,047",12
19035,"1,099",9.6
19037,"1,183",9.8
19039,"1,305",14.4
19041,"1,858",11.5
19043,"1,878",10.8
19045,"6,050",12.9
19047,"1,965",11.6
19049,"4,745",6.2
19051,"1,330",15.4
19053,"1,586",21.3
19055,"1,532",8.9
19057,"6,208",15.7
19059,"1,234",7.4
19061,"10,654",11.5
19063,"1,074",11.3
19065,"2,807",14.4
19067,"2,010",12.7
19069,"1,234",12.1
19071,"804",11.7
19073,"1,192",13.2
19075,"812",6.7
19077,"1,304",12.4
19079,"1,400",9.4
19081,"914",8.4
19083,"1,916",11.7
19085,"1,540",11
19087,"2,487",13.3
19089,"1,124",12.1
19091,"956",10.1
19093,"754",10.9
19095,"1,211",7.5
19097,"2,172",11.3
19099,"3,923",11.2
19101,"2,673",16.9
19103,"21,391",15.9
19105,"2,232",11.6
19107,"1,362",13.5
19109,"1,442",9.6
19111,"5,991",17.7
19113,"19,779",9.3
19115,"1,216",11.1
19117,"1,376",16
19119,"906",7.9
19121,"1,357",8.8
19123,"2,797",12.9
19125,"3,538",11.1
19127,"5,113",13
19129,"1,384",9.7
19131,"1,209",11.5
19133,"1,254",14.3
19135,"916",11.7
19137,"1,961",19.3
19139,"4,799",11.4
19141,"1,417",10.3
19143,"557",9.1
19145,"2,056",14.6
19147,"1,001",11.5
19149,"1,863",7.6
19151,"897",12.9
19153,"58,971",13.1
19155,"11,120",12.3
19157,"2,063",12.1
19159,"804",16.6
19161,"1,060",10.8
19163,"20,437",12.2
19165,"1,118",9.6
19167,"2,405",7.5
19169,"16,276",19.5
19171,"2,210",12.9
19173,"793",13.1
19175,"1,560",12.8
19177,"1,063",14.4
19179,"5,709",16.7
19181,"2,925",6.3
19183,"2,210",10.2
19185,"1,050",16.7
19187,"5,550",16.3
19189,"1,056",10.4
19191,"1,747",9.4
19193,"15,151",15.2
19195,"823",11
19197,"1,511",12
20000,"381,506",13.5
20001,"2,267",18.2
20003,"1,107",14.3
20005,"2,666",17.4
20007,"600",12.4
20009,"4,739",17.8
20011,"2,637",18.4
20013,"1,680",17.3
20015,"7,194",11.3
20017,"334",13.2
20019,"555",16.4
20021,"3,573",17.4
20023,"303",11.5
20025,"270",13
20027,"887",10.9
20029,"1,250",14
20031,"905",10.9
20033,"213",11.4
20035,"5,086",15
20037,"7,764",20.8
20039,"389",13.9
20041,"2,115",11.1
20043,"1,109",15
20045,"20,961",19.4
20047,"314",10.5
20049,"461",17.4
20051,"3,646",13
20053,"670",12.4
20055,"6,871",18.8
20057,"5,106",15
20059,"3,328",13.3
20061,"4,966",13.9
20063,"277",10.4
20065,"304",12
20067,"844",10.9
20069,"497",8.3
20071,"138",10.8
20073,"1,048",16.9
20075,"333",12.8
20077,"733",12.9
20079,"4,265",12.8
20081,"436",10.7
20083,"166",8.8
20085,"1,377",10.3
20087,"1,745",9.4
20089,"407",13.5
20091,"37,315",6.6
20093,"465",12.2
20095,"836",11.2
20097,"302",12.8
20099,"3,754",18.3
20101,"183",10.9
20103,"7,856",10.9
20105,"395",12.7
20107,"1,388",14.8
20109,"266",9.7
20111,"5,721",18
20113,"2,478",8.8
20115,"1,360",11.9
20117,"1,094",11.1
20119,"494",11.7
20121,"3,061",9.5
20123,"674",11.2
20125,"5,888",18
20127,"703",12.5
20129,"335",11.1
20131,"974",9.9
20133,"2,804",17.7
20135,"301",10
20137,"639",13.5
20139,"2,021",12.9
20141,"470",12.9
20143,"620",10.4
20145,"817",13.9
20147,"621",11.4
20149,"2,262",10
20151,"974",10.3
20153,"299",11.8
20155,"9,577",15.8
20157,"594",12.7
20159,"1,369",14.7
20161,"13,379",20.2
20163,"608",12
20165,"379",12.1
20167,"913",13.3
20169,"7,044",13
20171,"411",8.3
20173,"73,532",14.7
20175,"3,617",15.7
20177,"26,058",15
20179,"273",10.9
20181,"968",16.2
20183,"500",13.5
20185,"594",14.1
20187,"236",11.5
20189,"554",9.7
20191,"3,064",13.3
20193,"851",11.3
20195,"279",9.9
20197,"666",9.6
20199,"178",12
20201,"590",10.8
20203,"246",11.5
20205,"1,478",16.7
20207,"569",18.4
20209,"39,074",24.4
21000,"812,803",19
21001,"4,644",26.3
21003,"3,816",19
21005,"2,450",11.3
21007,"1,359",16.8
21009,"8,247",19.5
21011,"2,733",22.7
21013,"8,955",33.5
21015,"10,009",8
21017,"3,774",19.2
21019,"10,705",23.1
21021,"4,627",17.5
21023,"1,540",18.6
21025,"4,340",33
21027,"3,740",19.2
21029,"9,474",12.3
21031,"2,596",20.6
21033,"2,282",18.2
21035,"7,052",20.2
21037,"11,724",13.2
21039,"833",17
21041,"2,139",20.4
21043,"6,322",23.9
21045,"4,699",30.6
21047,"14,868",21.6
21049,"5,615",16
21051,"7,267",38.2
21053,"2,565",25.7
21055,"1,823",20.3
21057,"1,841",27.8
21059,"14,370",15
21061,"2,366",19.9
21063,"2,133",32.4
21065,"4,254",29.8
21067,"59,007",19.8
21069,"2,795",19.3
21071,"11,702",31.1
21073,"6,184",12.9
21075,"1,812",31.2
21077,"1,419",16.7
21079,"3,004",18
21081,"4,103",16.9
21083,"6,550",17.7
21085,"5,488",21.7
21087,"2,339",21.5
21089,"5,846",16.4
21091,"1,193",13.8
21093,"14,905",14.3
21095,"9,436",34.2
21097,"3,386",18.5
21099,"4,200",23
21101,"8,227",18.1
21103,"2,814",18.3
21105,"828",18.4
21107,"7,594",16.9
21109,"3,514",26.8
21111,"124,850",16.8
21113,"7,190",14.7
21115,"5,817",25.6
21117,"24,923",15.5
21119,"5,113",33.7
21121,"10,824",34.9
21123,"2,486",18
21125,"14,610",24.7
21127,"4,041",25.9
21129,"2,292",35
21131,"3,514",33
21133,"6,949",30.1
21135,"4,707",34.4
21137,"6,650",27.6
21139,"1,299",14.1
21141,"4,486",16.9
21143,"1,108",15.4
21145,"11,214",17.5
21147,"7,525",47
21149,"1,580",16.9
21151,"15,947",19.7
21153,"3,850",30.2
21155,"4,065",21.8
21157,"3,977",13.1
21159,"4,401",40.6
21161,"3,115",18.6
21163,"3,616",12.6
21165,"1,668",27.1
21167,"3,720",17.6
21169,"2,484",25.2
21171,"2,748",26.2
21173,"5,620",20.8
21175,"3,489",30.4
21177,"6,368",21.6
21179,"5,618",12.7
21181,"1,342",19.4
21183,"4,633",19.7
21185,"3,211",5.5
21187,"1,848",17.4
21189,"1,984",45.1
21191,"2,229",15.6
21193,"7,401",27.5
21195,"16,796",27.4
21197,"3,247",26.7
21199,"16,338",26
21201,"492",23
21203,"3,956",24.1
21205,"4,953",23.4
21207,"4,608",26.3
21209,"5,406",10.9
21211,"5,548",12.8
21213,"2,610",15
21215,"1,545",8.8
21217,"6,333",26.7
21219,"2,368",19.3
21221,"2,218",15.8
21223,"1,408",16.2
21225,"2,832",18.9
21227,"20,900",18.3
21229,"2,284",19.7
21231,"5,252",26.2
21233,"2,220",17.3
21235,"10,097",29.8
21237,"2,558",36.2
21239,"2,812",11.2
22000,"898,902",19.9
22001,"13,527",22
22003,"4,832",22.5
22005,"15,873",13.7
22007,"4,067",17.8
22009,"9,639",25.5
22011,"6,559",18.9
22013,"3,704",27.4
22015,"17,520",14.3
22017,"59,514",24.1
22019,"35,591",18.4
22021,"2,168",23.3
22023,"809",12.2
22025,"2,158",23.3
22027,"3,789",28.2
22029,"5,855",30.9
22031,"6,298",23.5
22033,"80,273",18.4
22035,"2,751",43
22037,"3,543",20.4
22039,"7,757",24.1
22041,"5,718",29
22043,"4,417",22.8
22045,"14,132",19.4
22047,"5,867",19.9
22049,"3,679",24.6
22051,"68,333",15.8
22053,"6,700",21.7
22055,"34,809",15.1
22057,"16,903",17.6
22059,"2,447",18
22061,"12,699",29.7
22063,"16,499",12.3
22065,"4,250",41.4
22067,"7,608",29.4
22069,"11,500",31.1
22071,"103,855",27.9
22073,"35,619",23.6
22075,"3,715",16
22077,"4,072",18.3
22079,"25,480",19.8
22081,"2,140",25.3
22083,"4,932",24.9
22085,"5,022",21.2
22087,"7,869",17.9
22089,"6,272",12.1
22091,"2,515",24
22093,"3,450",16.1
22095,"8,995",20.8
22097,"24,857",30.1
22099,"9,460",18
22101,"11,395",21.8
22103,"27,292",11.2
22105,"27,726",22.5
22107,"1,538",32
22109,"23,321",20.9
22111,"4,835",22
22113,"10,775",18.3
22115,"6,911",13.9
22117,"12,979",29.1
22119,"8,681",22.2
22121,"5,012",20.5
22123,"2,492",22.5
22125,"2,415",24
22127,"3,487",26.8
23000,"181,737",14
23001,"16,125",15.4
23003,"13,603",20.1
23005,"30,257",10.8
23007,"4,592",15.8
23009,"6,886",12.9
23011,"16,257",13.8
23013,"5,315",13.9
23015,"3,951",11.7
23017,"9,083",16.1
23019,"26,330",18
23021,"3,403",20.3
23023,"3,642",10.5
23025,"8,681",17.3
23027,"5,752",15
23029,"5,725",18.5
23031,"22,134",11.2
24000,"604,762",10.4
24001,"12,063",18.5
24003,"36,632",6.7
24005,"78,935",9.8
24009,"6,441",7.2
24011,"5,108",16
24013,"9,673",5.9
24015,"10,751",10.6
24017,"11,000",7.2
24019,"5,608",17.5
24021,"15,670",6.5
24023,"3,610",12.4
24025,"19,664",8
24027,"18,818",6.1
24029,"2,544",13.8
24031,"73,213",7.2
24033,"91,060",10.3
24035,"3,620",7.5
24037,"9,239",8.6
24039,"5,197",25.5
24041,"4,333",11.7
24043,"19,416",13.8
24045,"16,317",16.9
24047,"6,067",11.9
24510,"139,782",23.3
25000,"760,211",11.7
25001,"18,801",8.9
25003,"16,037",13
25005,"66,553",12.4
25007,"1,544",9
25009,"80,526",10.7
25011,"8,397",12
25013,"80,178",17.7
25015,"20,809",15
25017,"134,684",8.9
25019,"765",7.1
25021,"43,999",6.5
25023,"42,124",8.5
25025,"155,184",21.5
25027,"90,611",11.5
26000,"1,567,465",16.2
26001,"1,803",17.5
26003,"1,310",15.5
26005,"12,851",11.4
26007,"4,793",16.8
26009,"2,996",13
26011,"3,010",19.9
26013,"1,208",15.8
26015,"5,971",10.2
26017,"17,614",16.8
26019,"2,043",11.8
26021,"26,842",17.7
26023,"6,310",15.2
26025,"20,194",15.4
26027,"7,555",14.8
26029,"3,241",12.6
26031,"4,054",16.1
26033,"6,623",19.9
26035,"7,376",24.5
26037,"7,616",10
26039,"2,230",16.5
26041,"5,335",14.8
26043,"3,674",14.4
26045,"10,493",9.8
26047,"3,793",11.6
26049,"87,632",21.5
26051,"4,646",18.5
26053,"2,961",20.9
26055,"8,546",9.7
26057,"6,709",18.5
26059,"7,351",16.6
26061,"6,280",18.7
26063,"4,469",14.1
26065,"53,518",20.1
26067,"8,889",15.2
26069,"4,748",19
26071,"1,916",17.3
26073,"18,099",28.3
26075,"23,035",15.4
26077,"47,221",18.9
26079,"2,998",17.4
26081,"94,696",15.3
26083,"281",12.7
26085,"3,194",29.2
26087,"9,590",11.1
26089,"1,922",8.9
26091,"13,651",14.5
26093,"11,312",6.1
26095,"1,081",20.6
26097,"1,682",15.4
26099,"104,347",12.3
26101,"3,822",16.6
26103,"9,701",15.4
26105,"4,637",16.3
26107,"9,146",23
26109,"3,383",14.5
26111,"9,740",11.9
26113,"2,389",16.1
26115,"15,436",10.4
26117,"12,197",20.4
26119,"1,433",15.7
26121,"33,197",20
26123,"9,922",21
26125,"122,452",10
26127,"5,206",20.1
26129,"4,438",21.4
26131,"1,084",17.8
26133,"4,643",20.4
26135,"1,703",20.5
26137,"3,142",13.2
26139,"24,462",9.1
26141,"2,071",16.1
26143,"4,882",20.7
26145,"32,739",17.4
26147,"21,850",13.8
26149,"11,088",18.5
26151,"6,028",14.7
26153,"1,410",17.6
26155,"10,349",15.3
26157,"8,304",15.6
26159,"12,261",16.5
26161,"48,651",14.3
26163,"419,820",24.1
26165,"6,171",19
27000,"607,870",11.4
27001,"2,306",14.9
27003,"25,800",7.6
27005,"4,793",14.6
27007,"8,056",18.5
27009,"5,272",13.6
27011,"640",12.8
27013,"11,095",17.9
27015,"2,153",8.9
27017,"4,086",12.1
27019,"4,613",4.8
27021,"4,434",15.7
27023,"1,371",11.5
27025,"3,251",6.2
27027,"7,704",13.3
27029,"1,540",17.8
27031,"537",10.4
27033,"1,473",12.9
27035,"6,815",10.9
27037,"29,892",7.3
27039,"1,531",7.6
27041,"3,474",9.6
27043,"1,866",13.5
27045,"2,360",11.6
27047,"3,774",12.5
27049,"4,377",9.6
27051,"615",10.5
27053,"154,785",13
27055,"1,560",8.4
27057,"2,491",12.2
27059,"2,971",7.8
27061,"6,545",14.7
27063,"992",9.8
27065,"2,166",13.8
27067,"4,783",11.5
27069,"427",9.9
27071,"1,933",15.3
27073,"700",10.4
27075,"1,098",10.5
27077,"412",10.7
27079,"2,434",8.9
27081,"577",10.2
27083,"2,839",11.5
27085,"2,797",7.9
27087,"1,063",19.6
27089,"891",9.6
27091,"2,434",12.2
27093,"2,268",10
27095,"3,035",12
27097,"3,839",11.8
27099,"4,700",12.1
27101,"796",9.6
27103,"3,134",10.2
27105,"2,769",13
27107,"868",13.4
27109,"14,462",9.8
27111,"6,363",11.2
27113,"1,274",9.3
27115,"4,762",17.5
27117,"1,110",12.2
27119,"3,875",12.7
27121,"1,129",10.4
27123,"85,264",16.5
27125,"368",9.2
27127,"1,886",12.4
27129,"1,661",11.3
27131,"7,510",13
27133,"890",9.6
27135,"1,418",9.2
27137,"32,867",17
27139,"7,590",5.5
27141,"6,395",7.2
27143,"1,353",9.2
27145,"19,537",13.4
27147,"3,931",10.9
27149,"1,258",14.2
27151,"1,005",10.8
27153,"4,250",17.8
27155,"400",12.2
27157,"1,549",7.3
27159,"2,107",15.8
27161,"1,793",10.1
27163,"14,735",6
27165,"1,135",10.4
27167,"653",10.3
27169,"7,400",15.8
27171,"7,700",6
27173,"1,105",11.2
28000,"634,960",21.9
28001,"9,586",32.9
28003,"7,966",21.8
28005,"2,891",23.2
28007,"4,449",23.6
28009,"2,102",25.6
28011,"10,882",34
28013,"3,633",25
28015,"1,763",17.9
28017,"4,151",24.7
28019,"1,979",24.2
28021,"3,430",42.6
28023,"3,634",22.4
28025,"5,649",28.4
28027,"8,498",35
28029,"7,317",26
28031,"5,064",26.5
28033,"17,112",10.1
28035,"19,236",26.4
28037,"1,590",20.5
28039,"3,867",17
28041,"2,636",23.6
28043,"5,287",24.8
28045,"8,993",19.8
28047,"36,288",18.8
28049,"55,541",23.6
28051,"7,717",44
28053,"3,480",40.3
28055,"431",39.5
28057,"3,880",17.2
28059,"21,723",15.6
28061,"3,751",22.7
28063,"2,764",38.5
28065,"3,488",29.8
28067,"16,272",24.4
28069,"2,615",28.2
28071,"12,011",25.9
28073,"8,479",14.2
28075,"16,466",21.7
28077,"2,778",22.3
28079,"5,751",27.1
28081,"16,289",19.4
28083,"11,794",40.1
28085,"7,392",21.6
28087,"13,781",23.6
28089,"13,115",13.1
28091,"7,611",30.4
28093,"7,377",21.5
28095,"7,122",20.1
28097,"2,536",24.7
28099,"6,010",20.7
28101,"4,736",22.3
28103,"3,420",31.3
28105,"13,295",29.9
28107,"8,863",25.9
28109,"10,425",19.3
28111,"2,738",22.6
28113,"11,942",30.5
28115,"5,429",17.7
28117,"5,463",22.3
28119,"2,712",36.2
28121,"15,792",11.1
28123,"7,580",26.9
28125,"1,710",37.4
28127,"6,967",25.9
28129,"3,345",20.8
28131,"3,210",19.5
28133,"8,102",34.8
28135,"4,596",37.4
28137,"5,000",18.5
28139,"4,143",19.1
28141,"3,385",17.7
28143,"2,924",27.9
28145,"4,412",15.9
28147,"3,885",26.4
28149,"10,290",21.7
28151,"16,872",35.1
28153,"5,032",24.7
28155,"2,191",22.1
28157,"2,641",32.5
28159,"4,740",26.3
28161,"2,832",23.4
28163,"8,112",34.6
29000,"908,394",15.5
29001,"6,109",26.9
29003,"1,834",10.7
29005,"645",12.2
29007,"4,084",17.2
29009,"7,101",20.2
29011,"2,280",19.1
29013,"2,976",18.4
29015,"3,614",19.5
29017,"2,466",20.1
29019,"31,804",19.5
29021,"15,129",17.8
29023,"8,960",21.3
29025,"1,423",16.2
29027,"5,779",14.2
29029,"7,600",17.5
29031,"12,603",17
29033,"1,472",16.5
29035,"1,492",24
29037,"10,455",10.5
29039,"2,946",21.4
29041,"894",12
29043,"9,217",11.3
29045,"1,067",15.7
29047,"21,041",9.1
29049,"2,453",12.4
29051,"9,521",13.3
29053,"2,230",14
29055,"5,018",20.7
29057,"1,387",18.5
29059,"3,502",21.7
29061,"1,363",16.8
29063,"1,697",18.6
29065,"3,322",21.6
29067,"3,078",23
29069,"9,098",29.8
29071,"11,919",11.8
29073,"1,961",13.5
29075,"1,030",15.4
29077,"56,481",20.6
29079,"1,890",19.2
29081,"1,609",19
29083,"3,980",18.3
29085,"2,014",22.1
29087,"636",14.4
29089,"1,479",15.6
29091,"8,706",22.1
29093,"2,201",22.1
29095,"111,130",16.5
29097,"22,445",19.6
29099,"23,387",10.6
29101,"7,338",14.6
29103,"757",19.4
29105,"6,412",18.4
29107,"4,278",13.4
29109,"6,938",18.6
29111,"1,341",14.3
29113,"8,376",15.7
29115,"2,419",20
29117,"2,232",16.6
29119,"4,992",22.2
29121,"2,569",17
29123,"2,473",20.4
29125,"1,428",16.1
29127,"4,965",18
29129,"549",15
29131,"4,303",17.4
29133,"3,951",32.2
29135,"2,008",13.9
29137,"1,353",15.8
29139,"1,830",16.1
29141,"4,112",20.7
29143,"4,160",23.3
29145,"8,198",14.3
29147,"3,949",20.2
29149,"2,560",23.9
29151,"1,358",10.2
29153,"2,098",22.3
29155,"4,998",28.7
29157,"2,194",11.6
29159,"7,239",17.6
29161,"9,019",21.6
29163,"3,058",18.9
29165,"6,487",6.9
29167,"5,348",18.1
29169,"6,899",15.9
29171,"888",18.6
29173,"1,186",11.6
29175,"4,131",18.3
29177,"3,456",15.3
29179,"1,382",21.5
29181,"3,466",25.1
29183,"25,281",6.8
29185,"2,002",21.7
29186,"2,310",13.1
29187,"11,974",20.3
29189,"93,882",9.6
29195,"3,574",16.3
29197,"779",18.2
29199,"774",16.3
29201,"7,972",20.9
29203,"2,324",28.2
29205,"979",16.6
29207,"5,577",19
29209,"4,973",16.2
29211,"1,113",17.7
29213,"9,819",18.7
29215,"5,097",21.5
29217,"3,558",17.5
29219,"4,222",12.8
29221,"6,088",25.5
29223,"3,504",26.4
29225,"6,386",17.8
29227,"313",15.5
29229,"4,096",22.7
29510,"88,571",28.8
30000,"151,915",15.2
30001,"1,343",15.1
30003,"4,016",30.6
30005,"1,643",25.2
30007,"653",11.7
30009,"1,315",12.7
30011,"161",14
30013,"11,403",14.3
30015,"1,129",19.4
30017,"1,279",11
30019,"189",10.8
30021,"1,052",11.7
30023,"1,451",17.1
30025,"245",8
30027,"1,640",14.8
30029,"12,776",13.6
30031,"13,071",13.9
30033,"198",15.1
30035,"4,259",31.8
30037,"165",20.1
30039,"458",14.4
30041,"2,845",17.6
30043,"1,184",10.4
30045,"290",14.6
30047,"6,541",22.7
30049,"7,736",12
30051,"432",19.1
30053,"3,622",19.2
30055,"257",15.4
30057,"976",12.6
30059,"321",18
30061,"731",17.3
30063,"17,216",15.8
30065,"866",19.1
30067,"2,310",14.7
30069,"85",17.5
30071,"648",15.7
30073,"1,221",20.3
30075,"214",12.3
30077,"1,083",20.2
30079,"138",12.3
30081,"7,013",17.2
30083,"949",8.2
30085,"2,653",23.8
30087,"1,892",20.5
30089,"2,316",20.7
30091,"370",10.2
30093,"6,575",19.5
30095,"776",8.4
30097,"431",12
30099,"817",13.9
30101,"762",17.2
30103,"91",13.2
30105,"935",12.4
30107,"397",19.5
30109,"128",11.7
30111,"18,645",12.3
31000,"225,054",12.3
31001,"3,746",12.5
31003,"885",14
31005,"46",10.2
31007,"95",12.4
31009,"79",15.7
31011,"540",10.3
31013,"1,274",11.4
31015,"276",13.9
31017,"372",12.8
31019,"5,738",12.5
31021,"683",10.6
31023,"745",9.2
31025,"1,726",6.9
31027,"878",10.4
31029,"363",9.3
31031,"757",13.3
31033,"902",9
31035,"702",11.3
31037,"1,072",10.3
31039,"809",9.1
31041,"1,413",13.4
31043,"3,044",14.8
31045,"1,537",18.8
31047,"3,248",13.7
31049,"226",11.8
31051,"604",10.7
31053,"4,564",12.9
31055,"74,169",14
31057,"256",13.8
31059,"551",10.1
31061,"410",13.6
31063,"353",13.7
31065,"608",12.7
31067,"2,338",11
31069,"293",15.6
31071,"231",11.8
31073,"175",9.1
31075,"68",11
31077,"307",12.7
31079,"8,834",14.7
31081,"622",6.9
31083,"391",11.4
31085,"135",14.5
31087,"397",13.8
31089,"1,281",12.5
31091,"67",9.6
31093,"726",11.5
31095,"829",11.5
31097,"575",13.9
31099,"627",9.6
31101,"964",12
31103,"166",20.5
31105,"428",11.7
31107,"1,229",14.9
31109,"40,146",14
31111,"5,112",14.5
31113,"70",9.4
31115,"91",15.5
31117,"69",13.9
31119,"4,662",13.7
31121,"791",10.4
31123,"669",14
31125,"403",11.7
31127,"900",13.6
31129,"575",13.4
31131,"1,544",10
31133,"324",12.2
31135,"295",10.4
31137,"845",9.5
31139,"707",10
31141,"2,687",8.4
31143,"410",8
31145,"1,227",11.7
31147,"1,142",14.4
31149,"211",15
31151,"1,328",10.1
31153,"8,991",5.3
31155,"1,678",8.2
31157,"5,563",15.6
31159,"1,292",8.2
31161,"826",16
31163,"366",12.1
31165,"208",16
31167,"557",9.2
31169,"541",10.7
31171,"105",15.4
31173,"2,338",34
31175,"511",12.3
31177,"1,450",7.4
31179,"1,132",13.6
31181,"450",12.7
31183,"96",12.6
31185,"1,388",10.6
32000,"430,447",15.4
32001,"3,107",13.2
32003,"318,965",15.6
32005,"4,861",10.3
32007,"5,581",10.8
32009,"115",14
32011,"197",9.8
32013,"1,819",10.7
32015,"656",11
32017,"741",15.1
32019,"7,039",13.7
32021,"843",19
32023,"7,019",16.8
32027,"931",18.5
32029,"327",8.4
32031,"67,110",15.4
32033,"1,195",13.7
32510,"9,940",19.3
33000,"117,822",9.2
33001,"5,922",10
33003,"5,003",10.7
33005,"8,467",11.8
33007,"4,508",14.9
33009,"9,584",11.6
33011,"34,507",8.7
33013,"13,390",9.5
33015,"18,267",6.1
33017,"13,735",11.8
33019,"4,437",10.4
34000,"972,441",11.1
34001,"40,761",15.1
34003,"70,557",7.6
34005,"31,331",7.2
34007,"65,551",13
34009,"12,080",13
34011,"28,287",19.5
34013,"130,059",16.7
34015,"23,626",8.2
34017,"117,129",17.7
34019,"5,742",4.7
34021,"41,715",11.8
34023,"67,331",8.3
34025,"51,001",8.2
34027,"24,782",5
34029,"68,832",11.9
34031,"90,553",18.2
34033,"8,307",13.1
34035,"16,496",5
34037,"8,875",6.2
34039,"60,679",11.1
34041,"8,747",8.3
35000,"420,388",20.6
35001,"124,091",18.7
35003,"783",22.2
35005,"14,988",23.4
35006,"7,162",28.8
35007,"2,510",20.5
35009,"9,472",19.2
35011,"374",20.6
35013,"58,462",27.9
35015,"7,863",14.1
35017,"5,437",19.1
35019,"1,006",25.8
35021,"101",14.8
35023,"1,099",24.5
35025,"11,231",16.6
35027,"3,933",20.1
35028,"743",4.2
35029,"7,386",30.6
35031,"26,327",35.8
35033,"1,108",24.2
35035,"12,658",20.2
35037,"2,018",23.9
35039,"9,503",24.1
35041,"4,415",24
35043,"17,264",12.6
35045,"25,680",21
35047,"6,948",25.5
35049,"20,700",14.2
35051,"2,627",23.8
35053,"5,194",31
35055,"6,317",19.2
35057,"4,130",27.6
35059,"704",19.4
35061,"18,156",24.5
36000,"3,082,613",16
36001,"39,589",13.5
36003,"7,943",18.3
36005,"440,989",31.5
36007,"32,100",17.2
36009,"12,350",16.2
36011,"9,488",12.7
36013,"24,433",19.3
36015,"15,101",18.2
36017,"8,078",16.7
36019,"12,419",16.6
36021,"7,023",11.6
36023,"6,206",13.8
36025,"6,400",14.4
36027,"28,417",10.2
36029,"136,135",15.2
36031,"4,356",12
36033,"8,393",18.5
36035,"9,444",17.8
36037,"6,841",12
36039,"4,989",11.1
36041,"537",11.4
36043,"10,279",16.5
36045,"17,009",15.1
36047,"607,086",23.4
36049,"3,833",14.3
36051,"8,640",14.7
36053,"7,962",11.8
36055,"103,280",14.2
36057,"9,248",18.9
36059,"89,120",6.7
36061,"280,877",17.7
36063,"28,129",13.4
36065,"38,971",17.7
36067,"72,873",16.1
36069,"12,241",11.5
36071,"49,122",13.4
36073,"6,129",15.5
36075,"22,618",19.6
36077,"10,606",18.9
36079,"6,144",6.3
36081,"352,481",15.4
36083,"19,990",13
36085,"67,827",14.5
36087,"46,955",14.7
36089,"18,981",18.9
36091,"15,977",7.2
36093,"20,089",13.2
36095,"4,790",15.9
36097,"2,786",15.4
36099,"4,560",14.2
36101,"16,098",16.6
36103,"113,319",7.7
36105,"11,968",16.3
36107,"5,644",11.4
36109,"17,123",18.7
36111,"23,615",13.7
36113,"8,572",13.3
36115,"8,607",14.6
36117,"11,678",12.9
36119,"98,067",10.4
36121,"4,608",12.3
36123,"3,481",14.5
37000,"1,663,954",17.2
37001,"27,115",17.9
37003,"5,923",16.4
37005,"2,205",20.5
37007,"5,860",25
37009,"5,629",20.9
37011,"3,041",19.8
37013,"8,863",18.8
37015,"5,212",27.7
37017,"8,750",25.6
37019,"18,438",15.7
37021,"33,936",13.9
37023,"17,732",20.5
37025,"23,213",12.2
37027,"15,102",18.8
37029,"1,002",9.7
37031,"9,945",14.7
37033,"4,317",19.9
37035,"24,642",16.2
37037,"9,404",13.9
37039,"5,620",21
37041,"3,310",23.2
37043,"1,935",18.5
37045,"20,081",21.1
37047,"13,119",24.3
37049,"16,289",16.4
37051,"55,792",17.6
37053,"2,758",11.2
37055,"3,831",11
37057,"27,440",16.9
37059,"5,681",13.8
37061,"16,419",27.7
37063,"46,899",16.6
37065,"13,925",25.9
37067,"69,871",19.7
37069,"9,401",15.4
37071,"34,776",16.7
37073,"1,794",15.6
37075,"1,754",20.6
37077,"8,664",15.9
37079,"5,311",28.3
37081,"86,041",17.3
37083,"12,128",23.5
37085,"25,281",20.5
37087,"8,961",15.2
37089,"14,185",12.9
37091,"5,632",25.8
37093,"9,897",19.5
37095,"1,080",21.9
37097,"20,917",12.7
37099,"8,748",23.5
37101,"27,504",15.3
37103,"2,213",22.2
37105,"10,830",18.5
37107,"12,806",22.1
37109,"12,626",16
37111,"7,685",17.6
37113,"6,061",18.1
37115,"3,972",19.9
37117,"4,584",19.7
37119,"151,386",15.2
37121,"2,894",19.2
37123,"5,564",21.1
37125,"14,281",15.5
37127,"16,796",18.2
37129,"37,908",18
37131,"5,117",25.8
37133,"24,618",14.3
37135,"18,514",14.1
37137,"2,184",17.9
37139,"6,978",18.8
37141,"8,502",15.4
37143,"2,293",17.1
37145,"7,236",18.7
37147,"39,398",23.4
37149,"2,942",14.7
37151,"23,570",16.7
37153,"11,033",24.7
37155,"43,106",33.1
37157,"17,540",19.4
37159,"24,137",18
37161,"14,045",21.5
37163,"18,218",29
37165,"9,569",28.9
37167,"9,685",16.5
37169,"6,355",13.8
37171,"13,633",18.9
37173,"2,716",19.3
37175,"5,203",16.2
37177,"1,018",28.3
37179,"23,279",10.8
37181,"11,896",27
37183,"112,936",11.5
37185,"4,371",22.8
37187,"3,334",26.8
37189,"12,227",26.2
37191,"28,355",23.3
37193,"15,885",23.4
37195,"19,057",23.9
37197,"6,430",17.2
37199,"3,590",20.6
38000,"79,203",11.1
38001,"236",10.2
38003,"1,097",10.3
38005,"2,025",29.9
38007,"69",7.7
38009,"618",9.7
38011,"238",7.4
38013,"185",8.3
38015,"7,160",8.2
38017,"18,221",11.3
38019,"341",9
38021,"566",11.7
38023,"197",8.3
38025,"412",9.5
38027,"244",10.7
38029,"443",13.2
38031,"265",8
38033,"189",10.7
38035,"11,010",16.7
38037,"376",16.1
38039,"214",9.5
38041,"276",11.1
38043,"341",14.1
38045,"395",9.7
38047,"223",11.9
38049,"726",12.3
38051,"348",13
38053,"934",8.6
38055,"952",10.1
38057,"629",7.3
38059,"2,678",9.2
38061,"899",9.3
38063,"319",10.8
38065,"194",10.6
38067,"621",8.9
38069,"479",11.6
38071,"1,360",12.3
38073,"438",8.4
38075,"195",7.7
38077,"1,488",9.7
38079,"4,560",31.6
38081,"281",7.3
38083,"213",16.1
38085,"1,457",33.6
38087,"72",9.4
38089,"2,259",7.6
38091,"138",7.1
38093,"2,255",11.6
38095,"247",10.9
38097,"682",8.9
38099,"1,172",10.9
38101,"5,644",8.5
38103,"448",10.9
38105,"2,174",6.9
39000,"1,778,288",15.8
39001,"6,864",24.8
39003,"17,839",18
39005,"7,400",14.6
39007,"20,547",21.5
39009,"16,630",29.9
39011,"3,744",8.3
39013,"10,537",16.1
39015,"6,503",15
39017,"52,128",14.4
39019,"3,742",13.5
39021,"4,309",11.3
39023,"24,315",18.2
39025,"22,370",11.2
39027,"5,584",13.7
39029,"16,171",15.9
39031,"6,527",18.1
39033,"6,441",15.4
39035,"241,829",19.6
39037,"6,281",12.2
39039,"4,392",11.7
39041,"8,952",4.8
39043,"10,343",13.9
39045,"14,147",9.6
39047,"4,440",15.8
39049,"208,629",17.3
39051,"4,414",10.5
39053,"7,667",26.1
39055,"7,299",7.8
39057,"20,447",13.2
39059,"6,729",17.2
39061,"138,939",17.6
39063,"9,313",12.7
39065,"5,586",19
39067,"2,578",16.9
39069,"2,808",10.2
39071,"8,199",19.3
39073,"4,944",17.5
39075,"5,348",12.4
39077,"7,759",13.4
39079,"6,450",20
39081,"13,050",20
39083,"8,724",15.1
39085,"20,156",8.9
39087,"10,643",17.5
39089,"22,272",13.5
39091,"7,637",17
39093,"43,499",14.7
39095,"87,923",20.7
39097,"4,890",12.6
39099,"42,601",18.9
39101,"12,683",21.3
39103,"12,230",7
39105,"5,199",22.6
39107,"3,577",8.9
39109,"10,920",10.6
39111,"2,232",15.7
39113,"101,914",19.7
39115,"2,646",18.1
39117,"4,197",12.1
39119,"15,955",19.1
39121,"1,888",16.3
39123,"4,110",10.1
39125,"2,320",12.3
39127,"6,276",17.8
39129,"6,833",13.2
39131,"6,061",21.9
39133,"21,810",14.2
39135,"5,340",13
39137,"2,621",7.8
39139,"18,246",15.9
39141,"13,658",19.2
39143,"8,592",14.5
39145,"20,049",27.2
39147,"9,254",17.5
39149,"5,167",10.7
39151,"54,744",14.9
39153,"71,490",13.4
39155,"34,593",17.2
39157,"12,252",13.4
39159,"3,924",7.7
39161,"2,837",10.1
39163,"3,110",23.7
39165,"12,441",5.8
39167,"9,307",15.7
39169,"15,491",13.9
39171,"5,125",14.2
39173,"16,448",13.5
39175,"2,208",10
40000,"623,162",16.6
40001,"5,975",27.2
40003,"783",16.6
40005,"2,826",21.8
40007,"567",10.5
40009,"3,240",15
40011,"1,795",18.4
40013,"8,258",19.1
40015,"6,399",23.5
40017,"9,811",7.7
40019,"7,870",16.5
40021,"9,584",20.6
40023,"4,000",26.8
40025,"410",18
40027,"32,649",12.6
40029,"1,195",20.9
40031,"21,256",18.6
40033,"1,081",17.8
40035,"2,644",19.2
40037,"10,966",15.8
40039,"4,439",15.9
40041,"7,707",18.8
40043,"595",12.4
40045,"491",12
40047,"8,884",14.5
40049,"5,222",19.2
40051,"6,366",12.1
40053,"542",12.3
40055,"1,260",25.2
40057,"667",24.8
40059,"399",10.6
40061,"3,136",24.5
40063,"2,873",23.4
40065,"4,338",17.2
40067,"1,411",23
40069,"2,160",20.1
40071,"8,040",18.2
40073,"1,535",10
40075,"1,745",19.1
40077,"2,087",20.7
40079,"11,499",24
40081,"5,089",14.9
40083,"5,990",13.8
40085,"1,204",12.5
40087,"3,788",10.2
40089,"6,805",20.9
40091,"4,429",22.4
40093,"898",11.8
40095,"2,858",18
40097,"7,085",17.6
40099,"2,026",15.1
40101,"14,708",22.2
40103,"1,522",13.4
40105,"1,660",16.1
40107,"2,791",25
40109,"134,346",17.9
40111,"8,073",21.5
40113,"7,670",16.6
40115,"6,863",22.1
40117,"2,494",15.4
40119,"17,109",23.7
40121,"9,134",21.7
40123,"6,270",17.3
40125,"11,971",17.5
40127,"2,538",23.1
40129,"459",12.3
40131,"8,828",10
40133,"6,114",24.7
40135,"11,377",27.9
40137,"6,779",15.5
40139,"2,887",13.6
40141,"1,747",23.8
40143,"91,246",14.8
40145,"7,390",9.8
40147,"7,073",13.9
40149,"1,561",13.9
40151,"1,181",14.3
40153,"2,495",12.3
41000,"637,156",16.4
41001,"3,232",20.6
41003,"15,545",18.9
41005,"37,450",9.5
41007,"5,672",15.4
41009,"5,880",12
41011,"12,144",19.8
41013,"3,809",18.3
41015,"3,780",17.1
41017,"22,298",13.2
41019,"21,001",19.9
41021,"223",11.7
41023,"1,190",16.8
41025,"1,489",21.3
41027,"3,298",14.6
41029,"37,566",18.1
41031,"4,513",21.2
41033,"16,921",20.6
41035,"14,092",21.9
41037,"1,429",19.3
41039,"64,722",18.4
41041,"8,628",18.8
41043,"22,559",19.1
41045,"7,756",28.7
41047,"56,064",17.7
41049,"1,824",16.3
41051,"141,562",18.6
41053,"10,721",14.1
41055,"241",14.2
41057,"4,347",17.5
41059,"13,041",18
41061,"4,418",17.7
41063,"1,063",15.8
41065,"4,192",16.8
41067,"69,403",12.5
41069,"315",23.3
41071,"14,772",15.4
42000,"1,679,008",13.6
42001,"10,492",10.8
42003,"157,151",13.1
42005,"9,259",13.8
42007,"19,507",11.7
42009,"6,544",13.6
42011,"57,336",14.3
42013,"18,367",15
42015,"7,884",12.9
42017,"40,794",6.6
42019,"16,152",8.9
42021,"20,177",15.3
42023,"673",14.2
42025,"8,227",13
42027,"24,881",17.9
42029,"36,496",7.3
42031,"5,641",15.1
42033,"12,401",16.5
42035,"6,416",17.4
42037,"8,919",14.3
42039,"12,421",14.9
42041,"20,894",9.1
42043,"35,668",13.4
42045,"59,610",11
42047,"3,220",10.5
42049,"43,476",16.4
42051,"26,438",20.2
42053,"1,099",21.9
42055,"17,932",11.9
42057,"1,925",13.3
42059,"5,718",16.5
42061,"6,151",15.1
42063,"13,966",17
42065,"5,807",13.3
42067,"3,001",12.3
42069,"31,412",15.4
42071,"54,499",10.5
42073,"11,441",13.2
42075,"14,442",10.9
42077,"44,744",12.8
42079,"48,547",15.8
42081,"17,789",16
42083,"6,544",16.6
42085,"15,793",14.6
42087,"7,490",16.3
42089,"21,663",13.3
42091,"56,743",7.1
42093,"2,003",11.2
42095,"29,019",10
42097,"14,358",15.9
42099,"3,919",8.7
42101,"389,485",25.8
42103,"5,893",10.6
42105,"2,427",14.3
42107,"18,623",13.5
42109,"4,956",13.1
42111,"9,641",13.5
42113,"894",14.4
42115,"5,301",12.8
42117,"6,551",16.3
42119,"4,839",13.4
42121,"8,528",16.2
42123,"5,631",14.1
42125,"21,640",10.7
42127,"6,610",13.9
42129,"35,717",10.1
42131,"2,993",10.9
42133,"44,232",10.2
44000,"149,825",14.8
44001,"3,696",8
44003,"15,259",9.3
44005,"7,566",9.5
44007,"110,850",18.3
44009,"12,453",10.4
45000,"838,065",17.9
45001,"5,178",21.4
45003,"26,875",16.6
45005,"3,328",39.9
45007,"31,752",16.7
45009,"4,209",29.7
45011,"5,843",27
45013,"22,025",12.9
45015,"26,592",13.7
45017,"2,841",19.3
45019,"62,336",16.8
45021,"12,295",22.3
45023,"7,209",22.5
45025,"11,991",26.4
45027,"8,793",27
45029,"8,566",23
45031,"16,800",25.3
45033,"9,141",29.8
45035,"18,717",12.8
45037,"4,122",17.5
45039,"5,231",23.1
45041,"26,454",19.5
45043,"11,811",19.6
45045,"69,140",14.7
45047,"14,844",22.1
45049,"4,469",23.8
45051,"52,066",17.6
45053,"6,285",24.5
45055,"10,894",17.4
45057,"15,925",19.7
45059,"13,557",21.1
45061,"4,548",27.8
45063,"37,932",13.8
45065,"2,105",24.6
45067,"9,517",30.1
45069,"7,700",31.4
45071,"7,084",19.4
45073,"12,986",17.5
45075,"26,705",30.8
45077,"22,174",19.5
45079,"59,816",16.1
45081,"4,072",20.6
45083,"50,359",17.7
45085,"24,393",23.2
45087,"5,376",19.6
45089,"8,838",28.3
45091,"35,172",14.6
46000,"115,906",14.1
46003,"287",10.8
46005,"2,685",15.1
46007,"1,182",34.8
46009,"848",15.2
46011,"4,230",14.1
46013,"4,375",11.8
46015,"769",14.8
46017,"841",40.7
46019,"1,605",15.8
46021,"129",9.4
46023,"2,128",24
46025,"474",13.8
46027,"2,941",24.9
46029,"2,848",10.3
46031,"1,612",38.6
46033,"876",10.7
46035,"2,351",12.3
46037,"888",16.3
46039,"430",10.1
46041,"1,535",27.2
46043,"330",11.6
46045,"397",10.5
46047,"1,135",17
46049,"288",13.2
46051,"725",10
46053,"761",18.3
46055,"217",12
46057,"607",10.4
46059,"329",10
46061,"260",8.1
46063,"137",11.2
46065,"1,853",11
46067,"884",13.2
46069,"137",10.1
46071,"1,097",33.9
46073,"283",14.9
46075,"127",13.1
46077,"498",10.1
46079,"1,102",9.5
46081,"3,240",13.6
46083,"2,204",4.3
46085,"953",24.9
46087,"545",10
46089,"384",17
46091,"540",12
46093,"2,712",10.4
46095,"679",33.2
46097,"280",12.4
46099,"20,429",11.5
46101,"772",12.3
46103,"14,908",14.1
46105,"453",15.2
46107,"251",11
46109,"2,074",20.4
46111,"329",14.7
46113,"7,398",52.2
46115,"738",11.7
46117,"263",8.8
46119,"91",6.3
46121,"4,671",47.4
46123,"1,068",19.9
46125,"830",10.2
46127,"937",6.3
46129,"849",15.9
46135,"2,849",13.8
46137,"1,257",44.6
47000,"1,165,245",18.2
47001,"11,583",15.6
47003,"8,789",19.1
47005,"3,420",21.4
47007,"3,375",28.5
47009,"18,270",14.7
47011,"17,552",17.5
47013,"8,908",22.7
47015,"2,225",16.4
47017,"5,664",20.8
47019,"13,567",24.6
47021,"5,000",12.7
47023,"3,228",20.1
47025,"7,248",24
47027,"1,837",24
47029,"9,733",27.8
47031,"8,892",16.8
47033,"2,740",19
47035,"9,477",16.6
47037,"128,113",19.9
47039,"2,266",19.9
47041,"3,797",20.1
47043,"7,143",14.3
47045,"7,324",19.6
47047,"5,678",14.7
47049,"4,956",28.1
47051,"6,493",16.5
47053,"9,425",19.5
47055,"4,749",16.9
47057,"4,954",21.9
47059,"11,768",17.7
47061,"3,442",26.1
47063,"14,496",23.4
47065,"54,383",15.9
47067,"1,915",29.5
47069,"5,595",25.3
47071,"5,536",21.7
47073,"10,987",19.6
47075,"4,428",24.7
47077,"5,297",19.1
47079,"6,477",20.5
47081,"4,596",20.2
47083,"1,547",19.1
47085,"3,143",17.6
47087,"2,649",23.4
47089,"9,061",17.8
47091,"4,231",26.4
47093,"77,218",17.7
47095,"2,141",41.9
47097,"6,102",24.8
47099,"9,080",21.8
47101,"2,377",20.3
47103,"5,495",16.5
47105,"6,802",13.6
47107,"8,943",17.4
47109,"6,060",23.5
47111,"4,373",19.3
47113,"19,635",20.9
47115,"5,779",20.6
47117,"4,787",15.5
47119,"13,026",15.5
47121,"2,400",20.8
47123,"9,181",20.6
47125,"25,803",13.9
47127,"774",12.5
47129,"4,492",23.4
47131,"6,348",20.8
47133,"4,097",18.9
47135,"1,813",23.6
47137,"968",19.2
47139,"3,331",20.3
47141,"14,844",20.8
47143,"6,954",22
47145,"9,418",18
47147,"8,976",13.4
47149,"41,601",14.7
47151,"5,298",24.5
47153,"2,699",18.7
47155,"16,582",17.7
47157,"211,505",23
47159,"2,813",15
47161,"2,296",17.5
47163,"28,608",18.5
47165,"19,349",11.3
47167,"9,296",15.4
47169,"1,374",17.5
47171,"3,541",20.1
47173,"4,266",22.6
47175,"1,137",20.6
47177,"7,468",19
47179,"20,388",16.7
47181,"3,430",23.3
47183,"6,893",21.5
47185,"5,652",21.9
47187,"11,420",5.6
47189,"12,458",10.1
48000,"4,519,548",17.2
48001,"8,970",20.4
48003,"1,858",10.7
48005,"15,136",17.9
48007,"4,280",17.5
48009,"822",9.4
48011,"208",11
48013,"7,988",16.9
48015,"3,243",11.2
48017,"1,348",19.9
48019,"2,782",13.5
48021,"11,069",14.7
48023,"643",18.3
48025,"6,261",24.9
48027,"45,622",14.2
48029,"331,898",18.3
48031,"1,283",12
48033,"67",10.3
48035,"2,616",15
48037,"17,526",20.1
48039,"32,543",9.9
48041,"51,540",26.4
48043,"1,262",13.8
48045,"256",16.7
48047,"2,305",32.4
48049,"6,285",17.5
48051,"2,752",16.2
48053,"6,028",14
48055,"6,099",16
48057,"3,740",17.3
48059,"2,177",16.3
48061,"143,568",34.5
48063,"2,991",23.9
48065,"513",8.6
48067,"5,707",19.1
48069,"1,489",19.4
48071,"4,036",10.7
48073,"9,635",20.1
48075,"1,235",22
48077,"1,382",13.5
48079,"596",20.7
48081,"477",14.9
48083,"1,884",22.6
48085,"62,032",7
48087,"572",19.3
48089,"3,258",16
48091,"11,248",9.2
48093,"2,625",19.7
48095,"640",26.5
48097,"5,806",15.3
48099,"9,493",14.8
48101,"295",20.9
48103,"459",9.5
48105,"513",13.7
48107,"1,400",24.1
48109,"556",24.7
48111,"877",12.4
48113,"480,160",19.3
48115,"2,357",20.2
48117,"3,631",19.2
48119,"1,029",20
48121,"64,947",8.7
48123,"3,391",18
48125,"418",22.1
48127,"2,739",25
48129,"629",19.4
48131,"2,841",26
48133,"3,441",19.9
48135,"19,461",12.8
48137,"422",22.5
48139,"17,299",11
48141,"190,846",23.4
48143,"8,049",21.8
48145,"3,589",23.7
48147,"5,267",17.1
48149,"2,663",10.9
48151,"589",15.4
48153,"1,400",23.7
48155,"215",17.3
48157,"59,839",8.8
48159,"1,723",16.4
48161,"3,029",16.7
48163,"3,940",26
48165,"2,710",14
48167,"44,194",14.3
48169,"1,205",28
48171,"3,137",12.5
48173,"111",8.6
48175,"1,135",15.3
48177,"3,684",18.3
48179,"3,028",14.2
48181,"18,475",15.3
48183,"21,713",18.2
48185,"4,490",18.6
48187,"15,074",10.4
48189,"7,604",24
48191,"759",24.5
48193,"1,298",16.2
48195,"688",12.7
48197,"731",18.7
48199,"7,106",12.9
48201,"759,184",17.3
48203,"11,071",17.1
48205,"487",10.5
48207,"1,310",25.1
48209,"30,932",17.5
48211,"369",8.9
48213,"15,699",20.2
48215,"275,840",33.5
48217,"7,413",21.8
48219,"3,280",14.4
48221,"6,562",12.4
48223,"7,205",20.3
48225,"5,176",25.9
48227,"5,320",17.5
48229,"834",26.7
48231,"17,603",20.5
48233,"2,994",13.9
48235,"135",8.6
48237,"1,151",14.9
48239,"2,121",14.7
48241,"6,117",17.7
48243,"277",13.1
48245,"50,051",21.2
48247,"1,177",22.5
48249,"8,249",20.2
48251,"20,492",13.3
48253,"3,430",23.4
48255,"2,735",22.3
48257,"15,114",13.8
48259,"3,188",8.3
48261,"71",17.9
48263,"92",12.4
48265,"8,570",17.6
48267,"814",18.5
48269,"28",10.7
48271,"671",21
48273,"6,875",22.8
48275,"800",21.3
48277,"9,086",18.6
48279,"3,019",22.6
48281,"2,858",14.4
48283,"1,638",28.1
48285,"2,668",13.8
48287,"2,113",13
48289,"2,251",13.5
48291,"12,663",17.4
48293,"4,298",19.6
48295,"371",10.6
48297,"1,697",15.5
48299,"2,868",14.9
48301,"8",9.3
48303,"49,964",17.7
48305,"1,044",18.3
48307,"1,520",18.9
48309,"46,019",19.7
48311,"73",9.2
48313,"2,429",21.5
48315,"2,307",23.1
48317,"674",12.5
48319,"603",14.8
48321,"7,950",22.1
48323,"14,808",26.5
48325,"6,510",14.3
48327,"478",22.7
48329,"15,319",9.9
48331,"4,361",18.3
48333,"802",17.1
48335,"1,451",20.7
48337,"2,836",14.8
48339,"55,864",10.9
48341,"3,208",14.6
48343,"2,345",18.6
48345,"201",17.5
48347,"13,685",22.7
48349,"9,567",20.3
48351,"2,703",20.2
48353,"2,632",17.9
48355,"58,798",16.8
48357,"1,145",10.7
48359,"284",15.6
48361,"13,175",16
48363,"5,146",18.6
48365,"3,626",15.5
48367,"11,997",9.9
48369,"1,433",14.6
48371,"2,448",17.8
48373,"7,687",18.5
48375,"24,669",21.5
48377,"1,520",21.8
48379,"1,633",14.9
48381,"12,181",9.7
48383,"417",11.2
48385,"615",18.7
48387,"2,465",20.1
48389,"2,785",24.8
48391,"1,211",16.9
48393,"67",7.3
48395,"3,096",19
48397,"5,944",6.8
48399,"1,846",18.1
48401,"8,053",16.6
48403,"1,951",19
48405,"1,995",23.9
48407,"5,009",18.6
48409,"10,452",15.8
48411,"1,058",20.3
48413,"427",13.6
48415,"2,218",14.1
48417,"434",13.1
48419,"5,546",22
48421,"407",13.4
48423,"38,908",18.1
48425,"1,030",12.1
48427,"21,981",35.4
48429,"1,807",20.8
48431,"154",11.8
48433,"212",15.5
48435,"522",13.2
48437,"1,449",20.9
48439,"291,534",15.2
48441,"20,789",15.9
48443,"168",18.1
48445,"2,469",21.2
48447,"228",14.2
48449,"6,564",20.6
48451,"17,398",15.6
48453,"188,959",16.7
48455,"2,800",19.9
48457,"3,737",19.3
48459,"5,816",14.6
48461,"483",14.3
48463,"5,859",22.1
48465,"10,453",22.2
48467,"8,294",15.9
48469,"14,135",15.8
48471,"13,767",26.3
48473,"6,874",16.1
48475,"1,604",14
48477,"4,894",15
48479,"85,109",32.3
48481,"6,849",16.8
48483,"682",12
48485,"23,210",19.3
48487,"2,000",15.8
48489,"7,209",38.8
48491,"37,898",7.8
48493,"5,029",11
48495,"1,041",13.5
48497,"6,044",10
48499,"6,348",15.4
48501,"935",11.4
48503,"2,962",16.4
48505,"4,654",32.6
48507,"3,672",31
49000,"341,587",11.8
49001,"628",9.8
49003,"5,947",11.6
49005,"16,303",14.2
49007,"3,178",15.7
49009,"88",8.3
49011,"23,606",7.2
49013,"2,328",11.6
49015,"1,360",12.9
49017,"589",12.2
49019,"1,401",15
49021,"10,278",22.1
49023,"1,184",11.4
49025,"823",11.8
49027,"1,609",12.9
49029,"488",4.6
49031,"271",18.7
49033,"237",10.3
49035,"128,385",11.9
49037,"4,366",29.2
49039,"4,459",17.1
49041,"2,475",12.1
49043,"2,656",6.8
49045,"4,956",8.1
49047,"3,512",9.6
49049,"69,472",12.6
49051,"1,950",7.1
49053,"19,330",12.9
49055,"383",14.1
49057,"29,322",12.3
50000,"72,294",12
50001,"3,260",9.5
50003,"5,035",14.4
50005,"4,139",13.9
50007,"16,626",11
50009,"1,196",19.6
50011,"4,362",9.1
50013,"635",9.1
50015,"3,075",12.6
50017,"3,598",12.8
50019,"4,238",16.2
50021,"7,774",13.5
50023,"6,224",11
50025,"5,478",12.9
50027,"6,654",12.1
51000,"955,541",11.8
51001,"6,319",19.4
51003,"8,982",9.1
51005,"2,450",15.8
51007,"1,636",12.9
51009,"4,179",13.7
51011,"2,290",15.1
51013,"19,117",8.5
51015,"6,977",9.8
51017,"519",11.5
51019,"7,166",9.4
51021,"834",14.1
51023,"2,544",7.8
51025,"3,205",21.9
51027,"5,095",23.2
51029,"3,376",22.8
51031,"7,883",14.5
51033,"3,206",11
51035,"4,998",17
51036,"919",13.1
51037,"2,496",20.7
51041,"27,051",8.3
51043,"1,162",8.2
51045,"644",12.4
51047,"5,219",11
51049,"1,861",19
51051,"3,165",21.3
51053,"3,316",12.1
51057,"1,590",14.5
51059,"75,137",6.7
51061,"4,980",7.4
51063,"2,178",14.1
51065,"1,946",7.9
51067,"8,927",16.3
51069,"6,233",7.7
51071,"2,254",13.5
51073,"3,539",9.7
51075,"1,567",7.5
51077,"2,969",19.9
51079,"1,816",9.6
51081,"2,165",25.1
51083,"6,180",18
51085,"6,140",6.1
51087,"34,985",11
51089,"10,553",20.5
51091,"328",14.6
51093,"3,633",10.2
51095,"5,680",7.9
51097,"1,060",14.8
51099,"1,878",7.5
51101,"1,409",8.8
51103,"1,491",13.7
51105,"6,161",26.6
51107,"14,077",3.9
51109,"3,920",11.5
51111,"2,565",22.4
51113,"1,598",12.3
51115,"927",10.6
51117,"6,384",21.1
51119,"1,489",14.4
51121,"21,796",24.8
51125,"1,975",13.4
51127,"1,201",6.2
51131,"2,555",21.5
51133,"1,750",14.3
51135,"3,334",24.3
51137,"3,672",10.7
51139,"3,991",16.9
51141,"3,934",21.9
51143,"8,923",14.6
51145,"1,855",7.1
51147,"4,822",25.5
51149,"3,424",10.5
51153,"31,917",7.2
51155,"4,875",14.7
51157,"684",9.3
51159,"1,439",19.7
51161,"7,498",8.2
51163,"2,884",13
51165,"8,906",11.7
51167,"4,962",17.9
51169,"4,495",20.8
51171,"5,114",12
51173,"6,088",19.7
51175,"2,507",15.3
51177,"11,742",9.2
51179,"7,952",5.9
51181,"878",12.9
51183,"2,185",23.9
51185,"8,003",19.2
51187,"4,289",11.3
51191,"7,734",14.5
51193,"2,603",15
51195,"8,134",21.9
51197,"4,493",15.6
51199,"3,617",5.5
51510,"14,266",9.6
51520,"3,696",21.8
51530,"1,056",17.2
51540,"11,276",25.9
51550,"22,416",9.8
51570,"2,015",11.5
51580,"936",16.4
51590,"9,627",23.6
51595,"1,364",26.1
51600,"1,866",7.8
51610,"438",3.2
51620,"1,888",22.5
51630,"4,291",16.8
51640,"1,526",22.7
51650,"20,149",15.2
51660,"12,785",28.3
51670,"4,268",19.5
51678,"1,112",24.1
51680,"17,175",25
51683,"4,104",9.8
51685,"1,350",8.9
51690,"3,187",23.8
51700,"29,082",16.7
51710,"49,728",23.4
51720,"856",21.6
51730,"8,256",25.8
51735,"707",5.9
51740,"17,017",18.3
51750,"4,678",32.4
51760,"51,415",25
51770,"19,938",20.4
51775,"2,393",10.2
51790,"3,791",16.5
51800,"11,668",13.6
51810,"37,886",8.6
51820,"3,092",14.6
51830,"2,071",20.1
51840,"3,574",13.4
53000,"913,463",13.2
53001,"3,598",19
53003,"3,573",16.3
53005,"26,893",14.6
53007,"10,298",14
53009,"11,518",16.2
53011,"44,213",9.9
53013,"607",15.5
53015,"20,701",20.6
53017,"6,120",15.5
53019,"1,700",22.4
53021,"14,661",17.3
53023,"310",14.2
53025,"14,508",15.8
53027,"13,322",19.6
53029,"7,964",10.3
53031,"4,183",14.1
53033,"230,750",11.3
53035,"27,550",11.2
53037,"7,459",18.6
53039,"3,029",14.6
53041,"12,695",17.1
53043,"1,274",12.5
53045,"9,040",15.6
53047,"9,427",23.2
53049,"3,606",17.8
53051,"2,868",22.3
53053,"106,432",13.1
53055,"2,018",12.7
53057,"18,627",15.7
53059,"1,421",12.6
53061,"73,930",9.9
53063,"76,910",16.3
53065,"8,368",19.3
53067,"31,197",11.9
53069,"558",13.9
53071,"8,682",15.7
53073,"31,842",15.7
53075,"11,567",28.4
53077,"50,044",20.5
54000,"328,734",18.3
54001,"3,409",21.5
54003,"14,356",13.2
54005,"5,172",22.1
54007,"3,124",22.2
54009,"3,416",15.1
54011,"20,377",21.9
54013,"1,623",21.8
54015,"2,214",25.1
54017,"1,305",17.4
54019,"9,215",21.4
54021,"1,851",28.9
54023,"1,959",17
54025,"7,308",21.1
54027,"4,855",21.2
54029,"3,841",12.9
54031,"2,103",15.3
54033,"9,412",13.9
54035,"4,817",16.7
54037,"5,526",10.2
54039,"31,400",16.8
54041,"3,212",20
54043,"5,215",24.4
54045,"6,972",20.2
54047,"6,981",34.9
54049,"9,920",17.9
54051,"4,820",15.2
54053,"5,397",20.6
54055,"12,413",20.5
54057,"4,307",16.1
54059,"7,163",28.1
54061,"21,601",22.5
54063,"2,595",19.3
54065,"2,246",13
54067,"5,001",19.6
54069,"7,506",18.4
54071,"1,197",16.7
54073,"1,152",16.5
54075,"1,460",17.6
54077,"5,501",17.6
54079,"5,631",10
54081,"13,163",17.7
54083,"5,609",20.8
54085,"1,739",17.7
54087,"3,336",23.1
54089,"3,134",25.8
54091,"2,765",16.8
54093,"1,152",17.1
54095,"1,415",15.8
54097,"4,599",19.7
54099,"8,169",20
54101,"2,278",26.1
54103,"2,914",18.5
54105,"1,178",20.3
54107,"14,609",17.2
54109,"5,100",22.8
55000,"737,307",13.2
55001,"3,352",17.8
55003,"2,303",14.9
55005,"6,130",13.7
55007,"2,011",13.6
55009,"29,879",12
55011,"1,375",10.5
55013,"2,505",16.5
55015,"2,891",5.9
55017,"6,497",10.7
55019,"5,412",16
55021,"4,866",8.8
55023,"2,293",14.7
55025,"67,242",13.4
55027,"8,158",9.9
55029,"3,016",11
55031,"5,896",13.9
55033,"5,677",13.9
55035,"13,916",14.4
55037,"565",12.8
55039,"9,698",9.9
55041,"1,519",17
55043,"7,043",15
55045,"3,174",8.7
55047,"2,111",11.3
55049,"2,090",8.9
55051,"903",15.6
55053,"2,698",14
55055,"8,594",10.6
55057,"3,274",13.1
55059,"25,089",15.4
55061,"1,807",8.9
55063,"14,121",12.6
55065,"1,952",11.7
55067,"3,033",15.9
55069,"2,982",10.9
55071,"8,558",10.8
55073,"13,287",9.9
55075,"5,417",13.4
55077,"1,929",13
55078,"1,295",29.1
55079,"205,183",22
55081,"6,394",14.4
55083,"3,887",10.5
55085,"4,391",12.6
55087,"17,857",10
55089,"4,276",5
55091,"866",12.1
55093,"4,153",10.8
55095,"4,781",11.2
55097,"10,259",15.4
55099,"1,741",13
55101,"24,966",13.1
55103,"2,343",13.5
55105,"23,554",14.9
55107,"2,387",16.9
55109,"4,199",4.9
55111,"7,429",11.9
55113,"2,731",17
55115,"4,548",11.2
55117,"10,165",9.1
55119,"2,363",11.7
55121,"3,521",12.2
55123,"5,395",18
55125,"3,126",14.8
55127,"13,748",13.7
55129,"2,072",13.4
55131,"7,761",5.9
55133,"22,536",5.8
55135,"5,228",10.4
55137,"3,184",13.9
55139,"19,505",12.1
55141,"8,201",11.3
56000,"63,860",11.2
56001,"8,547",24
56003,"1,251",10.7
56005,"3,391",7.1
56007,"1,851",12.3
56009,"1,299",9.3
56011,"602",8.4
56013,"5,558",14
56015,"1,762",14.3
56017,"513",10.9
56019,"824",9.7
56021,"10,165",10.8
56023,"1,656",9
56025,"8,262",10.4
56027,"326",14.7
56029,"3,049",10.8
56031,"1,130",13
56033,"2,890",9.9
56035,"675",6.8
56037,"4,346",9.8
56039,"1,751",7.7
56041,"2,081",10
56043,"1,030",12.6
56045,"901",13.2
