"state_county_fips","Unemployed_2014"
1000,"146,208"
1001,"1,496"
1003,"5,195"
1005,"951"
1007,"611"
1009,"1,513"
1011,"425"
1013,"793"
1015,"3,716"
1017,"1,025"
1019,"661"
1021,"1,201"
1023,"406"
1025,"1,010"
1027,"393"
1029,"387"
1031,"1,351"
1033,"1,971"
1035,"497"
1037,"389"
1039,"1,224"
1041,"434"
1043,"2,163"
1045,"1,459"
1047,"1,821"
1049,"1,989"
1051,"2,100"
1053,"1,167"
1055,"3,063"
1057,"496"
1059,"1,063"
1061,"727"
1063,"379"
1065,"602"
1067,"506"
1069,"3,053"
1071,"1,680"
1073,"19,672"
1075,"396"
1077,"3,114"
1079,"1,153"
1081,"3,969"
1083,"2,381"
1085,"504"
1087,"750"
1089,"10,453"
1091,"611"
1093,"979"
1095,"2,652"
1097,"14,186"
1099,"851"
1101,"7,246"
1103,"3,694"
1105,"430"
1107,"611"
1109,"1,082"
1111,"629"
1113,"1,633"
1115,"2,227"
1117,"4,797"
1119,"471"
1121,"2,682"
1123,"1,388"
1125,"5,771"
1127,"1,988"
1129,"648"
1131,"495"
1133,"832"
2000,"24,956"
2013,"103"
2016,"218"
2020,"8,224"
2050,"1,171"
2060,"40"
2068,"108"
2070,"213"
2090,"2,708"
2100,"116"
2105,"172"
2110,"883"
2122,"2,180"
2130,"540"
2150,"374"
2164,"98"
2170,"3,538"
2180,"508"
2185,"251"
2188,"510"
2195,"161"
2198,"372"
2201,""
2220,"240"
2230,"95"
2232,""
2240,"384"
2261,"468"
2270,"671"
2275,"92"
2280,""
2282,"27"
2290,"490"
4000,"212,985"
4001,"3,383"
4003,"4,301"
4005,"5,146"
4007,"1,797"
4009,"1,102"
4011,"306"
4012,"637"
4013,"114,919"
4015,"6,905"
4017,"4,685"
4019,"28,485"
4021,"10,966"
4023,"2,665"
4025,"6,049"
4027,"21,640"
5000,"79,733"
5001,"504"
5003,"795"
5005,"1,069"
5007,"5,260"
5009,"948"
5011,"350"
5013,"159"
5015,"651"
5017,"407"
5019,"664"
5021,"510"
5023,"800"
5025,"239"
5027,"684"
5029,"598"
5031,"2,701"
5033,"1,610"
5035,"1,542"
5037,"527"
5039,"271"
5041,"457"
5043,"682"
5045,"3,299"
5047,"417"
5049,"282"
5051,"2,564"
5053,"451"
5055,"1,261"
5057,"600"
5059,"814"
5061,"366"
5063,"1,216"
5065,"369"
5067,"572"
5069,"2,603"
5071,"675"
5073,"211"
5075,"518"
5077,"254"
5079,"303"
5081,"368"
5083,"548"
5085,"1,672"
5087,"340"
5089,"416"
5091,"1,147"
5093,"1,764"
5095,"210"
5097,"269"
5099,"223"
5101,"202"
5103,"796"
5105,"326"
5107,"691"
5109,"311"
5111,"697"
5113,"537"
5115,"1,858"
5117,"224"
5119,"10,231"
5121,"522"
5123,"787"
5125,"2,656"
5127,"235"
5129,"193"
5131,"3,264"
5133,"400"
5135,"511"
5137,"371"
5139,"1,237"
5141,"521"
5143,"4,790"
5145,"2,457"
5147,"247"
5149,"506"
6000,"1,414,276"
6001,"47,683"
6003,"43"
6005,"1,207"
6007,"8,820"
6009,"1,641"
6011,"1,947"
6013,"33,509"
6015,"1,022"
6017,"6,212"
6019,"51,217"
6021,"1,375"
6023,"4,256"
6025,"18,957"
6027,"643"
6029,"41,204"
6031,"6,920"
6033,"2,653"
6035,"1,002"
6037,"415,088"
6039,"6,981"
6041,"5,980"
6043,"715"
6045,"2,838"
6047,"14,771"
6049,"353"
6051,"589"
6053,"19,920"
6055,"4,129"
6057,"3,153"
6059,"86,442"
6061,"11,053"
6063,"952"
6065,"83,372"
6067,"49,979"
6069,"2,731"
6071,"73,197"
6073,"99,216"
6075,"23,307"
6077,"33,094"
6079,"7,838"
6081,"18,117"
6083,"13,300"
6085,"51,736"
6087,"12,469"
6089,"7,293"
6091,"145"
6093,"2,028"
6095,"15,186"
6097,"14,351"
6099,"27,085"
6101,"5,653"
6103,"2,443"
6105,"501"
6107,"26,272"
6109,"1,888"
6111,"28,827"
6113,"7,814"
6115,"3,158"
8000,"141,387"
8001,"14,004"
8003,"536"
8005,"16,343"
8007,"344"
8009,"55"
8011,"88"
8013,"7,276"
8014,"1,436"
8015,"376"
8017,"29"
8019,"259"
8021,"284"
8023,"148"
8025,"80"
8027,"93"
8029,"949"
8031,"18,060"
8033,"52"
8035,"6,779"
8037,"1,382"
8039,"556"
8041,"18,605"
8043,"1,192"
8045,"1,634"
8047,"148"
8049,"363"
8051,"396"
8053,"17"
8055,"245"
8057,"30"
8059,"14,198"
8061,"26"
8063,"134"
8065,"220"
8067,"1,275"
8069,"7,578"
8071,"498"
8073,"87"
8075,"421"
8077,"4,540"
8079,"22"
8081,"422"
8083,"777"
8085,"1,325"
8087,"691"
8089,"615"
8091,"117"
8093,"439"
8095,"75"
8097,"539"
8099,"276"
8101,"5,358"
8103,"172"
8105,"439"
8107,"606"
8109,"261"
8111,"25"
8113,"233"
8115,"50"
8117,"683"
8119,"686"
8121,"86"
8123,"6,584"
8125,"167"
9000,"124,705"
9001,"29,360"
9003,"32,377"
9005,"6,295"
9007,"5,179"
9009,"32,912"
9011,"9,254"
9013,"4,735"
9015,"4,597"
10000,"25,854"
10001,"4,780"
10003,"15,693"
10005,"5,382"
11000,"29,399"
11001,"29,399"
12000,"603,296"
12001,"6,785"
12003,"712"
12005,"5,495"
12007,"605"
12009,"17,991"
12011,"58,071"
12013,"340"
12015,"4,510"
12017,"4,108"
12019,"5,627"
12021,"9,506"
12023,"1,855"
12027,"924"
12029,"419"
12031,"31,069"
12033,"8,948"
12035,"3,228"
12037,"277"
12039,"1,522"
12041,"439"
12043,"381"
12045,"379"
12047,"362"
12049,"800"
12051,"1,782"
12053,"5,279"
12055,"2,984"
12057,"39,964"
12059,"475"
12061,"4,852"
12063,"1,147"
12065,"358"
12067,"177"
12069,"8,857"
12071,"18,617"
12073,"8,339"
12075,"1,131"
12077,"181"
12079,"575"
12081,"9,213"
12083,"9,669"
12085,"4,242"
12086,"89,806"
12087,"1,877"
12089,"2,135"
12091,"4,773"
12093,"1,312"
12095,"39,504"
12097,"10,133"
12099,"40,598"
12101,"14,304"
12103,"27,767"
12105,"19,982"
12107,"2,464"
12109,"5,138"
12111,"10,457"
12113,"4,033"
12115,"10,277"
12117,"13,447"
12119,"2,186"
12121,"1,126"
12123,"662"
12125,"286"
12127,"15,997"
12129,"744"
12131,"1,431"
12133,"663"
13000,"342,365"
13001,"776"
13003,"281"
13005,"338"
13007,"101"
13009,"1,636"
13011,"538"
13013,"2,206"
13015,"3,372"
13017,"579"
13019,"645"
13021,"5,599"
13023,"526"
13025,"641"
13027,"499"
13029,"1,005"
13031,"2,559"
13033,"949"
13035,"773"
13037,"159"
13039,"1,485"
13043,"364"
13045,"4,256"
13047,"1,932"
13049,"376"
13051,"9,594"
13053,"238"
13055,"824"
13057,"6,503"
13059,"3,985"
13061,"101"
13063,"11,697"
13065,"244"
13067,"23,691"
13069,"1,485"
13071,"1,680"
13073,"3,860"
13075,"624"
13077,"4,146"
13079,"425"
13081,"870"
13083,"520"
13085,"661"
13087,"951"
13089,"27,014"
13091,"755"
13093,"454"
13095,"3,630"
13097,"5,033"
13099,"385"
13101,"107"
13103,"1,632"
13105,"711"
13107,"917"
13109,"309"
13111,"757"
13113,"3,346"
13115,"3,441"
13117,"5,171"
13119,"764"
13121,"36,791"
13123,"880"
13125,"107"
13127,"2,828"
13129,"1,937"
13131,"772"
13133,"528"
13135,"27,155"
13137,"1,318"
13139,"5,338"
13141,"312"
13143,"934"
13145,"954"
13147,"801"
13149,"398"
13151,"7,550"
13153,"4,547"
13155,"318"
13157,"1,783"
13159,"433"
13161,"538"
13163,"766"
13165,"338"
13167,"346"
13169,"875"
13171,"743"
13173,"302"
13175,"1,803"
13177,"893"
13179,"2,026"
13181,"286"
13183,"485"
13185,"3,697"
13187,"997"
13189,"886"
13191,"481"
13193,"570"
13195,"831"
13197,"260"
13199,"871"
13201,"169"
13205,"700"
13207,"853"
13209,"401"
13211,"551"
13213,"1,516"
13215,"6,965"
13217,"3,958"
13219,"871"
13221,"432"
13223,"4,660"
13225,"1,119"
13227,"921"
13229,"610"
13231,"582"
13233,"1,436"
13235,"330"
13237,"745"
13239,"77"
13241,"548"
13243,"261"
13245,"7,436"
13247,"3,339"
13249,"166"
13251,"550"
13253,"299"
13255,"2,625"
13257,"856"
13259,"174"
13261,"1,296"
13263,"224"
13265,"66"
13267,"705"
13269,"301"
13271,"524"
13273,"292"
13275,"1,483"
13277,"1,336"
13279,"1,229"
13281,"363"
13283,"299"
13285,"2,699"
13287,"255"
13289,"349"
13291,"613"
13293,"1,036"
13295,"2,114"
13297,"2,665"
13299,"1,205"
13301,"270"
13303,"633"
13305,"1,063"
13307,"86"
13309,"230"
13311,"874"
13313,"3,558"
13315,"270"
13317,"354"
13319,"326"
13321,"709"
15000,"29,153"
15001,"4,846"
15003,"18,890"
15007,"1,684"
15009,"3,732"
16000,"37,404"
16001,"8,620"
16003,"166"
16005,"1,911"
16007,"127"
16009,"321"
16011,"1,002"
16013,"510"
16015,"176"
16017,"1,280"
16019,"2,088"
16021,"293"
16023,"68"
16025,"30"
16027,"5,191"
16029,"163"
16031,"477"
16033,"20"
16035,"293"
16037,"142"
16039,"585"
16041,"220"
16043,"280"
16045,"441"
16047,"319"
16049,"486"
16051,"493"
16053,"449"
16055,"3,982"
16057,"788"
16059,"258"
16061,"68"
16063,"149"
16065,"622"
16067,"476"
16069,"829"
16071,"84"
16073,"166"
16075,"608"
16077,"193"
16079,"524"
16081,"220"
16083,"1,655"
16085,"337"
16087,"293"
17000,"460,363"
17001,"1,757"
17003,"276"
17005,"518"
17007,"2,076"
17009,"116"
17011,"1,291"
17013,"200"
17015,"513"
17017,"443"
17019,"6,243"
17021,"1,206"
17023,"578"
17025,"522"
17027,"1,105"
17029,"1,658"
17031,"196,439"
17033,"654"
17035,"358"
17037,"3,592"
17039,"523"
17041,"583"
17043,"28,970"
17045,"658"
17047,"195"
17049,"1,022"
17051,"746"
17053,"401"
17055,"1,544"
17057,"1,361"
17059,"180"
17061,"431"
17063,"2,180"
17065,"257"
17067,"592"
17069,"143"
17071,"237"
17073,"1,702"
17075,"965"
17077,"1,822"
17079,"305"
17081,"1,313"
17083,"794"
17085,"719"
17087,"404"
17089,"18,372"
17091,"4,484"
17093,"4,091"
17095,"1,640"
17097,"23,858"
17099,"4,717"
17101,"481"
17103,"1,178"
17105,"1,132"
17107,"849"
17109,"991"
17111,"10,635"
17113,"5,036"
17115,"4,406"
17117,"1,733"
17119,"9,339"
17121,"1,394"
17123,"403"
17125,"578"
17127,"509"
17129,"386"
17131,"589"
17133,"963"
17135,"1,080"
17137,"1,060"
17139,"386"
17141,"1,951"
17143,"7,105"
17145,"765"
17147,"485"
17149,"451"
17151,"147"
17153,"224"
17155,"239"
17157,"953"
17159,"483"
17161,"5,159"
17163,"10,044"
17165,"889"
17167,"6,242"
17169,"231"
17171,"176"
17173,"702"
17175,"213"
17177,"1,671"
17179,"4,626"
17181,"650"
17183,"3,059"
17185,"339"
17187,"516"
17189,"442"
17191,"514"
17193,"426"
17195,"2,028"
17197,"26,531"
17199,"2,247"
17201,"11,876"
17203,"1,100"
18000,"194,959"
18001,"774"
18003,"10,160"
18005,"1,906"
18007,"250"
18009,"395"
18011,"1,428"
18013,"450"
18015,"532"
18017,"1,036"
18019,"3,144"
18021,"856"
18023,"876"
18025,"379"
18027,"689"
18029,"1,648"
18031,"714"
18033,"1,130"
18035,"3,821"
18037,"915"
18039,"5,305"
18041,"729"
18043,"2,040"
18045,"581"
18047,"706"
18049,"622"
18051,"848"
18053,"2,284"
18055,"1,100"
18057,"6,577"
18059,"1,902"
18061,"1,083"
18063,"3,753"
18065,"1,480"
18067,"2,360"
18069,"1,084"
18071,"1,077"
18073,"1,099"
18075,"592"
18077,"917"
18079,"892"
18081,"3,790"
18083,"1,000"
18085,"1,989"
18087,"826"
18089,"18,636"
18091,"3,779"
18093,"1,677"
18095,"4,193"
18097,"30,362"
18099,"1,323"
18101,"266"
18103,"1,068"
18105,"3,907"
18107,"1,032"
18109,"2,065"
18111,"486"
18113,"1,225"
18115,"222"
18117,"660"
18119,"776"
18121,"486"
18123,"543"
18125,"329"
18127,"5,318"
18129,"643"
18131,"338"
18133,"1,070"
18135,"825"
18137,"915"
18139,"477"
18141,"8,647"
18143,"695"
18145,"1,279"
18147,"568"
18149,"761"
18151,"1,006"
18153,"642"
18155,"283"
18157,"4,650"
18159,"445"
18161,"202"
18163,"5,051"
18165,"635"
18167,"3,845"
18169,"871"
18171,"250"
18173,"1,553"
18175,"889"
18177,"2,067"
18179,"676"
18181,"700"
18183,"886"
19000,"75,249"
19001,"175"
19003,"78"
19005,"457"
19007,"368"
19009,"148"
19011,"666"
19013,"3,698"
19015,"537"
19017,"544"
19019,"556"
19021,"476"
19023,"372"
19025,"225"
19027,"372"
19029,"336"
19031,"440"
19033,"1,131"
19035,"356"
19037,"322"
19039,"221"
19041,"388"
19043,"531"
19045,"1,363"
19047,"373"
19049,"1,436"
19051,"220"
19053,"174"
19055,"418"
19057,"1,089"
19059,"474"
19061,"2,387"
19063,"238"
19065,"566"
19067,"398"
19069,"250"
19071,"170"
19073,"221"
19075,"294"
19077,"256"
19079,"339"
19081,"217"
19083,"393"
19085,"318"
19087,"438"
19089,"227"
19091,"209"
19093,"147"
19095,"446"
19097,"582"
19099,"896"
19101,"409"
19103,"2,669"
19105,"560"
19107,"256"
19109,"292"
19111,"1,108"
19113,"5,521"
19115,"280"
19117,"176"
19119,"187"
19121,"389"
19123,"544"
19125,"694"
19127,"1,120"
19129,"338"
19131,"202"
19133,"249"
19135,"215"
19137,"223"
19139,"1,046"
19141,"282"
19143,"120"
19145,"308"
19147,"184"
19149,"526"
19151,"158"
19153,"11,207"
19155,"2,197"
19157,"462"
19159,"102"
19161,"228"
19163,"4,808"
19165,"230"
19167,"616"
19169,"1,669"
19171,"512"
19173,"125"
19175,"336"
19177,"185"
19179,"1,046"
19181,"1,100"
19183,"463"
19185,"151"
19187,"1,003"
19189,"230"
19191,"537"
19193,"2,563"
19195,"198"
19197,"299"
20000,"67,994"
20001,"347"
20003,"216"
20005,"498"
20007,"85"
20009,"553"
20011,"371"
20013,"224"
20015,"1,564"
20017,"50"
20019,"88"
20021,"523"
20023,"41"
20025,"31"
20027,"186"
20029,"186"
20031,"279"
20033,"30"
20035,"805"
20037,"1,026"
20039,"48"
20041,"496"
20043,"195"
20045,"2,626"
20047,"52"
20049,"66"
20051,"498"
20053,"103"
20055,"696"
20057,"696"
20059,"729"
20061,"875"
20063,"40"
20065,"45"
20067,"135"
20069,"94"
20071,"19"
20073,"151"
20075,"39"
20077,"111"
20079,"731"
20081,"62"
20083,"36"
20085,"308"
20087,"500"
20089,"55"
20091,"12,097"
20093,"65"
20095,"146"
20097,"46"
20099,"635"
20101,"28"
20103,"1,756"
20105,"73"
20107,"316"
20109,"39"
20111,"853"
20113,"554"
20115,"252"
20117,"192"
20119,"63"
20121,"803"
20123,"127"
20125,"1,012"
20127,"139"
20129,"60"
20131,"168"
20133,"467"
20135,"44"
20137,"74"
20139,"453"
20141,"79"
20143,"135"
20145,"130"
20147,"103"
20149,"470"
20151,"180"
20153,"38"
20155,"1,384"
20157,"79"
20159,"194"
20161,"1,359"
20163,"104"
20165,"65"
20167,"136"
20169,"1,298"
20171,"78"
20173,"13,337"
20175,"395"
20177,"4,416"
20179,"39"
20181,"99"
20183,"66"
20185,"82"
20187,"35"
20189,"102"
20191,"535"
20193,"128"
20195,"47"
20197,"157"
20199,"24"
20201,"101"
20203,"35"
20205,"279"
20207,"86"
20209,"5,230"
21000,"130,106"
21001,"595"
21003,"521"
21005,"603"
21007,"293"
21009,"1,195"
21011,"419"
21013,"949"
21015,"3,366"
21017,"550"
21019,"1,406"
21021,"854"
21023,"300"
21025,"485"
21027,"576"
21029,"2,280"
21031,"385"
21033,"357"
21035,"1,068"
21037,"2,500"
21039,"144"
21041,"351"
21043,"1,130"
21045,"459"
21047,"1,967"
21049,"1,046"
21051,"635"
21053,"363"
21055,"241"
21057,"226"
21059,"2,614"
21061,"402"
21063,"246"
21065,"404"
21067,"8,059"
21069,"500"
21071,"1,287"
21073,"1,298"
21075,"189"
21077,"262"
21079,"503"
21081,"724"
21083,"1,205"
21085,"915"
21087,"335"
21089,"1,187"
21091,"240"
21093,"2,909"
21095,"1,183"
21097,"508"
21099,"496"
21101,"1,326"
21103,"447"
21105,"133"
21107,"1,324"
21109,"531"
21111,"23,045"
21113,"1,311"
21115,"748"
21117,"4,638"
21119,"576"
21121,"1,014"
21123,"374"
21125,"1,828"
21127,"512"
21129,"220"
21131,"409"
21133,"903"
21135,"499"
21137,"827"
21139,"304"
21141,"679"
21143,"207"
21145,"2,087"
21147,"542"
21149,"282"
21151,"2,424"
21153,"523"
21155,"585"
21157,"1,029"
21159,"317"
21161,"604"
21163,"855"
21165,"233"
21167,"618"
21169,"253"
21171,"257"
21173,"874"
21175,"456"
21177,"944"
21179,"1,309"
21181,"278"
21183,"722"
21185,"1,433"
21187,"281"
21189,"127"
21191,"457"
21193,"997"
21195,"2,311"
21197,"424"
21199,"1,945"
21201,"62"
21203,"513"
21205,"731"
21207,"674"
21209,"1,292"
21211,"1,119"
21213,"497"
21215,"492"
21217,"824"
21219,"299"
21221,"408"
21223,"281"
21225,"432"
21227,"3,293"
21229,"338"
21231,"710"
21233,"351"
21235,"1,176"
21237,"232"
21239,"638"
22000,"137,577"
22001,"1,538"
22003,"650"
22005,"3,158"
22007,"770"
22009,"1,181"
22011,"1,013"
22013,"463"
22015,"3,354"
22017,"8,306"
22019,"5,597"
22021,"313"
22023,"170"
22025,"312"
22027,"484"
22029,"685"
22031,"904"
22033,"13,516"
22035,"332"
22037,"535"
22039,"893"
22041,"722"
22043,"595"
22045,"2,069"
22047,"1,138"
22049,"432"
22051,"13,161"
22053,"802"
22055,"5,998"
22057,"2,338"
22059,"348"
22061,"1,557"
22063,"3,657"
22065,"441"
22067,"1,270"
22069,"1,307"
22071,"12,516"
22073,"5,043"
22075,"594"
22077,"715"
22079,"3,904"
22081,"296"
22083,"748"
22085,"609"
22087,"1,320"
22089,"1,563"
22091,"464"
22093,"839"
22095,"1,598"
22097,"2,584"
22099,"1,420"
22101,"1,617"
22103,"6,479"
22105,"4,061"
22107,"169"
22109,"2,666"
22111,"697"
22113,"1,487"
22115,"1,483"
22117,"1,349"
22119,"1,328"
22121,"746"
22123,"555"
22125,"316"
22127,"405"
23000,"39,876"
23001,"3,070"
23003,"2,533"
23005,"7,060"
23007,"1,002"
23009,"2,089"
23011,"3,438"
23013,"1,074"
23015,"1,021"
23017,"1,924"
23019,"4,928"
23021,"582"
23023,"888"
23025,"1,945"
23027,"1,280"
23029,"1,222"
23031,"5,812"
24000,"181,352"
24001,"2,424"
24003,"15,231"
24005,"27,310"
24009,"2,503"
24011,"1,106"
24013,"4,523"
24015,"3,413"
24017,"4,494"
24019,"1,344"
24021,"6,498"
24023,"1,069"
24025,"7,801"
24027,"7,523"
24029,"665"
24031,"23,708"
24033,"28,297"
24035,"1,352"
24037,"2,913"
24039,"898"
24041,"1,079"
24043,"4,983"
24045,"3,801"
24047,"2,902"
24510,"25,516"
25000,"204,809"
25001,"7,833"
25003,"4,290"
25005,"21,206"
25007,"738"
25009,"24,064"
25011,"2,081"
25013,"17,401"
25015,"4,342"
25017,"39,593"
25019,"423"
25021,"18,346"
25023,"16,083"
25025,"22,067"
25027,"26,342"
26000,"347,972"
26001,"401"
26003,"340"
26005,"3,213"
26007,"1,067"
26009,"948"
26011,"700"
26013,"384"
26015,"1,615"
26017,"3,808"
26019,"738"
26021,"4,926"
26023,"1,264"
26025,"4,013"
26027,"1,583"
26029,"1,054"
26031,"1,117"
26033,"1,591"
26035,"1,156"
26037,"1,980"
26039,"503"
26041,"1,452"
26043,"862"
26045,"3,180"
26047,"1,684"
26049,"14,299"
26051,"921"
26053,"590"
26055,"2,831"
26057,"1,314"
26059,"1,441"
26061,"1,263"
26063,"1,139"
26065,"8,750"
26067,"1,778"
26069,"992"
26071,"448"
26073,"2,070"
26075,"4,834"
26077,"7,083"
26079,"719"
26081,"16,391"
26083,"105"
26085,"399"
26087,"3,944"
26089,"698"
26091,"3,086"
26093,"6,364"
26095,"210"
26097,"581"
26099,"34,201"
26101,"867"
26103,"2,348"
26105,"1,085"
26107,"1,484"
26109,"793"
26111,"2,501"
26113,"552"
26115,"4,630"
26117,"2,082"
26119,"406"
26121,"5,686"
26123,"1,608"
26125,"42,765"
26127,"1,270"
26129,"833"
26131,"270"
26133,"865"
26135,"350"
26137,"896"
26139,"7,038"
26141,"689"
26143,"902"
26145,"6,562"
26147,"7,302"
26149,"1,657"
26151,"1,655"
26153,"383"
26155,"2,468"
26157,"2,136"
26159,"2,786"
26161,"8,970"
26163,"76,863"
26165,"1,241"
27000,"121,626"
27001,"438"
27003,"7,681"
27005,"840"
27007,"1,222"
27009,"1,075"
27011,"113"
27013,"1,319"
27015,"638"
27017,"906"
27019,"1,915"
27021,"976"
27023,"306"
27025,"1,325"
27027,"1,178"
27029,"470"
27031,"169"
27033,"287"
27035,"1,807"
27037,"8,557"
27039,"460"
27041,"725"
27043,"377"
27045,"478"
27047,"692"
27049,"1,033"
27051,"162"
27053,"24,897"
27055,"456"
27057,"595"
27059,"1,010"
27061,"1,417"
27063,"258"
27065,"656"
27067,"990"
27069,"115"
27071,"541"
27073,"172"
27075,"255"
27077,"112"
27079,"822"
27081,"140"
27083,"536"
27085,"899"
27087,"131"
27089,"369"
27091,"475"
27093,"579"
27095,"850"
27097,"1,069"
27099,"760"
27101,"233"
27103,"591"
27105,"379"
27107,"163"
27109,"2,807"
27111,"1,378"
27113,"444"
27115,"886"
27117,"178"
27119,"770"
27121,"222"
27123,"10,942"
27125,"129"
27127,"348"
27129,"437"
27131,"1,419"
27133,"141"
27135,"317"
27137,"5,119"
27139,"2,743"
27141,"2,185"
27143,"376"
27145,"3,509"
27147,"791"
27149,"176"
27151,"234"
27153,"588"
27155,"77"
27157,"466"
27159,"377"
27161,"457"
27163,"4,842"
27165,"301"
27167,"119"
27169,"1,072"
27171,"2,934"
27173,"224"
28000,"96,343"
28001,"978"
28003,"1,021"
28005,"365"
28007,"655"
28009,"287"
28011,"1,327"
28013,"496"
28015,"319"
28017,"734"
28019,"300"
28021,"466"
28023,"577"
28025,"1,123"
28027,"1,181"
28029,"999"
28031,"516"
28033,"4,248"
28035,"2,431"
28037,"243"
28039,"747"
28041,"401"
28043,"681"
28045,"1,360"
28047,"5,863"
28049,"7,945"
28051,"973"
28053,"439"
28055,"78"
28057,"725"
28059,"4,860"
28061,"549"
28063,"396"
28065,"432"
28067,"1,659"
28069,"504"
28071,"1,425"
28073,"1,407"
28075,"2,547"
28077,"392"
28079,"572"
28081,"2,953"
28083,"1,396"
28085,"926"
28087,"2,346"
28089,"2,657"
28091,"856"
28093,"1,275"
28095,"1,617"
28097,"404"
28099,"729"
28101,"582"
28103,"536"
28105,"1,624"
28107,"1,470"
28109,"1,516"
28111,"381"
28113,"1,218"
28115,"936"
28117,"846"
28119,"371"
28121,"3,269"
28123,"697"
28125,"207"
28127,"693"
28129,"403"
28131,"538"
28133,"1,150"
28135,"568"
28137,"1,031"
28139,"738"
28141,"594"
28143,"582"
28145,"816"
28147,"495"
28149,"1,665"
28151,"2,446"
28153,"701"
28155,"362"
28157,"325"
28159,"757"
28161,"482"
28163,"970"
29000,"186,901"
29001,"682"
29003,"507"
29005,"158"
29007,"624"
29009,"905"
29011,"354"
29013,"572"
29015,"549"
29017,"386"
29019,"4,058"
29021,"2,636"
29023,"1,326"
29025,"245"
29027,"1,217"
29029,"1,519"
29031,"2,223"
29033,"340"
29035,"225"
29037,"3,022"
29039,"371"
29041,"223"
29043,"2,063"
29045,"235"
29047,"6,993"
29049,"639"
29051,"1,998"
29053,"455"
29055,"851"
29057,"209"
29059,"526"
29061,"236"
29063,"272"
29065,"419"
29067,"377"
29069,"1,154"
29071,"3,362"
29073,"406"
29075,"206"
29077,"7,160"
29079,"265"
29081,"258"
29083,"649"
29085,"311"
29087,"134"
29089,"270"
29091,"1,144"
29093,"373"
29095,"25,459"
29097,"3,051"
29099,"7,261"
29101,"1,465"
29103,"91"
29105,"1,279"
29107,"1,017"
29109,"1,028"
29111,"268"
29113,"1,722"
29115,"418"
29117,"365"
29119,"593"
29121,"458"
29123,"370"
29125,"245"
29127,"808"
29129,"94"
29131,"893"
29133,"461"
29135,"439"
29137,"275"
29139,"343"
29141,"682"
29143,"621"
29145,"1,538"
29147,"759"
29149,"309"
29151,"336"
29153,"318"
29155,"644"
29157,"557"
29159,"1,264"
29161,"1,255"
29163,"465"
29165,"2,746"
29167,"888"
29169,"1,114"
29171,"125"
29173,"297"
29175,"719"
29177,"763"
29179,"222"
29181,"446"
29183,"10,149"
29185,"308"
29186,"596"
29187,"1,997"
29189,"31,029"
29195,"629"
29197,"137"
29199,"116"
29201,"1,311"
29203,"322"
29205,"186"
29207,"999"
29209,"1,280"
29211,"181"
29213,"2,463"
29215,"738"
29217,"556"
29219,"1,058"
29221,"896"
29223,"415"
29225,"973"
29227,"52"
29229,"547"
29510,"12,395"
30000,"24,346"
30001,"183"
30003,"565"
30005,"143"
30007,"140"
30009,"213"
30011,"23"
30013,"1,679"
30015,"85"
30017,"215"
30019,"30"
30021,"130"
30023,"238"
30025,"40"
30027,"253"
30029,"2,860"
30031,"1,993"
30033,"20"
30035,"640"
30037,"19"
30039,"108"
30041,"461"
30043,"262"
30045,"42"
30047,"736"
30049,"1,329"
30051,"31"
30053,"907"
30055,"27"
30057,"197"
30059,"40"
30061,"160"
30063,"2,702"
30065,"98"
30067,"456"
30069,"12"
30071,"108"
30073,"142"
30075,"34"
30077,"155"
30079,"23"
30081,"1,179"
30083,"176"
30085,"257"
30087,"241"
30089,"442"
30091,"57"
30093,"854"
30095,"192"
30097,"64"
30099,"110"
30101,"72"
30103,"15"
30105,"135"
30107,"40"
30109,"17"
30111,"2,998"
31000,"33,903"
31001,"569"
31003,"99"
31005,"12"
31007,"16"
31009,"12"
31011,"80"
31013,"180"
31015,"37"
31017,"49"
31019,"757"
31021,"158"
31023,"144"
31025,"507"
31027,"114"
31029,"48"
31031,"86"
31033,"125"
31035,"116"
31037,"167"
31039,"134"
31041,"151"
31043,"608"
31045,"166"
31047,"467"
31049,"30"
31051,"106"
31053,"705"
31055,"10,587"
31057,"30"
31059,"79"
31061,"51"
31063,"43"
31065,"78"
31067,"469"
31069,"35"
31071,"32"
31073,"34"
31075,"11"
31077,"41"
31079,"1,256"
31081,"143"
31083,"49"
31085,"18"
31087,"48"
31089,"161"
31091,"18"
31093,"125"
31095,"134"
31097,"85"
31099,"95"
31101,"136"
31103,"17"
31105,"59"
31107,"151"
31109,"4,986"
31111,"615"
31113,"16"
31115,"14"
31117,"11"
31119,"576"
31121,"157"
31123,"81"
31125,"57"
31127,"151"
31129,"70"
31131,"318"
31133,"47"
31135,"40"
31137,"135"
31139,"121"
31141,"519"
31143,"95"
31145,"165"
31147,"179"
31149,"23"
31151,"257"
31153,"2,830"
31155,"389"
31157,"700"
31159,"271"
31161,"85"
31163,"58"
31165,"22"
31167,"101"
31169,"80"
31171,"15"
31173,"204"
31175,"63"
31177,"362"
31179,"159"
31181,"60"
31183,"15"
31185,"236"
32000,"108,125"
32001,"800"
32003,"79,647"
32005,"1,758"
32007,"1,544"
32009,"24"
32011,"63"
32013,"550"
32015,"217"
32017,"151"
32019,"2,302"
32021,"186"
32023,"1,550"
32027,"189"
32029,"170"
32031,"16,554"
32033,"293"
32510,"2,128"
33000,"31,959"
33001,"1,314"
33003,"1,034"
33005,"1,713"
33007,"902"
33009,"1,727"
33011,"10,321"
33013,"3,091"
33015,"8,194"
33017,"2,811"
33019,"852"
34000,"300,277"
34001,"13,817"
34003,"25,760"
34005,"14,671"
34007,"19,169"
34009,"5,893"
34011,"6,629"
34013,"29,624"
34015,"10,581"
34017,"23,258"
34019,"3,152"
34021,"11,126"
34023,"25,938"
34025,"19,569"
34027,"12,959"
34029,"19,048"
34031,"20,173"
34033,"2,592"
34035,"8,893"
34037,"4,914"
34039,"18,996"
34041,"3,517"
35000,"60,057"
35001,"19,441"
35003,"96"
35005,"1,613"
35006,"717"
35007,"386"
35009,"1,064"
35011,"39"
35013,"6,687"
35015,"1,246"
35017,"816"
35019,"125"
35021,"14"
35023,"145"
35025,"1,288"
35027,"528"
35028,"342"
35029,"1,917"
35031,"2,340"
35033,"237"
35035,"1,513"
35037,"214"
35039,"1,361"
35041,"445"
35043,"4,257"
35045,"3,463"
35047,"866"
35049,"3,843"
35051,"338"
35053,"462"
35055,"1,430"
35057,"495"
35059,"85"
35061,"2,248"
36000,"605,041"
36001,"7,706"
36003,"1,445"
36005,"59,479"
36007,"5,826"
36009,"2,529"
36011,"2,254"
36013,"3,925"
36015,"2,407"
36017,"1,434"
36019,"2,411"
36021,"1,487"
36023,"1,530"
36025,"1,312"
36027,"7,570"
36029,"27,279"
36031,"1,212"
36033,"1,502"
36035,"1,793"
36037,"1,661"
36039,"1,395"
36041,"178"
36043,"1,964"
36045,"3,569"
36047,"94,042"
36049,"930"
36051,"1,794"
36053,"2,143"
36055,"21,079"
36057,"1,661"
36059,"32,650"
36061,"55,387"
36063,"7,095"
36065,"6,319"
36067,"12,510"
36069,"2,865"
36071,"9,633"
36073,"1,384"
36075,"4,429"
36077,"1,720"
36079,"2,451"
36081,"73,867"
36083,"4,356"
36085,"16,148"
36087,"7,600"
36089,"3,648"
36091,"5,371"
36093,"4,098"
36095,"992"
36097,"594"
36099,"880"
36101,"3,064"
36103,"40,793"
36105,"2,225"
36107,"1,466"
36109,"2,362"
36111,"5,096"
36113,"2,098"
36115,"1,734"
36117,"2,748"
36119,"24,097"
36121,"1,199"
36123,"651"
37000,"285,815"
37001,"4,273"
37003,"951"
37005,"293"
37007,"760"
37009,"833"
37011,"483"
37013,"1,425"
37015,"659"
37017,"1,306"
37019,"3,572"
37021,"5,805"
37023,"2,432"
37025,"5,231"
37027,"2,505"
37029,"266"
37031,"1,846"
37033,"666"
37035,"4,683"
37037,"1,481"
37039,"769"
37041,"437"
37043,"258"
37045,"3,248"
37047,"1,907"
37049,"2,784"
37051,"9,832"
37053,"746"
37055,"1,623"
37057,"4,803"
37059,"1,113"
37061,"1,661"
37063,"7,537"
37065,"2,336"
37067,"10,247"
37069,"1,743"
37071,"6,557"
37073,"305"
37075,"431"
37077,"1,533"
37079,"584"
37081,"16,015"
37083,"2,011"
37085,"3,520"
37087,"1,511"
37089,"2,369"
37091,"676"
37093,"1,515"
37095,"192"
37097,"4,815"
37099,"1,155"
37101,"4,649"
37103,"288"
37105,"1,995"
37107,"1,939"
37109,"2,367"
37111,"1,303"
37113,"965"
37115,"547"
37117,"752"
37119,"31,759"
37121,"487"
37123,"727"
37125,"2,244"
37127,"3,443"
37129,"6,343"
37131,"627"
37133,"3,769"
37135,"3,254"
37137,"345"
37139,"1,370"
37141,"1,722"
37143,"386"
37145,"1,342"
37147,"5,432"
37149,"434"
37151,"4,166"
37153,"1,481"
37155,"4,681"
37157,"2,994"
37159,"4,180"
37161,"2,122"
37163,"1,821"
37165,"1,397"
37167,"1,669"
37169,"1,260"
37171,"1,983"
37173,"564"
37175,"768"
37177,"146"
37179,"5,462"
37181,"1,641"
37183,"24,628"
37185,"629"
37187,"473"
37189,"1,377"
37191,"3,363"
37193,"1,910"
37195,"3,469"
37197,"956"
37199,"491"
38000,"11,503"
38001,"32"
38003,"181"
38005,"168"
38007,"15"
38009,"118"
38011,"35"
38013,"36"
38015,"1,202"
38017,"2,332"
38019,"62"
38021,"56"
38023,"28"
38025,"55"
38027,"75"
38029,"92"
38031,"52"
38033,"21"
38035,"1,069"
38037,"38"
38039,"29"
38041,"34"
38043,"53"
38045,"58"
38047,"29"
38049,"144"
38051,"39"
38053,"133"
38055,"204"
38057,"170"
38059,"539"
38061,"118"
38063,"60"
38065,"57"
38067,"211"
38069,"80"
38071,"210"
38073,"81"
38075,"38"
38077,"269"
38079,"571"
38081,"51"
38083,"38"
38085,"64"
38087,"11"
38089,"351"
38091,"24"
38093,"302"
38095,"46"
38097,"123"
38099,"270"
38101,"942"
38103,"101"
38105,"384"
39000,"327,969"
39001,"951"
39003,"2,773"
39005,"1,497"
39007,"3,179"
39009,"1,859"
39011,"1,029"
39013,"2,098"
39015,"1,431"
39017,"10,050"
39019,"817"
39021,"993"
39023,"3,644"
39025,"5,471"
39027,"1,284"
39029,"3,200"
39031,"1,178"
39033,"1,294"
39035,"39,921"
39037,"1,363"
39039,"1,021"
39041,"3,988"
39043,"2,361"
39045,"3,777"
39047,"817"
39049,"30,750"
39051,"1,304"
39053,"935"
39055,"2,534"
39057,"4,122"
39059,"1,258"
39061,"21,571"
39063,"1,789"
39065,"849"
39067,"439"
39069,"865"
39071,"1,318"
39073,"835"
39075,"777"
39077,"2,211"
39079,"1,135"
39081,"2,387"
39083,"1,621"
39085,"7,122"
39087,"1,683"
39089,"4,463"
39091,"1,138"
39093,"9,998"
39095,"13,238"
39097,"956"
39099,"7,117"
39101,"1,649"
39103,"4,916"
39105,"819"
39107,"851"
39109,"2,759"
39111,"646"
39113,"15,106"
39115,"519"
39117,"977"
39119,"2,754"
39121,"386"
39123,"1,621"
39125,"487"
39127,"1,151"
39129,"1,438"
39131,"940"
39133,"5,107"
39135,"1,197"
39137,"839"
39139,"3,503"
39141,"2,130"
39143,"1,757"
39145,"2,592"
39147,"1,530"
39149,"1,191"
39151,"10,751"
39153,"15,719"
39155,"6,532"
39157,"2,460"
39159,"1,170"
39161,"697"
39163,"437"
39165,"5,360"
39167,"1,750"
39169,"2,716"
39171,"1,013"
39173,"3,556"
39175,"540"
40000,"80,203"
40001,"613"
40003,"77"
40005,"292"
40007,"86"
40009,"358"
40011,"155"
40013,"863"
40015,"602"
40017,"2,297"
40019,"974"
40021,"1,090"
40023,"465"
40025,"37"
40027,"4,970"
40029,"156"
40031,"2,322"
40033,"130"
40035,"335"
40037,"1,543"
40039,"492"
40041,"982"
40043,"75"
40045,"71"
40047,"1,048"
40049,"512"
40051,"1,012"
40053,"75"
40055,"96"
40057,"52"
40059,"55"
40061,"310"
40063,"395"
40065,"462"
40067,"121"
40069,"249"
40071,"1,091"
40073,"244"
40075,"165"
40077,"298"
40079,"1,341"
40081,"699"
40083,"828"
40085,"195"
40087,"660"
40089,"1,126"
40091,"620"
40093,"114"
40095,"332"
40097,"916"
40099,"273"
40101,"1,678"
40103,"202"
40105,"290"
40107,"267"
40109,"15,352"
40111,"1,089"
40113,"1,083"
40115,"905"
40117,"389"
40119,"1,420"
40121,"1,040"
40123,"769"
40125,"1,511"
40127,"345"
40129,"51"
40131,"1,826"
40133,"643"
40135,"1,161"
40137,"910"
40139,"346"
40141,"154"
40143,"13,295"
40145,"1,508"
40147,"1,036"
40149,"193"
40151,"141"
40153,"329"
41000,"134,956"
41001,"576"
41003,"2,341"
41005,"12,601"
41007,"1,205"
41009,"1,902"
41011,"2,404"
41013,"911"
41015,"900"
41017,"6,384"
41019,"4,164"
41021,"67"
41023,"343"
41025,"328"
41027,"767"
41029,"8,356"
41031,"848"
41033,"3,175"
41035,"2,767"
41037,"345"
41039,"11,980"
41041,"1,645"
41043,"4,520"
41045,"996"
41047,"11,189"
41049,"393"
41051,"25,468"
41053,"2,459"
41055,"66"
41057,"781"
41059,"2,801"
41061,"872"
41063,"328"
41065,"912"
41067,"16,805"
41069,"47"
41071,"3,308"
42000,"369,962"
42001,"2,472"
42003,"34,303"
42005,"2,136"
42007,"5,538"
42009,"1,577"
42011,"11,525"
42013,"3,420"
42015,"1,679"
42017,"17,472"
42019,"4,882"
42021,"4,363"
42023,"160"
42025,"2,205"
42027,"3,219"
42029,"11,245"
42031,"1,141"
42033,"2,580"
42035,"1,358"
42037,"2,057"
42039,"2,354"
42041,"5,570"
42043,"7,371"
42045,"15,933"
42047,"828"
42049,"8,231"
42051,"4,461"
42053,"153"
42055,"4,023"
42057,"493"
42059,"1,002"
42061,"1,526"
42063,"2,549"
42065,"1,306"
42067,"655"
42069,"6,988"
42071,"12,349"
42073,"2,646"
42075,"3,421"
42077,"10,967"
42079,"11,508"
42081,"3,721"
42083,"1,208"
42085,"3,140"
42087,"1,312"
42089,"5,919"
42091,"20,051"
42093,"424"
42095,"9,149"
42097,"2,894"
42099,"1,238"
42101,"55,169"
42103,"1,863"
42105,"549"
42107,"4,776"
42109,"1,012"
42111,"2,497"
42113,"184"
42115,"1,244"
42117,"1,396"
42119,"946"
42121,"1,451"
42123,"1,054"
42125,"6,046"
42127,"1,398"
42129,"10,437"
42131,"952"
42133,"12,268"
44000,"42,430"
44001,"1,691"
44003,"6,560"
44005,"2,949"
44007,"26,367"
44009,"4,864"
45000,"141,451"
45001,"799"
45003,"4,673"
45005,"351"
45007,"5,066"
45009,"647"
45011,"837"
45013,"3,877"
45015,"5,335"
45017,"550"
45019,"9,756"
45021,"1,938"
45023,"1,297"
45025,"1,454"
45027,"1,096"
45029,"1,266"
45031,"2,345"
45033,"1,208"
45035,"4,020"
45037,"708"
45039,"862"
45041,"4,633"
45043,"2,054"
45045,"12,319"
45047,"2,180"
45049,"641"
45051,"9,662"
45053,"644"
45055,"1,764"
45057,"2,491"
45059,"2,062"
45061,"582"
45063,"7,061"
45065,"277"
45067,"1,343"
45069,"1,053"
45071,"1,041"
45073,"2,154"
45075,"4,292"
45077,"3,385"
45079,"11,564"
45081,"490"
45083,"8,517"
45085,"3,223"
45087,"985"
45089,"1,261"
45091,"7,690"
46000,"15,228"
46003,"41"
46005,"293"
46007,"63"
46009,"85"
46011,"569"
46013,"608"
46015,"84"
46017,"57"
46019,"173"
46021,"28"
46023,"153"
46025,"77"
46027,"245"
46029,"507"
46031,"89"
46033,"180"
46035,"317"
46037,"153"
46039,"125"
46041,"342"
46043,"51"
46045,"56"
46047,"140"
46049,"36"
46051,"169"
46053,"71"
46055,"30"
46057,"108"
46059,"47"
46061,"63"
46063,"19"
46065,"258"
46067,"105"
46069,"20"
46071,"71"
46073,"31"
46075,"22"
46077,"86"
46079,"224"
46081,"444"
46083,"698"
46085,"77"
46087,"85"
46089,"44"
46091,"104"
46093,"447"
46095,"50"
46097,"40"
46099,"3,117"
46101,"164"
46103,"1,813"
46105,"52"
46107,"41"
46109,"232"
46111,"32"
46113,"479"
46115,"120"
46117,"48"
46119,"25"
46121,"268"
46123,"100"
46125,"137"
46127,"295"
46129,"126"
46135,"342"
46137,"59"
47000,"200,633"
47001,"2,261"
47003,"1,430"
47005,"598"
47007,"366"
47009,"3,508"
47011,"2,978"
47013,"1,390"
47015,"362"
47017,"1,262"
47019,"1,817"
47021,"1,092"
47023,"564"
47025,"1,095"
47027,"274"
47029,"1,317"
47031,"1,542"
47033,"533"
47035,"1,835"
47037,"17,882"
47039,"456"
47041,"584"
47043,"1,471"
47045,"1,380"
47047,"1,315"
47049,"593"
47051,"1,200"
47053,"1,907"
47055,"896"
47057,"751"
47059,"2,442"
47061,"475"
47063,"1,921"
47065,"10,314"
47067,"205"
47069,"898"
47071,"942"
47073,"1,730"
47075,"765"
47077,"1,063"
47079,"1,137"
47081,"687"
47083,"327"
47085,"659"
47087,"387"
47089,"1,709"
47091,"493"
47093,"12,267"
47095,"195"
47097,"971"
47099,"1,445"
47101,"438"
47103,"814"
47105,"1,441"
47107,"1,692"
47109,"944"
47111,"643"
47113,"3,189"
47115,"918"
47117,"923"
47119,"2,495"
47121,"418"
47123,"1,454"
47125,"5,120"
47127,"169"
47129,"692"
47131,"1,229"
47133,"722"
47135,"251"
47137,"201"
47139,"584"
47141,"2,183"
47143,"1,117"
47145,"1,686"
47147,"1,900"
47149,"7,736"
47151,"964"
47153,"425"
47155,"3,474"
47157,"33,582"
47159,"530"
47161,"481"
47163,"4,647"
47165,"4,494"
47167,"2,264"
47169,"256"
47171,"642"
47173,"552"
47175,"202"
47177,"1,203"
47179,"3,630"
47181,"566"
47183,"1,364"
47185,"858"
47187,"4,604"
47189,"3,249"
48000,"663,997"
48001,"1,044"
48003,"281"
48005,"1,986"
48007,"559"
48009,"192"
48011,"33"
48013,"1,003"
48015,"677"
48017,"155"
48019,"435"
48021,"1,768"
48023,"71"
48025,"625"
48027,"7,893"
48029,"40,565"
48031,"208"
48033,"13"
48035,"424"
48037,"2,509"
48039,"8,480"
48041,"4,088"
48043,"193"
48045,"28"
48047,"205"
48049,"819"
48051,"365"
48053,"914"
48055,"897"
48057,"536"
48059,"260"
48061,"13,870"
48063,"316"
48065,"107"
48067,"944"
48069,"156"
48071,"1,012"
48073,"1,249"
48075,"106"
48077,"234"
48079,"73"
48081,"62"
48083,"190"
48085,"21,277"
48087,"53"
48089,"462"
48091,"2,671"
48093,"271"
48095,"43"
48097,"796"
48099,"1,517"
48101,"38"
48103,"80"
48105,"74"
48107,"128"
48109,"42"
48111,"115"
48113,"67,908"
48115,"250"
48117,"333"
48119,"162"
48121,"18,160"
48123,"384"
48125,"48"
48127,"291"
48129,"79"
48131,"312"
48133,"408"
48135,"2,817"
48137,"38"
48139,"3,877"
48141,"22,644"
48143,"847"
48145,"378"
48147,"842"
48149,"453"
48151,"86"
48153,"218"
48155,"25"
48157,"15,348"
48159,"242"
48161,"441"
48163,"366"
48165,"302"
48167,"8,806"
48169,"80"
48171,"448"
48173,"21"
48175,"146"
48177,"387"
48179,"401"
48181,"2,943"
48183,"2,980"
48185,"568"
48187,"3,065"
48189,"1,289"
48191,"80"
48193,"167"
48195,"85"
48197,"83"
48199,"1,587"
48201,"110,802"
48203,"1,767"
48205,"74"
48207,"108"
48209,"3,905"
48211,"62"
48213,"1,942"
48215,"29,029"
48217,"841"
48219,"472"
48221,"1,185"
48223,"823"
48225,"512"
48227,"600"
48229,"80"
48231,"2,244"
48233,"462"
48235,"32"
48237,"165"
48239,"300"
48241,"1,182"
48243,"43"
48245,"9,186"
48247,"132"
48249,"1,053"
48251,"3,729"
48253,"321"
48255,"236"
48257,"2,745"
48259,"747"
48261,"10"
48263,"17"
48265,"940"
48267,"83"
48269,"10"
48271,"87"
48273,"830"
48275,"75"
48277,"1,354"
48279,"357"
48281,"508"
48283,"141"
48285,"354"
48287,"374"
48289,"383"
48291,"2,176"
48293,"537"
48295,"58"
48297,"218"
48299,"420"
48301,"4"
48303,"5,805"
48305,"126"
48307,"175"
48309,"5,726"
48311,"19"
48313,"247"
48315,"286"
48317,"91"
48319,"90"
48321,"1,320"
48323,"2,560"
48325,"1,001"
48327,"42"
48329,"2,601"
48331,"632"
48333,"91"
48335,"131"
48337,"408"
48339,"11,032"
48341,"398"
48343,"435"
48345,"22"
48347,"1,550"
48349,"1,228"
48351,"460"
48353,"306"
48355,"8,582"
48357,"170"
48359,"36"
48361,"3,029"
48363,"687"
48365,"620"
48367,"2,708"
48369,"161"
48371,"286"
48373,"1,117"
48375,"2,278"
48377,"402"
48379,"270"
48381,"2,371"
48383,"64"
48385,"64"
48387,"388"
48389,"239"
48391,"157"
48393,"15"
48395,"385"
48397,"1,935"
48399,"210"
48401,"1,198"
48403,"378"
48405,"274"
48407,"661"
48409,"1,926"
48411,"104"
48413,"54"
48415,"290"
48417,"67"
48419,"680"
48421,"49"
48423,"5,330"
48425,"212"
48427,"3,544"
48429,"186"
48431,"22"
48433,"28"
48435,"73"
48437,"179"
48439,"49,734"
48441,"2,739"
48443,"21"
48445,"245"
48447,"33"
48449,"822"
48451,"2,211"
48453,"26,104"
48455,"335"
48457,"610"
48459,"950"
48461,"59"
48463,"670"
48465,"1,116"
48467,"1,263"
48469,"1,929"
48471,"1,252"
48473,"1,070"
48475,"210"
48477,"723"
48479,"5,674"
48481,"1,019"
48483,"111"
48485,"2,778"
48487,"265"
48489,"895"
48491,"10,945"
48493,"935"
48495,"143"
48497,"1,387"
48499,"991"
48501,"131"
48503,"357"
48505,"364"
48507,"476"
49000,"54,158"
49001,"117"
49003,"907"
49005,"1,891"
49007,"450"
49009,"18"
49011,"5,530"
49013,"345"
49015,"241"
49017,"235"
49019,"344"
49021,"893"
49023,"195"
49025,"164"
49027,"212"
49029,"154"
49031,"31"
49033,"37"
49035,"21,173"
49037,"421"
49039,"503"
49041,"415"
49043,"759"
49045,"1,371"
49047,"563"
49049,"8,902"
49051,"465"
49053,"2,654"
49055,"130"
49057,"5,038"
50000,"14,305"
50001,"818"
50003,"912"
50005,"781"
50007,"2,969"
50009,"194"
50011,"1,123"
50013,"191"
50015,"722"
50017,"623"
50019,"889"
50021,"1,554"
50023,"1,386"
50025,"1,013"
50027,"1,127"
51000,"220,070"
51001,"1,040"
51003,"2,375"
51005,"439"
51007,"328"
51009,"861"
51011,"407"
51013,"4,680"
51015,"1,736"
51017,"117"
51019,"1,960"
51021,"174"
51023,"862"
51025,"536"
51027,"816"
51029,"429"
51031,"1,435"
51033,"902"
51035,"893"
51036,"221"
51037,"359"
51041,"9,042"
51043,"330"
51045,"155"
51047,"1,163"
51049,"275"
51051,"519"
51053,"869"
51057,"367"
51059,"25,617"
51061,"1,625"
51063,"387"
51065,"572"
51067,"1,454"
51069,"2,079"
51071,"499"
51073,"940"
51075,"500"
51077,"551"
51079,"433"
51081,"287"
51083,"1,224"
51085,"2,548"
51087,"8,962"
51089,"1,769"
51091,"55"
51093,"996"
51095,"1,679"
51097,"211"
51099,"641"
51101,"457"
51103,"410"
51105,"729"
51107,"8,082"
51109,"937"
51111,"320"
51113,"294"
51115,"194"
51117,"982"
51119,"257"
51121,"2,536"
51125,"364"
51127,"494"
51131,"452"
51133,"400"
51135,"385"
51137,"848"
51139,"963"
51141,"505"
51143,"1,916"
51145,"623"
51147,"771"
51149,"927"
51153,"11,151"
51155,"1,009"
51157,"183"
51159,"223"
51161,"2,284"
51163,"550"
51165,"1,878"
51167,"901"
51169,"585"
51171,"1,063"
51173,"1,041"
51175,"459"
51177,"3,422"
51179,"3,483"
51181,"224"
51183,"309"
51185,"1,390"
51187,"1,113"
51191,"1,603"
51193,"574"
51195,"1,351"
51197,"885"
51199,"1,603"
51510,"3,528"
51520,"502"
51530,"191"
51540,"1,031"
51550,"6,134"
51570,"503"
51580,"201"
51590,"1,710"
51595,"192"
51600,"537"
51610,"283"
51620,"286"
51630,"827"
51640,"216"
51650,"4,406"
51660,"1,466"
51670,"844"
51678,"177"
51680,"2,283"
51683,"1,103"
51685,"400"
51690,"553"
51700,"5,645"
51710,"7,182"
51720,"142"
51730,"1,481"
51735,"288"
51740,"3,236"
51750,"558"
51760,"6,858"
51770,"2,945"
51775,"672"
51790,"620"
51800,"2,428"
51810,"11,442"
51820,"538"
51830,"488"
51840,"726"
53000,"217,821"
53001,"664"
53003,"582"
53005,"6,892"
53007,"2,603"
53009,"2,316"
53011,"16,404"
53013,"136"
53015,"3,697"
53017,"1,388"
53019,"289"
53021,"3,237"
53023,"65"
53025,"3,417"
53027,"2,840"
53029,"2,176"
53031,"917"
53033,"53,298"
53035,"7,123"
53037,"1,424"
53039,"809"
53041,"2,862"
53043,"306"
53045,"1,988"
53047,"1,568"
53049,"816"
53051,"476"
53053,"27,672"
53055,"399"
53057,"4,164"
53059,"434"
53061,"20,328"
53063,"16,080"
53065,"1,659"
53067,"8,184"
53069,"135"
53071,"1,844"
53073,"6,769"
53075,"1,214"
53077,"10,648"
54000,"51,508"
54001,"448"
54003,"2,748"
54005,"762"
54007,"485"
54009,"741"
54011,"2,305"
54013,"280"
54015,"360"
54017,"181"
54019,"1,379"
54021,"175"
54023,"440"
54025,"1,040"
54027,"573"
54029,"1,046"
54031,"422"
54033,"1,702"
54035,"792"
54037,"1,208"
54039,"5,189"
54041,"451"
54043,"707"
54045,"1,231"
54047,"754"
54049,"1,570"
54051,"1,084"
54053,"956"
54055,"1,672"
54057,"850"
54059,"922"
54061,"2,194"
54063,"323"
54065,"422"
54067,"908"
54069,"1,171"
54071,"166"
54073,"210"
54075,"306"
54077,"844"
54079,"1,425"
54081,"2,204"
54083,"838"
54085,"282"
54087,"525"
54089,"318"
54091,"410"
54093,"217"
54095,"321"
54097,"630"
54099,"1,078"
54101,"296"
54103,"749"
54105,"216"
54107,"2,230"
54109,"755"
55000,"170,385"
55001,"755"
55003,"613"
55005,"1,424"
55007,"732"
55009,"6,842"
55011,"372"
55013,"600"
55015,"1,167"
55017,"1,819"
55019,"942"
55021,"1,666"
55023,"569"
55025,"11,484"
55027,"2,646"
55029,"1,273"
55031,"1,361"
55033,"1,254"
55035,"2,671"
55037,"166"
55039,"2,891"
55041,"351"
55043,"1,326"
55045,"964"
55047,"664"
55049,"709"
55051,"263"
55053,"617"
55055,"2,385"
55057,"895"
55059,"5,369"
55061,"560"
55063,"2,933"
55065,"406"
55067,"733"
55069,"978"
55071,"2,642"
55073,"3,762"
55075,"1,465"
55077,"538"
55078,"202"
55079,"33,647"
55081,"1,235"
55083,"1,281"
55085,"1,301"
55087,"4,931"
55089,"2,072"
55091,"197"
55093,"1,095"
55095,"1,438"
55097,"2,211"
55099,"368"
55101,"6,760"
55103,"480"
55105,"5,177"
55107,"472"
55109,"2,192"
55111,"1,786"
55113,"721"
55115,"1,290"
55117,"2,844"
55119,"591"
55121,"772"
55123,"746"
55125,"867"
55127,"3,218"
55129,"513"
55131,"3,516"
55133,"9,995"
55135,"1,586"
55137,"841"
55139,"4,880"
55141,"2,356"
56000,"13,239"
56001,"733"
56003,"263"
56005,"916"
56007,"350"
56009,"265"
56011,"150"
56013,"1,070"
56015,"270"
56017,"108"
56019,"210"
56021,"2,193"
56023,"441"
56025,"1,819"
56027,"48"
56029,"739"
56031,"193"
56033,"766"
56035,"218"
56037,"972"
56039,"690"
56041,"498"
56043,"194"
56045,"136"
72000,"158,761"
72001,"987"
72003,"2,074"
72005,"2,471"
72007,"1,141"
72009,"1,206"
72011,"1,476"
72013,"3,811"
72015,"1,239"
72017,"1,226"
72019,"1,191"
72021,"7,058"
72023,"2,472"
72025,"5,766"
72027,"1,443"
72029,"2,120"
72031,"6,290"
72033,"1,010"
72035,"2,077"
72037,"686"
72039,"975"
72041,"1,895"
72043,"2,327"
72045,"999"
72047,"1,448"
72049,"54"
72051,"1,142"
72053,"2,116"
72054,"667"
72055,"1,129"
72057,"2,524"
72059,"1,200"
72061,"2,426"
72063,"1,795"
72065,"2,121"
72067,"828"
72069,"3,118"
72071,"1,886"
72073,"744"
72075,"2,583"
72077,"1,920"
72079,"1,414"
72081,"1,784"
72083,"739"
72085,"1,848"
72087,"1,193"
72089,"1,283"
72091,"1,636"
72093,"415"
72095,"677"
72097,"4,160"
72099,"1,987"
72101,"1,564"
72103,"1,264"
72105,"1,252"
72107,"1,035"
72109,"1,180"
72111,"1,379"
72113,"7,581"
72115,"1,139"
72117,"941"
72119,"2,052"
72121,"1,222"
72123,"2,202"
72125,"1,906"
72127,"11,451"
72129,"1,916"
72131,"2,559"
72133,"1,960"
72135,"2,417"
72137,"3,114"
72139,"2,192"
72141,"1,323"
72143,"1,376"
72145,"2,301"
72147,"444"
72149,"1,732"
72151,"2,107"
72153,"2,374"
