"state_fips","county_fips","n_storms","total_intensity"
"01","000",26,399
"01","001",158,5694
"01","003",241,7295
"01","005",90,2179
"01","007",120,3803
"01","009",213,7908
"01","011",58,1499
"01","013",86,2999
"01","015",155,6070
"01","017",84,2473
"01","019",119,5152
"01","021",129,4503
"01","023",135,5257
"01","025",169,6277
"01","027",99,3340
"01","029",64,2434
"01","031",136,4159
"01","033",362,15532
"01","035",82,3023
"01","037",50,1611
"01","039",169,5545
"01","041",76,2971
"01","043",327,12415
"01","045",186,6677
"01","047",166,4008
"01","049",286,12659
"01","051",204,7062
"01","053",124,4265
"01","055",240,9024
"01","057",133,4573
"01","059",174,7474
"01","061",121,3190
"01","063",61,2050
"01","065",70,2603
"01","067",126,3825
"01","069",270,8185
"01","071",208,9051
"01","073",539,18213
"01","075",203,8046
"01","077",401,16849
"01","079",222,8603
"01","081",138,4086
"01","083",298,10926
"01","085",82,2337
"01","087",67,2215
"01","089",478,20414
"01","091",85,2927
"01","093",189,7167
"01","095",276,11796
"01","097",325,9933
"01","099",110,4081
"01","101",227,6197
"01","103",298,11137
"01","105",51,2016
"01","107",113,3866
"01","109",82,2070
"01","111",101,4636
"01","113",85,2895
"01","115",187,7143
"01","117",267,9622
"01","119",108,3854
"01","121",197,7378
"01","123",152,5599
"01","125",294,11970
"01","127",260,9243
"01","129",108,4079
"01","131",58,1684
"01","133",161,6494
"02","155",3,152
"02","221",1,50
"02","222",1,50
"04","000",8,75
"04","001",16,927
"04","003",113,5261
"04","005",37,1615
"04","007",59,2796
"04","009",61,2396
"04","011",10,340
"04","012",60,3237
"04","013",768,33443
"04","015",142,6007
"04","017",20,965
"04","019",523,23950
"04","021",248,10678
"04","023",46,2213
"04","025",87,3707
"04","027",136,5988
"04","029",21,370
"05","000",11,52
"05","001",167,5523
"05","003",172,5319
"05","005",209,8894
"05","007",346,11698
"05","009",147,5279
"05","011",100,3891
"05","013",82,3589
"05","015",154,5282
"05","017",132,4733
"05","019",220,8476
"05","021",117,2564
"05","023",133,5228
"05","025",113,4297
"05","027",149,5014
"05","029",175,7274
"05","031",195,5183
"05","033",231,8164
"05","035",128,2858
"05","037",69,1422
"05","039",150,5800
"05","041",102,3170
"05","043",131,5069
"05","045",258,9344
"05","047",228,9327
"05","049",114,4877
"05","051",274,10395
"05","053",150,5344
"05","055",99,2327
"05","057",190,6020
"05","059",240,8841
"05","061",183,6845
"05","063",187,7233
"05","065",125,5293
"05","067",181,6814
"05","069",269,9921
"05","071",192,7490
"05","073",138,4494
"05","075",94,2938
"05","077",52,907
"05","079",75,2267
"05","081",142,4288
"05","083",162,6303
"05","085",279,10657
"05","087",196,5927
"05","089",112,4757
"05","091",203,6937
"05","093",177,4350
"05","095",104,3327
"05","097",117,4473
"05","099",108,3831
"05","101",117,4245
"05","103",165,5982
"05","105",128,4455
"05","107",70,1621
"05","109",147,4958
"05","111",118,2943
"05","113",148,5934
"05","114",1,0
"05","115",217,7241
"05","117",137,4997
"05","119",498,18652
"05","121",90,2414
"05","123",84,1786
"05","125",247,9453
"05","127",110,4415
"05","129",101,4317
"05","131",310,11386
"05","133",146,4400
"05","135",103,4201
"05","137",92,3680
"05","139",163,6077
"05","141",142,5575
"05","143",289,8911
"05","145",286,9946
"05","147",96,3793
"05","149",199,7617
"05","157",1,0
"05","171",1,0
"06","000",3,116
"06","001",4,62
"06","007",5,180
"06","011",1,0
"06","015",2,50
"06","017",1,62
"06","019",32,986
"06","021",2,0
"06","023",12,411
"06","025",47,2441
"06","027",12,384
"06","029",33,1534
"06","031",14,315
"06","035",8,456
"06","037",53,2175
"06","039",7,168
"06","041",1,60
"06","043",4,235
"06","045",1,0
"06","047",7,315
"06","049",5,312
"06","051",6,182
"06","055",2,50
"06","057",3,165
"06","059",23,1197
"06","061",2,0
"06","065",93,4615
"06","067",7,403
"06","071",114,5515
"06","073",41,1785
"06","075",2,123
"06","077",3,93
"06","079",6,317
"06","081",5,226
"06","083",11,461
"06","085",2,70
"06","089",3,0
"06","091",1,70
"06","093",5,303
"06","095",1,64
"06","099",2,52
"06","101",1,0
"06","103",4,50
"06","105",2,70
"06","107",27,973
"06","109",1,55
"06","111",3,102
"06","113",3,135
"06","115",3,154
"08","001",75,3486
"08","003",10,481
"08","005",87,4059
"08","007",11,609
"08","009",51,2690
"08","011",37,1750
"08","013",60,2814
"08","014",3,156
"08","015",5,185
"08","017",118,6706
"08","019",1,63
"08","025",18,555
"08","027",3,122
"08","029",13,465
"08","031",80,3490
"08","033",4,191
"08","035",34,1472
"08","037",31,1756
"08","039",50,2639
"08","041",107,5308
"08","043",7,346
"08","045",24,1228
"08","049",6,298
"08","051",11,501
"08","053",2,127
"08","055",1,0
"08","057",6,213
"08","059",31,1683
"08","061",45,2315
"08","063",166,8932
"08","067",13,663
"08","069",114,5098
"08","071",31,1514
"08","073",82,4089
"08","075",108,5584
"08","077",99,4938
"08","081",19,841
"08","083",19,1025
"08","085",18,832
"08","087",131,5611
"08","089",93,4343
"08","093",2,123
"08","095",70,3621
"08","097",6,414
"08","099",86,4245
"08","101",114,5255
"08","103",23,1244
"08","105",3,0
"08","107",17,950
"08","109",6,176
"08","113",2,126
"08","115",33,1770
"08","117",1,0
"08","119",3,165
"08","121",130,6955
"08","123",221,9631
"08","125",175,9219
"09","001",293,12391
"09","003",283,11355
"09","005",321,11311
"09","007",80,3705
"09","009",223,9650
"09","011",85,3309
"09","013",135,5281
"09","015",90,3409
"10","000",7,0
"10","001",163,6183
"10","003",209,7827
"10","005",195,7066
"11","001",183,6716
"12","000",72,2053
"12","001",288,8986
"12","003",87,2158
"12","005",100,3293
"12","007",70,2154
"12","009",299,12111
"12","011",295,13151
"12","013",50,1335
"12","015",59,1282
"12","017",127,2540
"12","019",207,6851
"12","021",79,3241
"12","023",148,3769
"12","025",146,5010
"12","027",38,587
"12","029",39,1273
"12","031",414,15388
"12","033",221,9361
"12","035",154,6070
"12","037",50,1550
"12","039",83,2770
"12","041",55,1629
"12","043",34,1594
"12","045",39,972
"12","047",91,3022
"12","049",47,475
"12","051",36,1152
"12","053",117,2696
"12","055",75,1109
"12","057",373,7821
"12","059",72,2638
"12","061",60,2122
"12","063",138,4055
"12","065",83,2842
"12","066",1,64
"12","067",35,835
"12","069",115,3828
"12","071",161,3473
"12","073",332,12603
"12","075",85,2095
"12","077",33,998
"12","079",127,4875
"12","081",126,1672
"12","083",305,9841
"12","085",40,1315
"12","086",141,7741
"12","087",89,4633
"12","089",165,5372
"12","091",198,7643
"12","093",43,1469
"12","095",242,8695
"12","097",87,2895
"12","099",208,8914
"12","101",186,3949
"12","103",195,5707
"12","105",289,5201
"12","107",255,8189
"12","109",183,6068
"12","111",44,1414
"12","113",221,8098
"12","115",117,2394
"12","117",120,4459
"12","119",62,1615
"12","121",147,4986
"12","123",60,2030
"12","125",48,1100
"12","127",199,7426
"12","129",127,5302
"12","131",128,4570
"12","133",77,2975
"12","139",1,0
"13","000",34,604
"13","001",121,2755
"13","003",72,2322
"13","005",74,2145
"13","007",38,885
"13","009",64,904
"13","011",63,1511
"13","013",75,1346
"13","015",115,2565
"13","017",63,1325
"13","019",65,2300
"13","021",171,3290
"13","023",66,1104
"13","025",97,3372
"13","027",65,2357
"13","029",98,3723
"13","031",219,9935
"13","033",142,6229
"13","035",59,1544
"13","037",34,520
"13","039",206,6899
"13","043",70,2584
"13","045",124,2003
"13","047",51,1311
"13","049",94,3047
"13","051",357,14718
"13","053",48,927
"13","055",62,1349
"13","057",133,3029
"13","059",86,1743
"13","061",34,1150
"13","063",86,1608
"13","065",109,3335
"13","067",153,3356
"13","069",149,4810
"13","071",131,2880
"13","073",121,5592
"13","075",42,1100
"13","077",145,2505
"13","079",76,1355
"13","081",82,1644
"13","083",48,1618
"13","085",62,1368
"13","087",109,3605
"13","089",137,2344
"13","091",81,1704
"13","093",72,907
"13","095",126,3743
"13","097",81,1369
"13","099",56,1380
"13","101",53,1477
"13","103",233,10682
"13","105",96,3684
"13","107",70,1143
"13","109",75,2580
"13","111",45,1213
"13","113",111,2197
"13","115",161,4105
"13","117",89,1988
"13","119",91,3322
"13","121",269,6129
"13","123",49,1595
"13","125",18,628
"13","127",124,4138
"13","129",80,1568
"13","131",88,2876
"13","133",74,1426
"13","135",156,3027
"13","137",99,3582
"13","139",136,2239
"13","141",30,528
"13","143",50,1333
"13","145",105,1857
"13","147",87,3271
"13","149",51,1119
"13","151",89,1693
"13","153",167,3236
"13","155",67,1970
"13","157",97,2020
"13","159",79,1398
"13","161",71,2234
"13","163",60,1304
"13","165",87,3884
"13","167",46,1264
"13","169",78,1064
"13","171",51,707
"13","173",42,1745
"13","175",185,3123
"13","177",78,1675
"13","179",165,7414
"13","181",67,3165
"13","183",91,3818
"13","185",161,6088
"13","187",48,1139
"13","189",54,2515
"13","191",99,4356
"13","193",70,876
"13","195",70,1106
"13","197",49,614
"13","199",79,1522
"13","201",68,1660
"13","205",96,2187
"13","207",100,1486
"13","209",39,340
"13","211",93,1730
"13","213",54,1853
"13","215",158,4285
"13","217",88,1368
"13","219",85,1338
"13","221",69,1379
"13","223",68,1268
"13","225",60,1111
"13","227",34,890
"13","229",80,2019
"13","231",42,672
"13","233",91,1848
"13","235",68,979
"13","237",62,1335
"13","239",21,797
"13","241",78,3312
"13","243",51,1090
"13","245",170,6522
"13","247",49,510
"13","249",27,601
"13","251",187,8250
"13","253",37,1215
"13","255",77,1209
"13","257",98,3740
"13","259",50,866
"13","261",87,1520
"13","263",45,552
"13","265",17,100
"13","267",130,5074
"13","269",61,1084
"13","271",63,945
"13","273",55,1000
"13","275",106,3160
"13","277",88,2088
"13","279",63,946
"13","281",19,521
"13","283",31,466
"13","285",100,1484
"13","287",59,1255
"13","289",78,1459
"13","291",25,617
"13","293",70,1385
"13","295",88,2375
"13","297",96,1866
"13","299",142,4177
"13","301",31,556
"13","303",78,1614
"13","305",129,4152
"13","307",27,405
"13","309",41,979
"13","311",53,826
"13","313",90,2319
"13","315",49,1150
"13","317",45,887
"13","319",66,1461
"13","321",104,2721
"13","510",11,168
"15","001",3,209
"15","003",7,209
"15","007",8,412
"15","009",3,150
"16","000",3,110
"16","001",73,2821
"16","003",11,365
"16","005",61,2594
"16","007",27,1506
"16","009",8,212
"16","011",101,4315
"16","013",31,1568
"16","015",20,738
"16","017",44,1800
"16","019",56,2444
"16","021",12,542
"16","023",72,3919
"16","025",4,61
"16","027",60,2021
"16","029",16,436
"16","031",61,2391
"16","033",15,833
"16","035",38,1459
"16","037",16,892
"16","039",32,1168
"16","041",11,350
"16","043",28,616
"16","045",14,337
"16","047",16,531
"16","049",35,1254
"16","051",57,2435
"16","053",16,597
"16","055",38,1383
"16","057",20,488
"16","059",48,2432
"16","061",11,371
"16","063",32,1309
"16","065",23,747
"16","067",38,1353
"16","069",30,1064
"16","071",18,845
"16","073",32,1219
"16","075",27,815
"16","077",44,1978
"16","079",29,986
"16","081",3,120
"16","083",47,1555
"16","085",25,964
"16","087",23,815
"17","000",61,1399
"17","001",193,9199
"17","003",66,2744
"17","005",99,3935
"17","007",94,3500
"17","009",49,2010
"17","011",158,6711
"17","013",65,2338
"17","015",155,6600
"17","017",91,2497
"17","019",227,8870
"17","021",142,4709
"17","023",89,2582
"17","025",119,4915
"17","027",165,6697
"17","029",141,5909
"17","031",747,34831
"17","033",105,3442
"17","035",62,2295
"17","037",191,8508
"17","038",1,52
"17","039",102,3640
"17","041",82,3086
"17","043",294,14588
"17","045",104,2967
"17","047",39,1812
"17","049",117,4034
"17","051",124,5410
"17","053",86,3336
"17","055",123,5366
"17","057",204,7254
"17","059",48,1860
"17","061",80,2725
"17","063",134,5657
"17","065",43,1524
"17","067",147,6067
"17","069",28,1068
"17","071",65,2876
"17","073",193,8320
"17","075",155,6651
"17","077",169,6559
"17","079",82,3093
"17","081",102,3909
"17","083",96,3335
"17","085",143,6145
"17","087",79,3307
"17","089",276,12571
"17","091",175,7539
"17","093",120,6216
"17","095",131,4600
"17","097",167,7645
"17","099",267,11581
"17","101",108,3850
"17","103",140,6038
"17","105",129,4589
"17","107",183,7470
"17","109",165,6882
"17","111",190,8971
"17","113",190,7093
"17","115",180,5373
"17","117",159,7134
"17","119",315,13676
"17","121",149,5732
"17","123",101,3492
"17","125",108,3147
"17","127",97,4316
"17","129",112,4149
"17","131",90,3553
"17","133",84,3446
"17","135",137,5431
"17","137",132,4184
"17","139",62,2111
"17","141",175,7748
"17","143",243,9076
"17","145",99,3408
"17","147",81,2644
"17","149",134,6124
"17","151",48,1944
"17","153",62,2527
"17","155",46,2120
"17","157",147,5623
"17","159",82,2554
"17","161",209,9243
"17","163",345,14770
"17","165",112,4894
"17","167",258,9917
"17","169",74,2648
"17","171",61,2140
"17","173",100,3574
"17","175",61,2283
"17","177",196,8640
"17","179",213,7404
"17","181",73,2623
"17","183",196,8327
"17","185",62,2585
"17","187",112,4229
"17","189",108,4167
"17","191",78,3204
"17","193",79,3127
"17","195",212,8240
"17","197",312,15326
"17","199",96,4308
"17","201",209,9456
"17","203",138,4815
"18","000",26,381
"18","001",82,2365
"18","003",274,9525
"18","005",136,4219
"18","007",77,3336
"18","009",58,1881
"18","011",147,5175
"18","013",74,2428
"18","015",114,4360
"18","017",153,4768
"18","019",119,5148
"18","021",88,2867
"18","023",124,4108
"18","025",125,5976
"18","027",122,4221
"18","029",101,3445
"18","031",99,3083
"18","033",83,2253
"18","035",166,6251
"18","037",122,5475
"18","039",233,7355
"18","041",83,2945
"18","043",106,4813
"18","045",85,3139
"18","047",85,3190
"18","049",95,2887
"18","051",123,4735
"18","053",141,4346
"18","055",115,3765
"18","057",188,6427
"18","059",128,4167
"18","061",141,6289
"18","063",194,8198
"18","065",139,4583
"18","067",120,3904
"18","069",146,5182
"18","071",121,3912
"18","073",82,3270
"18","075",74,1987
"18","077",77,3374
"18","079",79,2719
"18","081",165,5383
"18","083",168,6560
"18","085",217,7380
"18","087",111,3728
"18","089",204,9703
"18","091",206,7365
"18","093",123,4400
"18","095",209,7271
"18","097",345,12440
"18","099",130,4031
"18","101",66,2044
"18","103",176,6536
"18","105",141,5173
"18","107",138,3753
"18","109",150,5595
"18","111",62,2358
"18","113",145,4420
"18","115",38,1428
"18","117",81,3654
"18","119",101,3491
"18","121",113,4093
"18","123",73,3109
"18","125",74,2829
"18","127",129,5990
"18","129",101,3770
"18","131",66,1569
"18","133",125,4466
"18","135",109,3610
"18","137",118,3949
"18","139",109,3358
"18","141",273,9135
"18","143",55,2362
"18","145",157,4826
"18","147",112,4431
"18","149",96,3124
"18","151",107,4446
"18","153",96,3022
"18","155",62,2299
"18","157",202,8104
"18","159",60,2187
"18","161",62,2547
"18","163",168,6715
"18","165",96,3120
"18","167",186,7704
"18","169",99,2845
"18","171",72,2291
"18","173",98,3939
"18","175",97,4303
"18","177",193,6721
"18","179",100,3369
"18","181",112,3010
"18","183",137,4623
"18","185",1,0
"19","000",68,2320
"19","001",117,6197
"19","003",71,3663
"19","005",92,3805
"19","007",86,4346
"19","009",70,3281
"19","011",290,14587
"19","013",201,10118
"19","015",173,8645
"19","017",111,5116
"19","019",159,7524
"19","021",95,4028
"19","023",88,4409
"19","025",89,4117
"19","027",139,7440
"19","029",163,8284
"19","031",195,8424
"19","032",1,62
"19","033",149,7446
"19","035",82,3444
"19","037",73,3491
"19","039",61,3059
"19","041",120,5931
"19","043",120,4914
"19","045",198,8349
"19","047",145,7077
"19","049",249,12978
"19","051",76,3647
"19","053",86,4158
"19","055",143,5941
"19","057",141,6618
"19","059",111,5510
"19","061",211,9080
"19","063",91,4739
"19","065",135,5848
"19","067",82,3148
"19","069",104,4766
"19","071",83,3359
"19","073",85,3945
"19","075",99,4657
"19","077",112,5850
"19","079",108,5230
"19","081",79,3398
"19","083",126,6502
"19","085",154,6773
"19","087",96,4334
"19","089",79,3302
"19","091",67,3123
"19","093",64,2783
"19","095",102,4394
"19","097",134,6325
"19","099",147,7192
"19","101",92,4107
"19","103",176,8279
"19","105",179,8225
"19","107",93,4168
"19","109",124,6001
"19","111",154,7093
"19","113",389,20485
"19","115",61,2556
"19","117",56,2970
"19","119",80,3839
"19","121",94,5403
"19","123",120,5677
"19","125",156,8013
"19","127",147,7091
"19","129",89,4019
"19","131",75,3228
"19","133",115,4817
"19","135",51,2325
"19","137",64,3153
"19","139",151,7143
"19","141",136,5675
"19","143",60,2890
"19","145",105,4452
"19","147",80,3710
"19","149",165,7017
"19","151",82,3938
"19","153",512,26925
"19","155",147,6528
"19","157",123,5828
"19","159",90,4151
"19","161",71,3553
"19","163",300,14212
"19","165",84,4110
"19","167",149,7226
"19","169",311,16141
"19","171",119,5766
"19","173",106,5266
"19","175",103,5337
"19","177",87,3791
"19","179",195,10436
"19","181",171,9102
"19","183",116,5198
"19","185",77,3571
"19","187",171,8456
"19","189",97,4470
"19","191",104,4506
"19","193",251,11847
"19","195",65,3168
"19","197",102,4634
"20","000",33,666
"20","001",85,4042
"20","003",86,3918
"20","005",62,2669
"20","007",139,7134
"20","009",266,13491
"20","011",118,5393
"20","013",134,6400
"20","015",464,24237
"20","017",83,4058
"20","019",144,7222
"20","021",171,7275
"20","023",180,10071
"20","025",121,6136
"20","027",125,6323
"20","029",204,10228
"20","031",127,5388
"20","033",89,4903
"20","035",380,19490
"20","037",168,7043
"20","039",120,6607
"20","041",188,8380
"20","043",60,2502
"20","045",238,11891
"20","047",120,5956
"20","049",68,3194
"20","051",189,10462
"20","053",147,7616
"20","055",390,21366
"20","057",360,19651
"20","059",167,7387
"20","061",125,6385
"20","063",113,5964
"20","065",167,8827
"20","067",114,5787
"20","069",192,9957
"20","071",79,4517
"20","073",137,7401
"20","075",117,6168
"20","077",189,9518
"20","079",133,6801
"20","081",107,4944
"20","083",143,7762
"20","085",97,4552
"20","087",212,10545
"20","089",113,5727
"20","091",329,14107
"20","093",129,7081
"20","095",192,9867
"20","097",105,4867
"20","099",177,8073
"20","101",89,4855
"20","103",200,8840
"20","105",167,9011
"20","107",60,2598
"20","109",120,6594
"20","111",250,11810
"20","113",275,14021
"20","115",149,7538
"20","117",135,5970
"20","119",125,6575
"20","121",108,4972
"20","123",138,6797
"20","125",204,10086
"20","127",107,5236
"20","129",95,5294
"20","131",133,6505
"20","133",186,9361
"20","135",142,7730
"20","137",142,7290
"20","139",199,9654
"20","141",114,6244
"20","143",158,7908
"20","145",157,8021
"20","147",111,5813
"20","149",195,9468
"20","151",206,10715
"20","153",158,8695
"20","155",394,20315
"20","157",136,6438
"20","159",165,8444
"20","161",177,9284
"20","163",90,4667
"20","165",108,5468
"20","167",342,19305
"20","169",189,9712
"20","171",116,6366
"20","173",704,36573
"20","175",143,6945
"20","177",386,19061
"20","179",96,4842
"20","181",388,21686
"20","183",118,5569
"20","185",129,6894
"20","187",94,4825
"20","189",76,4208
"20","191",360,17947
"20","193",190,9814
"20","195",89,4360
"20","197",145,7631
"20","199",102,5620
"20","201",105,5192
"20","203",56,3018
"20","205",96,4530
"20","207",67,3229
"20","209",108,4656
"21","000",20,251
"21","001",100,3852
"21","003",96,4159
"21","005",71,2585
"21","007",97,4178
"21","009",153,6785
"21","011",100,4004
"21","013",115,4118
"21","015",125,5024
"21","017",93,3518
"21","019",83,2608
"21","021",75,2239
"21","023",70,2676
"21","025",205,7711
"21","027",129,5154
"21","029",116,4746
"21","031",75,3126
"21","033",55,1969
"21","035",117,5403
"21","037",84,3160
"21","039",69,2960
"21","041",54,2210
"21","043",61,1456
"21","045",94,4476
"21","047",198,8212
"21","049",88,3295
"21","051",147,5369
"21","053",68,2999
"21","055",55,1685
"21","057",56,2505
"21","059",155,5883
"21","061",84,3516
"21","063",57,2054
"21","065",175,7608
"21","067",211,8427
"21","069",95,3283
"21","071",145,5265
"21","073",96,3796
"21","075",70,2416
"21","077",64,2145
"21","079",72,2812
"21","081",80,3003
"21","083",136,4751
"21","085",106,4137
"21","087",81,3180
"21","089",83,2886
"21","091",77,3074
"21","093",194,7593
"21","095",116,4212
"21","097",64,2635
"21","099",104,4390
"21","101",108,3524
"21","103",81,3103
"21","105",62,2599
"21","107",110,3942
"21","109",129,4659
"21","111",368,15845
"21","113",89,3514
"21","115",138,5452
"21","117",77,2746
"21","119",66,2610
"21","121",101,4117
"21","123",86,3571
"21","125",216,8203
"21","127",55,1607
"21","129",148,5854
"21","131",128,5031
"21","133",105,3572
"21","135",67,2325
"21","137",67,2691
"21","139",69,2989
"21","141",135,5651
"21","143",39,1550
"21","145",159,7434
"21","147",117,5357
"21","149",43,1545
"21","151",122,5224
"21","153",104,3669
"21","155",74,2927
"21","157",112,4931
"21","159",82,3276
"21","161",91,3202
"21","163",114,4604
"21","165",81,3298
"21","167",92,3394
"21","169",74,3302
"21","171",85,3916
"21","173",109,4077
"21","175",167,6247
"21","177",88,3379
"21","179",127,5035
"21","181",47,1994
"21","183",114,4753
"21","185",114,4763
"21","187",90,3353
"21","189",93,3484
"21","191",79,3144
"21","193",165,6112
"21","195",273,11379
"21","197",108,4467
"21","199",282,9968
"21","201",28,1048
"21","203",108,3882
"21","205",83,3192
"21","207",97,4331
"21","209",101,4266
"21","211",151,5647
"21","213",91,3429
"21","215",60,2563
"21","217",142,6210
"21","219",89,3463
"21","221",107,4844
"21","223",55,2662
"21","225",70,2225
"21","227",205,9221
"21","229",63,2443
"21","231",128,4999
"21","233",62,2048
"21","235",160,6774
"21","237",130,4997
"21","239",72,2827
"22","000",41,1155
"22","001",111,1757
"22","003",123,2115
"22","005",68,1582
"22","007",38,610
"22","009",127,2683
"22","011",176,3070
"22","013",182,6376
"22","015",333,12704
"22","017",503,18007
"22","019",363,8609
"22","021",89,2966
"22","023",119,2583
"22","025",121,3689
"22","027",167,6003
"22","029",121,3402
"22","030",1,0
"22","031",207,6948
"22","033",189,3520
"22","035",119,2643
"22","037",71,1156
"22","039",93,2129
"22","041",188,5873
"22","043",121,4402
"22","045",78,1454
"22","047",74,1030
"22","049",127,4256
"22","051",142,4775
"22","053",125,2319
"22","055",102,2577
"22","057",101,1750
"22","059",88,2770
"22","061",163,6011
"22","063",147,3001
"22","065",126,3172
"22","067",180,4558
"22","069",203,6359
"22","071",140,5065
"22","073",256,9740
"22","075",71,2263
"22","077",109,2030
"22","079",257,6419
"22","081",117,3504
"22","083",149,4317
"22","085",152,5049
"22","087",37,388
"22","089",91,2401
"22","091",53,678
"22","093",35,800
"22","095",41,1115
"22","097",152,3324
"22","099",58,762
"22","101",70,1513
"22","103",241,5849
"22","105",191,2954
"22","107",130,3697
"22","109",103,2220
"22","111",195,7475
"22","113",83,1564
"22","115",140,2912
"22","117",145,2934
"22","119",228,7542
"22","121",45,836
"22","123",124,3268
"22","125",54,1033
"22","127",158,5117
"23","000",6,86
"23","001",81,2926
"23","003",397,19941
"23","005",178,6750
"23","007",97,4178
"23","009",40,1817
"23","011",109,4255
"23","013",26,1110
"23","015",51,2064
"23","017",180,7279
"23","019",211,9360
"23","021",135,6111
"23","023",37,1575
"23","025",192,8203
"23","027",44,1854
"23","029",56,2389
"23","031",179,6441
"24","000",21,547
"24","001",130,4872
"24","003",322,11189
"24","005",304,12043
"24","009",167,5692
"24","011",79,3299
"24","013",223,7055
"24","015",147,6099
"24","017",249,9002
"24","019",79,2270
"24","021",319,10925
"24","023",87,2403
"24","025",229,9060
"24","027",163,5670
"24","029",109,4339
"24","031",403,15399
"24","033",330,12607
"24","035",114,5032
"24","037",180,7504
"24","039",51,1756
"24","041",97,3704
"24","043",229,8154
"24","045",98,3477
"24","047",65,2288
"24","510",117,3518
"25","000",12,102
"25","001",34,1580
"25","003",354,11433
"25","005",81,3439
"25","007",14,614
"25","009",218,9357
"25","011",232,10255
"25","013",311,12780
"25","015",199,8669
"25","017",304,13291
"25","019",3,173
"25","021",120,5169
"25","023",102,4504
"25","025",65,2581
"25","027",336,13787
"26","000",37,829
"26","001",58,2571
"26","003",41,1984
"26","005",197,6213
"26","007",80,2146
"26","009",60,2616
"26","011",38,1332
"26","012",1,0
"26","013",46,2212
"26","015",129,3571
"26","017",118,4801
"26","019",27,1114
"26","021",236,7595
"26","023",186,6416
"26","025",246,8405
"26","027",164,4943
"26","029",33,1601
"26","031",48,1435
"26","033",36,1731
"26","035",56,1605
"26","037",152,5947
"26","039",48,1524
"26","041",82,3783
"26","043",68,3274
"26","045",106,4013
"26","047",43,1755
"26","049",376,17090
"26","051",54,1626
"26","053",82,3974
"26","055",61,2430
"26","057",83,2526
"26","059",178,5220
"26","061",81,3880
"26","063",125,5605
"26","065",154,4988
"26","067",114,3019
"26","069",56,1849
"26","071",58,2961
"26","073",82,2867
"26","075",182,6150
"26","077",173,5078
"26","079",33,1546
"26","081",214,7451
"26","083",18,1005
"26","085",33,1127
"26","087",190,8439
"26","089",30,1293
"26","091",256,10954
"26","093",226,10700
"26","095",36,1630
"26","097",31,1147
"26","099",333,15798
"26","101",54,2207
"26","103",129,6128
"26","105",58,2220
"26","107",57,1857
"26","109",72,3405
"26","111",102,4237
"26","113",29,1071
"26","115",216,8989
"26","117",121,3172
"26","119",50,2029
"26","121",125,4508
"26","123",77,2444
"26","125",541,24441
"26","127",51,1551
"26","129",73,2580
"26","131",47,2265
"26","133",39,1249
"26","135",40,1197
"26","137",52,1938
"26","139",153,5090
"26","141",45,1236
"26","143",82,3028
"26","145",220,9822
"26","147",195,9093
"26","149",166,4769
"26","151",109,4504
"26","153",32,1705
"26","155",153,6559
"26","157",159,6778
"26","159",139,4202
"26","161",398,17995
"26","163",420,19363
"26","165",50,2071
"27","000",35,1258
"27","001",87,3295
"27","003",162,7234
"27","005",97,3064
"27","007",130,4229
"27","009",52,2471
"27","011",63,3417
"27","013",122,5163
"27","015",88,3494
"27","017",57,2105
"27","019",143,6615
"27","021",137,5421
"27","023",65,2609
"27","025",69,2821
"27","027",107,2759
"27","029",51,1367
"27","031",11,495
"27","033",72,2953
"27","035",144,6889
"27","037",191,9138
"27","039",76,2839
"27","041",121,5740
"27","043",93,3409
"27","045",115,5248
"27","047",124,5053
"27","049",117,5231
"27","051",71,2666
"27","053",341,14847
"27","055",73,3137
"27","057",74,2820
"27","059",72,3545
"27","061",175,7045
"27","063",84,4077
"27","065",59,2592
"27","067",130,5082
"27","069",101,4653
"27","071",81,2846
"27","073",75,3556
"27","075",41,1754
"27","077",53,1500
"27","079",67,2778
"27","081",61,2650
"27","083",82,3603
"27","085",183,9030
"27","087",44,1530
"27","089",99,3254
"27","091",111,4415
"27","093",110,4045
"27","095",92,3796
"27","097",102,4425
"27","099",125,5180
"27","101",48,2363
"27","103",80,3514
"27","105",106,4950
"27","107",94,3175
"27","109",223,11059
"27","111",242,9394
"27","113",46,1728
"27","115",94,3824
"27","117",58,1998
"27","119",172,5589
"27","121",76,3392
"27","123",125,5561
"27","125",46,1361
"27","127",131,5492
"27","129",124,4547
"27","131",103,4452
"27","133",78,2996
"27","135",100,4012
"27","137",321,12894
"27","139",126,6050
"27","141",104,4348
"27","143",98,3722
"27","145",209,8281
"27","147",66,2630
"27","149",58,2553
"27","151",71,3186
"27","153",65,2659
"27","155",39,1800
"27","157",99,4303
"27","159",77,3129
"27","161",86,3641
"27","163",129,5619
"27","165",52,2204
"27","167",82,3973
"27","169",117,5286
"27","171",192,8593
"27","173",64,2693
"28","000",26,241
"28","001",161,5549
"28","003",106,2427
"28","005",79,1100
"28","007",141,4124
"28","009",34,856
"28","011",199,5628
"28","013",98,2766
"28","015",141,4842
"28","017",112,2744
"28","019",73,2444
"28","021",125,3777
"28","023",204,5763
"28","025",107,3345
"28","027",119,2846
"28","029",237,7469
"28","031",156,4467
"28","033",138,4165
"28","035",226,6631
"28","037",94,3177
"28","039",66,1868
"28","041",65,2451
"28","043",153,5415
"28","045",93,2088
"28","047",163,3966
"28","049",445,13420
"28","051",156,4613
"28","053",74,2240
"28","055",68,1748
"28","057",117,2220
"28","059",123,1964
"28","061",222,6007
"28","063",94,3114
"28","065",145,4711
"28","067",309,9685
"28","069",139,4263
"28","071",115,2560
"28","073",174,4850
"28","075",331,9001
"28","077",155,5305
"28","079",202,5557
"28","081",222,6133
"28","083",184,5948
"28","085",177,4633
"28","087",232,8447
"28","089",280,8953
"28","091",149,4329
"28","093",96,2024
"28","095",182,3859
"28","097",100,2970
"28","099",228,6815
"28","101",217,6915
"28","103",120,4111
"28","105",135,4065
"28","107",108,2908
"28","109",140,3168
"28","111",77,3054
"28","113",155,2686
"28","115",118,2776
"28","117",72,2144
"28","119",30,922
"28","121",390,12421
"28","123",208,7066
"28","125",69,2247
"28","127",238,6705
"28","129",230,7389
"28","131",70,2943
"28","133",161,4964
"28","135",77,2252
"28","137",61,1958
"28","139",80,1674
"28","141",113,3259
"28","142",1,0
"28","143",61,2552
"28","145",74,1870
"28","147",90,1366
"28","149",286,8473
"28","151",194,5530
"28","153",89,3329
"28","155",105,3972
"28","157",40,933
"28","159",110,3321
"28","161",73,2175
"28","163",215,6193
"29","000",35,825
"29","001",100,4230
"29","003",73,2581
"29","005",101,4365
"29","007",116,4118
"29","009",182,6963
"29","011",130,5276
"29","013",63,2868
"29","015",130,4555
"29","017",75,3195
"29","019",255,10223
"29","021",157,6417
"29","023",127,4931
"29","025",67,2988
"29","027",150,5853
"29","029",148,5085
"29","031",162,6673
"29","033",65,2360
"29","035",46,1775
"29","037",177,7407
"29","039",110,3652
"29","041",69,2259
"29","043",199,7658
"29","045",93,4225
"29","047",221,10201
"29","049",78,3461
"29","051",107,3907
"29","053",87,2785
"29","055",107,3871
"29","057",107,3779
"29","059",95,3843
"29","061",103,4479
"29","063",71,2777
"29","065",86,2467
"29","067",122,5448
"29","069",147,4012
"29","071",270,10907
"29","073",109,4465
"29","075",61,2397
"29","077",478,21332
"29","079",90,4090
"29","081",76,3045
"29","083",88,3193
"29","085",74,2888
"29","087",56,1913
"29","089",49,1606
"29","091",182,7014
"29","093",65,2997
"29","095",389,16474
"29","097",285,11035
"29","099",178,6821
"29","101",158,7330
"29","103",57,2202
"29","105",159,6773
"29","107",107,3838
"29","109",142,4721
"29","111",87,3779
"29","113",150,5961
"29","115",68,2799
"29","117",69,2720
"29","119",116,4364
"29","121",83,3383
"29","123",56,2095
"29","125",71,2853
"29","127",102,4270
"29","129",42,1729
"29","131",111,3599
"29","133",79,2770
"29","135",91,4007
"29","137",77,3062
"29","139",81,3205
"29","141",128,5343
"29","143",85,2844
"29","145",152,4842
"29","147",128,5128
"29","149",79,2463
"29","151",56,2256
"29","153",128,4697
"29","155",92,2710
"29","157",72,2578
"29","159",155,6518
"29","161",114,4304
"29","163",109,4325
"29","165",182,8348
"29","167",166,7186
"29","169",128,4837
"29","171",34,1598
"29","173",83,3108
"29","175",73,2848
"29","177",75,3008
"29","179",54,2211
"29","181",62,2185
"29","183",276,13051
"29","185",88,3220
"29","186",72,2888
"29","187",115,4384
"29","189",498,21598
"29","193",1,0
"29","195",93,3406
"29","197",26,1097
"29","199",76,3644
"29","201",117,4897
"29","203",97,4086
"29","205",64,2204
"29","207",112,3958
"29","209",121,4360
"29","211",52,1948
"29","213",143,5243
"29","215",107,4138
"29","217",157,5660
"29","219",95,3844
"29","221",99,3512
"29","223",57,2440
"29","225",148,6158
"29","227",22,823
"29","229",137,5407
"29","510",115,4051
"30","000",2,0
"30","001",46,2430
"30","003",90,5113
"30","005",74,3871
"30","007",21,1036
"30","009",21,993
"30","011",51,2686
"30","013",176,9275
"30","015",96,4683
"30","017",158,8629
"30","019",51,2556
"30","021",146,7366
"30","023",10,494
"30","025",47,2570
"30","027",97,4764
"30","029",52,1903
"30","031",66,3411
"30","033",171,8895
"30","035",24,1257
"30","037",11,612
"30","039",14,585
"30","041",114,5816
"30","043",23,1091
"30","045",40,2118
"30","047",35,1684
"30","049",72,3320
"30","051",33,1567
"30","053",34,1740
"30","055",114,6205
"30","057",16,907
"30","059",14,556
"30","061",16,795
"30","063",81,3881
"30","065",34,1795
"30","067",103,5396
"30","069",46,2493
"30","071",127,6657
"30","073",32,1519
"30","075",69,3459
"30","077",17,821
"30","079",75,3952
"30","081",38,1339
"30","083",131,6753
"30","085",171,9349
"30","087",116,6112
"30","089",23,974
"30","091",77,3831
"30","093",21,895
"30","095",37,1920
"30","097",26,1388
"30","099",43,2233
"30","101",32,1553
"30","103",39,1929
"30","105",357,19164
"30","107",12,617
"30","109",65,3172
"30","111",202,11096
"31","000",59,1924
"31","001",165,8638
"31","003",103,4364
"31","005",36,1683
"31","007",17,735
"31","009",30,1196
"31","011",75,2936
"31","013",78,3756
"31","015",41,1633
"31","017",89,3927
"31","019",168,7984
"31","021",83,3278
"31","023",88,3753
"31","025",122,5321
"31","027",98,3912
"31","029",103,5031
"31","031",225,11175
"31","033",129,6405
"31","035",122,6015
"31","037",50,2141
"31","039",81,3038
"31","041",195,8416
"31","043",69,3140
"31","045",145,7999
"31","047",183,8531
"31","049",60,2929
"31","051",102,4582
"31","053",167,7169
"31","055",234,10315
"31","057",96,5135
"31","059",92,4751
"31","061",56,2368
"31","063",85,3229
"31","065",99,4903
"31","067",144,5766
"31","069",61,3019
"31","071",50,1834
"31","073",61,2534
"31","075",25,1060
"31","077",52,1932
"31","079",172,8374
"31","081",91,3795
"31","083",51,2215
"31","085",49,2337
"31","087",64,3174
"31","089",149,6215
"31","091",63,3174
"31","093",80,3887
"31","095",113,4936
"31","097",43,1651
"31","099",85,3737
"31","101",124,6081
"31","103",36,1470
"31","105",41,1913
"31","107",112,4701
"31","109",183,7973
"31","111",325,15711
"31","113",30,1177
"31","115",28,1133
"31","117",22,1039
"31","119",156,7254
"31","121",100,4577
"31","123",47,1962
"31","125",51,2365
"31","127",92,3901
"31","129",67,2953
"31","131",117,4340
"31","133",40,1276
"31","135",62,2808
"31","137",109,4617
"31","139",76,3059
"31","141",103,4665
"31","143",60,2721
"31","145",133,6507
"31","147",92,3101
"31","149",44,1751
"31","151",101,4918
"31","153",142,6279
"31","155",147,6079
"31","157",122,5234
"31","159",86,3601
"31","161",114,5347
"31","163",59,2712
"31","165",20,950
"31","167",80,3494
"31","169",96,3782
"31","171",38,1820
"31","173",67,2755
"31","175",72,3125
"31","177",100,4185
"31","179",50,1645
"31","181",56,2555
"31","183",30,1193
"31","185",101,4792
"32","001",29,1577
"32","003",166,7405
"32","005",5,269
"32","007",96,4949
"32","011",15,806
"32","013",34,1870
"32","015",34,1636
"32","017",10,554
"32","019",26,1101
"32","021",4,238
"32","023",40,2146
"32","027",17,845
"32","029",1,50
"32","031",60,3078
"32","033",21,1138
"32","510",5,262
"33","000",3,126
"33","001",108,4479
"33","003",121,4755
"33","005",184,7494
"33","007",117,4443
"33","009",265,10823
"33","011",109,4149
"33","013",145,5399
"33","015",150,6086
"33","017",85,3120
"33","019",91,3581
"34","000",13,302
"34","001",131,4853
"34","003",229,10074
"34","005",309,12182
"34","007",143,5678
"34","009",85,3092
"34","011",146,5814
"34","013",111,4609
"34","015",167,6611
"34","017",62,2602
"34","019",160,5875
"34","021",147,5487
"34","023",123,4208
"34","025",158,5853
"34","027",159,5608
"34","029",187,7633
"34","031",111,4712
"34","033",95,3926
"34","035",149,5202
"34","037",159,5601
"34","039",86,3339
"34","041",142,5322
"35","000",4,0
"35","001",72,3675
"35","003",2,52
"35","005",91,4427
"35","006",6,257
"35","007",20,768
"35","009",126,6346
"35","011",29,1318
"35","013",72,3462
"35","015",153,6987
"35","017",16,896
"35","019",13,634
"35","021",10,394
"35","023",11,427
"35","025",171,6990
"35","027",18,938
"35","028",2,50
"35","029",39,1975
"35","031",18,957
"35","033",3,156
"35","035",52,2286
"35","037",108,5628
"35","039",14,544
"35","041",70,3160
"35","043",15,810
"35","045",22,886
"35","047",21,943
"35","049",28,1306
"35","051",20,885
"35","053",12,591
"35","055",3,183
"35","057",19,1037
"35","059",53,2758
"35","061",20,740
"35","097",1,70
"35","129",1,50
"36","000",29,572
"36","001",241,6262
"36","003",153,4593
"36","005",33,1306
"36","007",303,10447
"36","009",263,6808
"36","011",198,5791
"36","013",300,7051
"36","015",121,3921
"36","017",246,6640
"36","019",139,4372
"36","021",278,9042
"36","023",160,4204
"36","025",192,5744
"36","027",376,8955
"36","029",266,7576
"36","031",130,4423
"36","033",154,4559
"36","035",145,2812
"36","037",100,2639
"36","039",132,3613
"36","041",74,1713
"36","043",292,9149
"36","045",156,5247
"36","047",52,1896
"36","049",142,5205
"36","051",115,3469
"36","053",141,4113
"36","055",190,5931
"36","057",184,3382
"36","059",165,7213
"36","061",26,1209
"36","063",175,5065
"36","065",378,10675
"36","067",230,6298
"36","069",121,3464
"36","071",290,10141
"36","073",85,1868
"36","075",233,7407
"36","077",284,7243
"36","079",110,3614
"36","081",99,4868
"36","083",329,8033
"36","085",56,2456
"36","087",101,4026
"36","089",206,6266
"36","091",401,8789
"36","093",127,3342
"36","095",132,3451
"36","097",70,1996
"36","099",77,1958
"36","101",218,6394
"36","103",178,8083
"36","105",167,4873
"36","107",141,4009
"36","109",157,4321
"36","111",296,6689
"36","113",159,3772
"36","115",236,4634
"36","117",141,4816
"36","119",218,8833
"36","121",96,2690
"36","123",68,1816
"37","000",22,683
"37","001",145,5138
"37","003",91,3832
"37","005",28,1303
"37","007",121,5209
"37","009",48,1644
"37","011",39,1948
"37","013",120,4810
"37","015",75,1700
"37","017",211,9611
"37","019",114,4565
"37","021",139,6229
"37","023",156,6801
"37","025",154,6025
"37","027",104,4305
"37","029",34,1066
"37","031",116,5058
"37","033",141,5592
"37","035",212,8419
"37","037",162,6139
"37","039",121,4280
"37","041",49,1833
"37","043",60,2671
"37","045",200,8350
"37","047",178,7463
"37","049",163,6256
"37","051",203,7868
"37","053",46,1202
"37","055",107,4676
"37","057",172,5885
"37","059",109,4191
"37","061",185,6157
"37","063",159,5249
"37","065",121,4565
"37","067",196,8236
"37","069",146,4982
"37","071",192,7318
"37","073",52,1623
"37","075",70,3310
"37","077",103,3479
"37","079",86,2630
"37","081",249,8965
"37","083",145,5808
"37","085",170,5363
"37","087",55,2256
"37","089",112,4183
"37","091",56,1256
"37","093",92,3087
"37","095",60,2556
"37","097",216,8656
"37","099",78,3440
"37","101",274,8972
"37","103",58,2321
"37","105",99,3389
"37","107",138,4603
"37","109",123,4586
"37","111",110,5186
"37","113",67,3126
"37","115",75,3480
"37","117",77,2288
"37","119",298,11613
"37","121",29,1315
"37","123",85,3371
"37","125",185,6133
"37","127",164,5366
"37","129",116,4792
"37","131",85,1975
"37","133",157,5711
"37","135",154,5461
"37","137",36,1338
"37","139",73,2405
"37","141",115,4665
"37","143",42,1331
"37","145",119,4089
"37","147",187,6105
"37","149",79,3360
"37","151",206,8103
"37","153",100,3916
"37","155",273,11412
"37","157",284,10268
"37","159",233,9196
"37","161",176,8092
"37","163",201,6728
"37","165",87,2854
"37","167",142,4993
"37","169",213,9085
"37","171",298,12058
"37","173",56,2702
"37","175",61,2577
"37","177",36,1172
"37","179",206,8341
"37","181",85,2824
"37","183",400,15062
"37","185",86,2867
"37","187",59,1728
"37","189",37,1748
"37","191",204,6582
"37","193",230,8852
"37","195",132,4124
"37","197",121,5161
"37","199",30,1300
"38","000",25,861
"38","001",58,3202
"38","003",123,4376
"38","005",86,3934
"38","007",26,1366
"38","009",51,1871
"38","011",63,3608
"38","013",38,1678
"38","015",143,7767
"38","017",251,10933
"38","019",88,4245
"38","021",74,3631
"38","023",36,1559
"38","025",67,3245
"38","027",49,2016
"38","029",80,3918
"38","031",39,2183
"38","033",55,2714
"38","035",209,9582
"38","037",52,2385
"38","039",55,1900
"38","041",63,2624
"38","043",45,2240
"38","045",56,3103
"38","047",39,1814
"38","049",53,2215
"38","051",58,2903
"38","053",78,3787
"38","055",130,5503
"38","057",78,3659
"38","059",188,9045
"38","061",90,4031
"38","063",73,2970
"38","065",31,1688
"38","067",92,3391
"38","069",41,1752
"38","071",125,5356
"38","073",75,2848
"38","075",31,1272
"38","077",170,6275
"38","079",27,1254
"38","081",84,3668
"38","083",23,1030
"38","085",34,1836
"38","087",16,872
"38","089",143,7591
"38","091",61,2459
"38","093",120,6178
"38","095",48,1795
"38","097",105,4044
"38","099",118,4742
"38","101",146,7254
"38","103",31,1402
"38","105",106,5084
"38","113",1,62
"39","000",35,989
"39","001",143,5682
"39","003",148,4588
"39","005",178,4770
"39","007",247,6238
"39","009",116,3423
"39","011",156,6510
"39","013",160,4058
"39","015",150,6567
"39","017",218,6998
"39","019",174,4735
"39","021",125,4486
"39","023",176,6664
"39","025",215,8180
"39","027",176,7331
"39","029",240,6717
"39","031",162,4089
"39","033",163,4378
"39","035",385,13173
"39","037",187,6545
"39","039",97,2938
"39","041",163,5839
"39","043",177,5057
"39","045",196,7397
"39","047",118,4589
"39","049",370,15567
"39","051",118,3288
"39","053",75,1875
"39","055",168,4489
"39","057",202,8044
"39","059",142,4076
"39","061",288,11120
"39","063",191,6207
"39","065",107,3854
"39","067",112,3389
"39","069",111,3848
"39","071",154,5806
"39","073",112,4366
"39","075",185,4517
"39","077",220,5932
"39","079",78,1582
"39","081",145,4234
"39","083",188,4674
"39","085",153,5284
"39","087",111,3183
"39","089",198,7399
"39","091",140,4764
"39","093",338,11084
"39","095",240,8105
"39","097",127,3852
"39","099",193,4665
"39","101",166,4184
"39","103",206,5697
"39","105",63,1363
"39","107",142,4693
"39","109",157,5742
"39","111",81,1685
"39","113",270,10310
"39","115",75,2002
"39","117",124,3168
"39","119",196,5900
"39","121",63,1662
"39","123",176,4971
"39","125",99,3307
"39","127",115,3675
"39","129",121,4268
"39","131",102,4282
"39","133",197,4773
"39","135",117,4027
"39","137",130,4226
"39","139",222,6764
"39","141",138,5409
"39","143",176,5242
"39","145",169,6635
"39","147",178,5191
"39","149",137,4837
"39","151",270,7118
"39","153",258,7541
"39","155",279,8327
"39","157",230,6758
"39","159",110,3750
"39","161",157,5952
"39","163",67,1905
"39","165",211,8401
"39","167",108,2607
"39","169",206,5193
"39","171",101,2929
"39","173",223,7159
"39","175",112,3212
"40","000",11,61
"40","001",137,4942
"40","003",194,7816
"40","005",82,2835
"40","007",204,11069
"40","009",175,5890
"40","011",134,4739
"40","013",177,5957
"40","015",297,11365
"40","017",269,10869
"40","019",196,6294
"40","021",242,9315
"40","023",115,3558
"40","025",95,5133
"40","027",266,10919
"40","029",49,1568
"40","031",319,12395
"40","033",119,4006
"40","035",210,8361
"40","037",305,11755
"40","039",236,9972
"40","041",201,7681
"40","043",154,6890
"40","045",177,8220
"40","047",329,13033
"40","049",180,5548
"40","051",271,10996
"40","053",143,5020
"40","055",114,4427
"40","057",107,4968
"40","059",159,6676
"40","061",143,5673
"40","063",108,2973
"40","065",275,12480
"40","067",126,5049
"40","069",76,2413
"40","071",384,16276
"40","073",216,8722
"40","075",224,9360
"40","077",133,4379
"40","079",349,14557
"40","081",186,6516
"40","083",200,8644
"40","085",73,2219
"40","087",179,6153
"40","089",254,8317
"40","091",174,7432
"40","093",143,5542
"40","095",93,3300
"40","097",224,8566
"40","099",90,2999
"40","101",303,10948
"40","103",147,4922
"40","105",179,7166
"40","107",151,5418
"40","109",564,25042
"40","111",186,7441
"40","113",504,21417
"40","115",152,6210
"40","117",208,8822
"40","119",230,8822
"40","121",247,9471
"40","123",151,5019
"40","125",141,4669
"40","127",125,4603
"40","129",127,5809
"40","131",285,10546
"40","133",122,3145
"40","135",200,7803
"40","137",220,7624
"40","139",290,14955
"40","141",225,10462
"40","143",538,23120
"40","145",200,7221
"40","147",197,8206
"40","149",223,9400
"40","151",272,11868
"40","153",260,11066
"41","000",5,80
"41","001",23,870
"41","003",5,71
"41","005",13,607
"41","007",3,139
"41","011",5,180
"41","013",4,208
"41","015",6,319
"41","017",24,1016
"41","019",9,326
"41","021",3,179
"41","023",14,708
"41","025",14,724
"41","027",4,174
"41","029",22,889
"41","031",16,482
"41","033",9,292
"41","035",13,611
"41","037",6,274
"41","039",10,276
"41","041",5,215
"41","043",2,140
"41","045",42,1700
"41","047",5,190
"41","049",14,810
"41","051",11,441
"41","053",2,131
"41","055",4,237
"41","057",1,54
"41","059",86,4076
"41","061",14,574
"41","063",13,518
"41","065",9,253
"41","067",2,52
"41","069",5,292
"42","000",19,211
"42","001",194,6287
"42","003",578,18462
"42","005",223,5898
"42","007",290,8272
"42","009",116,3141
"42","011",323,11897
"42","013",116,4076
"42","015",188,6151
"42","017",251,9247
"42","019",313,7248
"42","021",253,7696
"42","023",54,1524
"42","025",112,4060
"42","027",230,7977
"42","029",276,9507
"42","031",152,3347
"42","033",242,8291
"42","035",175,5508
"42","037",137,4266
"42","039",306,7961
"42","041",218,6789
"42","043",222,8281
"42","045",152,5580
"42","047",112,3234
"42","049",283,7836
"42","051",264,7391
"42","052",1,0
"42","053",60,1504
"42","055",226,7268
"42","057",54,1363
"42","058",1,0
"42","059",114,2724
"42","061",142,4964
"42","063",228,6102
"42","065",239,6769
"42","067",70,2312
"42","069",118,3452
"42","071",376,12132
"42","073",179,4829
"42","075",193,6089
"42","077",186,7359
"42","079",182,4731
"42","081",286,8010
"42","083",168,5028
"42","085",288,9439
"42","087",93,3298
"42","089",149,5857
"42","091",254,8338
"42","093",62,1816
"42","095",217,8424
"42","097",147,4500
"42","099",134,4691
"42","101",172,6876
"42","103",76,2888
"42","105",113,4014
"42","107",174,6339
"42","109",80,2824
"42","111",169,5159
"42","113",74,2011
"42","115",154,5522
"42","117",147,4233
"42","119",89,2303
"42","121",231,5862
"42","123",174,5149
"42","125",347,8993
"42","127",112,3493
"42","129",518,13366
"42","131",67,2222
"42","133",367,11961
"44","000",2,60
"44","001",13,619
"44","003",34,1286
"44","005",13,322
"44","007",83,3116
"44","009",22,868
"45","000",15,200
"45","001",131,4950
"45","003",333,13627
"45","005",131,6089
"45","007",398,15623
"45","009",134,5585
"45","011",155,6880
"45","013",280,12282
"45","015",309,13034
"45","017",137,5586
"45","019",349,13875
"45","021",192,7210
"45","023",144,5880
"45","025",157,6237
"45","027",183,7318
"45","029",439,20080
"45","030",1,55
"45","031",214,9070
"45","033",128,5356
"45","035",282,12488
"45","037",125,5855
"45","039",166,7157
"45","041",249,10809
"45","043",122,4198
"45","045",436,16587
"45","047",196,6388
"45","049",177,8028
"45","051",255,10782
"45","053",204,9684
"45","055",197,8541
"45","057",160,6625
"45","059",270,10089
"45","061",111,4325
"45","063",463,19511
"45","065",87,4250
"45","067",137,5778
"45","069",148,5921
"45","071",219,8985
"45","073",224,8394
"45","075",353,14038
"45","077",239,8504
"45","079",453,19192
"45","081",143,6549
"45","083",441,17232
"45","085",241,9698
"45","087",157,6200
"45","089",108,4710
"45","091",253,9447
"46","000",15,433
"46","003",56,2769
"46","005",189,10136
"46","007",79,4001
"46","009",79,3694
"46","011",103,5434
"46","013",240,12567
"46","015",97,4453
"46","017",30,1614
"46","019",167,8891
"46","021",55,2588
"46","023",108,4902
"46","025",78,3799
"46","027",81,4039
"46","029",114,5917
"46","031",120,6669
"46","033",122,6604
"46","035",128,6577
"46","037",113,6144
"46","039",62,2956
"46","041",107,5800
"46","043",44,2144
"46","045",120,6101
"46","047",110,5646
"46","049",88,4405
"46","051",55,2747
"46","053",57,2855
"46","055",134,7184
"46","057",61,3261
"46","059",102,4857
"46","061",54,2676
"46","063",197,10742
"46","065",160,9034
"46","067",86,4154
"46","069",53,2505
"46","071",136,7214
"46","073",46,2482
"46","075",55,2830
"46","077",86,3664
"46","079",97,4911
"46","081",53,2713
"46","083",117,5064
"46","085",128,6687
"46","087",84,4606
"46","089",68,3385
"46","091",75,4007
"46","093",353,19428
"46","095",64,3128
"46","097",56,2679
"46","099",239,11283
"46","101",56,2578
"46","103",314,16966
"46","105",175,9484
"46","107",74,3775
"46","109",62,3052
"46","111",58,2759
"46","113",160,8725
"46","115",129,6801
"46","117",104,5581
"46","119",63,3188
"46","121",133,6823
"46","123",127,6070
"46","125",75,3676
"46","127",98,4712
"46","129",109,5300
"46","131",1,0
"46","135",117,5687
"46","137",119,6287
"46","155",1,52
"46","167",1,56
"47","000",13,52
"47","001",200,6403
"47","003",115,4196
"47","005",98,4005
"47","007",112,4183
"47","009",279,8946
"47","011",205,6426
"47","013",153,5479
"47","015",68,2942
"47","017",117,3101
"47","019",92,3103
"47","021",109,4019
"47","023",60,1642
"47","025",144,4784
"47","027",77,3419
"47","029",145,5291
"47","031",142,5809
"47","033",63,1988
"47","035",90,3144
"47","037",477,19974
"47","039",70,2513
"47","041",92,4102
"47","043",177,7896
"47","045",105,2763
"47","047",137,2836
"47","049",125,5162
"47","051",141,5349
"47","053",128,3120
"47","055",149,5528
"47","057",145,5717
"47","059",210,7093
"47","061",59,2220
"47","063",130,3849
"47","065",358,11737
"47","067",82,2602
"47","069",102,1979
"47","071",79,2507
"47","073",170,5733
"47","075",67,1372
"47","077",103,2168
"47","079",101,2368
"47","081",160,6432
"47","083",67,2983
"47","085",104,4891
"47","087",92,4269
"47","089",162,5775
"47","091",56,1981
"47","093",305,10298
"47","095",41,1112
"47","097",96,2905
"47","099",191,8527
"47","101",70,2917
"47","103",161,6584
"47","105",161,5465
"47","107",231,7263
"47","109",78,1855
"47","111",96,3776
"47","113",153,4036
"47","115",170,6714
"47","117",75,2877
"47","119",194,7613
"47","121",107,3549
"47","123",232,8860
"47","125",218,8551
"47","127",54,2355
"47","129",165,6580
"47","131",94,2694
"47","133",87,3858
"47","135",90,3979
"47","137",45,1984
"47","139",151,4964
"47","141",160,6854
"47","143",176,6085
"47","145",208,8229
"47","147",164,6696
"47","149",272,11669
"47","151",114,4519
"47","153",106,4232
"47","155",189,6283
"47","157",371,9858
"47","159",84,3170
"47","161",110,4813
"47","163",207,6208
"47","165",251,9676
"47","167",113,2689
"47","169",56,2498
"47","171",59,1804
"47","173",126,4443
"47","175",38,1626
"47","177",108,4092
"47","179",153,4857
"47","181",104,4529
"47","183",105,2466
"47","185",89,3828
"47","187",210,9062
"47","189",283,12179
"48","000",56,2282
"48","001",192,5562
"48","003",58,2428
"48","005",151,6125
"48","007",26,1369
"48","009",88,3398
"48","011",61,3193
"48","013",58,1156
"48","015",63,1235
"48","017",57,1952
"48","019",27,520
"48","021",65,1696
"48","023",67,2822
"48","025",58,1929
"48","027",232,7869
"48","029",179,6024
"48","031",19,298
"48","033",38,1937
"48","035",96,2973
"48","037",265,10012
"48","039",131,3220
"48","041",103,3468
"48","043",56,2420
"48","045",55,2356
"48","047",29,1181
"48","049",122,3805
"48","051",61,1691
"48","053",80,2264
"48","055",53,1812
"48","057",43,1656
"48","059",71,2828
"48","061",107,4164
"48","063",74,2764
"48","065",99,5506
"48","067",208,7051
"48","069",70,3098
"48","071",67,1396
"48","073",171,7119
"48","075",137,6943
"48","077",111,4244
"48","079",44,2189
"48","081",48,2096
"48","083",96,2683
"48","085",296,8738
"48","087",46,2496
"48","089",56,1248
"48","091",47,1152
"48","093",94,3364
"48","095",39,1508
"48","097",158,6000
"48","099",105,3208
"48","101",66,2968
"48","103",31,1440
"48","105",27,900
"48","107",60,2702
"48","109",34,1871
"48","111",45,2220
"48","113",528,18615
"48","115",52,2682
"48","117",112,6026
"48","119",75,1732
"48","121",341,12477
"48","123",53,963
"48","125",40,1505
"48","127",16,525
"48","129",79,3879
"48","131",41,1686
"48","133",95,3074
"48","135",118,5330
"48","137",10,310
"48","139",245,6998
"48","141",88,4289
"48","143",119,3352
"48","145",66,1786
"48","147",158,4798
"48","149",38,1211
"48","151",57,2238
"48","153",81,2804
"48","155",49,2056
"48","157",112,3022
"48","159",82,3408
"48","161",65,2139
"48","163",28,419
"48","165",87,3708
"48","167",177,5736
"48","169",69,3134
"48","171",40,893
"48","173",39,1931
"48","175",24,844
"48","177",37,839
"48","179",138,7648
"48","181",278,10063
"48","183",199,7597
"48","185",60,1032
"48","187",67,1051
"48","189",132,5347
"48","191",68,2987
"48","193",93,2907
"48","195",59,3272
"48","197",86,3745
"48","199",84,1380
"48","201",496,14151
"48","203",294,11383
"48","205",96,5157
"48","207",125,4422
"48","209",64,1533
"48","211",63,3478
"48","213",174,5009
"48","215",111,4279
"48","217",135,4320
"48","219",114,4822
"48","221",107,4105
"48","223",189,6263
"48","225",126,3084
"48","227",89,4094
"48","229",23,1195
"48","231",211,6391
"48","233",117,6389
"48","235",25,1037
"48","237",72,2677
"48","239",40,1141
"48","241",138,2840
"48","243",19,852
"48","245",194,4492
"48","247",23,859
"48","249",72,3441
"48","251",221,8145
"48","253",135,4847
"48","255",18,104
"48","257",201,5836
"48","259",26,629
"48","261",16,656
"48","263",30,1344
"48","265",23,796
"48","267",31,1472
"48","269",38,1691
"48","271",34,705
"48","273",42,1539
"48","275",97,3857
"48","277",167,4755
"48","279",115,5165
"48","281",61,2346
"48","283",31,1484
"48","285",52,1127
"48","287",54,1189
"48","289",73,2342
"48","291",114,2349
"48","293",88,3070
"48","295",76,3959
"48","297",44,1708
"48","299",51,1475
"48","301",10,527
"48","303",304,13800
"48","305",69,2572
"48","307",62,2132
"48","309",304,9888
"48","311",12,479
"48","313",66,1844
"48","315",111,3687
"48","317",51,2277
"48","319",25,1051
"48","321",70,2208
"48","323",23,446
"48","325",68,2024
"48","327",23,851
"48","329",189,8597
"48","331",72,2060
"48","333",45,1651
"48","335",70,2930
"48","337",95,3315
"48","339",159,3588
"48","341",86,4643
"48","343",89,3408
"48","345",46,1984
"48","347",176,6402
"48","349",162,5207
"48","351",101,1839
"48","353",78,2775
"48","355",168,7481
"48","357",74,4196
"48","359",60,3096
"48","361",103,1731
"48","363",148,5458
"48","365",177,5663
"48","367",199,7568
"48","369",77,3656
"48","371",108,5259
"48","373",86,2604
"48","375",325,17104
"48","377",47,2000
"48","379",58,1790
"48","381",248,13157
"48","383",27,1226
"48","385",15,319
"48","387",122,4117
"48","389",67,2935
"48","391",20,740
"48","393",51,2809
"48","395",48,1683
"48","397",67,1501
"48","399",97,2805
"48","401",187,6999
"48","403",68,3132
"48","405",65,2745
"48","407",73,1795
"48","409",75,2871
"48","411",39,1635
"48","413",29,1001
"48","415",87,3041
"48","417",44,1585
"48","419",165,5722
"48","421",37,1854
"48","423",245,9986
"48","425",55,1766
"48","427",41,1381
"48","429",75,2574
"48","431",23,927
"48","433",31,1418
"48","435",11,435
"48","437",71,3510
"48","439",634,24932
"48","441",247,10430
"48","443",31,1271
"48","445",59,2290
"48","447",56,2045
"48","449",104,3615
"48","451",222,9597
"48","453",190,6888
"48","455",92,2389
"48","457",98,1693
"48","459",137,5195
"48","461",36,1659
"48","463",56,1174
"48","465",133,5133
"48","467",152,4248
"48","469",103,4159
"48","471",72,1805
"48","473",38,849
"48","475",41,2296
"48","477",44,1591
"48","479",74,3422
"48","481",99,2559
"48","483",78,4030
"48","485",304,12760
"48","487",143,5804
"48","489",40,1452
"48","491",132,3843
"48","493",38,819
"48","495",55,2707
"48","497",227,8065
"48","499",159,6291
"48","501",41,1646
"48","503",110,3657
"48","505",33,1366
"48","507",30,542
"49","000",1,51
"49","001",24,1360
"49","003",81,4327
"49","005",26,1393
"49","007",6,336
"49","009",1,55
"49","011",57,2909
"49","013",15,806
"49","015",6,343
"49","017",9,389
"49","019",24,1279
"49","021",14,698
"49","023",8,390
"49","025",18,907
"49","027",24,1347
"49","029",3,162
"49","031",3,120
"49","033",8,440
"49","035",138,6884
"49","037",15,820
"49","039",3,60
"49","041",9,432
"49","043",11,554
"49","045",230,12770
"49","047",21,898
"49","049",100,5212
"49","051",8,385
"49","053",51,2366
"49","055",4,161
"49","057",38,1952
"50","000",10,65
"50","001",138,4456
"50","003",111,2295
"50","005",130,4327
"50","007",200,7229
"50","009",59,1418
"50","011",94,3161
"50","013",43,1240
"50","015",56,1875
"50","017",88,2692
"50","019",105,2701
"50","021",200,5677
"50","023",115,3792
"50","025",103,2371
"50","027",125,3590
"51","000",30,995
"51","001",65,2488
"51","003",237,9600
"51","005",67,2382
"51","007",92,2989
"51","009",116,4561
"51","011",71,2803
"51","013",104,3844
"51","015",107,3794
"51","017",52,2008
"51","019",223,9476
"51","021",34,1332
"51","023",83,3111
"51","025",106,3558
"51","027",51,1412
"51","029",169,7496
"51","031",175,6563
"51","033",91,2705
"51","035",80,2717
"51","036",36,952
"51","037",135,5344
"51","039",9,0
"51","041",151,4925
"51","043",114,4179
"51","045",27,842
"51","047",138,4491
"51","049",51,1863
"51","051",34,859
"51","053",86,2754
"51","057",67,1900
"51","059",314,12211
"51","061",255,9200
"51","063",49,1735
"51","065",59,1560
"51","067",252,10543
"51","069",124,4783
"51","071",81,3403
"51","073",65,1465
"51","075",77,2434
"51","077",57,2444
"51","079",49,1541
"51","081",48,1264
"51","083",246,9644
"51","085",123,3905
"51","087",167,4676
"51","089",170,6868
"51","091",23,579
"51","093",73,2286
"51","095",60,1863
"51","097",54,1303
"51","099",83,3078
"51","101",60,1787
"51","103",39,1449
"51","105",114,3914
"51","107",381,15254
"51","109",117,3635
"51","111",67,1752
"51","113",77,2652
"51","115",37,746
"51","117",123,3973
"51","119",53,1633
"51","121",127,4486
"51","125",86,3545
"51","127",71,1750
"51","131",36,947
"51","133",43,1342
"51","135",92,3147
"51","137",121,4496
"51","139",86,3280
"51","141",120,4831
"51","143",316,12297
"51","145",68,2287
"51","147",85,2520
"51","149",105,3537
"51","153",150,4881
"51","155",101,3891
"51","157",71,2602
"51","159",60,2033
"51","161",95,4150
"51","163",128,4897
"51","165",121,4271
"51","167",109,4272
"51","169",130,4865
"51","171",139,4819
"51","173",74,3168
"51","175",88,2486
"51","177",166,6513
"51","179",119,4167
"51","181",55,1204
"51","183",67,1602
"51","185",81,3298
"51","187",86,2758
"51","191",152,5450
"51","193",68,2158
"51","195",108,4276
"51","197",69,2752
"51","199",81,2156
"51","510",50,1778
"51","515",23,899
"51","520",37,1305
"51","530",13,512
"51","540",40,1273
"51","550",85,2811
"51","560",1,0
"51","570",15,554
"51","580",11,514
"51","590",51,1740
"51","595",14,200
"51","600",20,621
"51","610",20,583
"51","620",15,517
"51","630",30,1019
"51","640",8,265
"51","650",57,1994
"51","660",17,374
"51","670",20,550
"51","678",14,437
"51","680",60,2956
"51","683",22,739
"51","690",26,795
"51","700",70,2706
"51","710",67,2752
"51","720",19,820
"51","730",32,813
"51","735",2,50
"51","740",36,1291
"51","750",14,687
"51","760",51,1320
"51","770",42,1668
"51","775",19,828
"51","780",1,69
"51","790",18,704
"51","800",92,3224
"51","810",134,5093
"51","820",11,168
"51","830",29,758
"51","840",33,1218
"53","000",1,0
"53","001",12,473
"53","003",9,422
"53","005",46,2245
"53","007",6,300
"53","011",8,376
"53","013",7,359
"53","015",2,129
"53","017",5,289
"53","019",21,1013
"53","021",26,1252
"53","023",7,316
"53","025",23,878
"53","027",4,116
"53","029",1,53
"53","033",5,134
"53","035",1,52
"53","037",1,60
"53","039",1,0
"53","043",22,822
"53","047",32,1648
"53","049",1,55
"53","051",19,797
"53","053",1,0
"53","061",3,50
"53","063",55,2544
"53","065",22,957
"53","071",30,1368
"53","073",1,58
"53","075",20,871
"53","077",19,772
"54","000",8,0
"54","001",56,1517
"54","003",148,5919
"54","005",73,2198
"54","007",68,1725
"54","009",96,2898
"54","011",136,3669
"54","013",43,917
"54","015",43,963
"54","017",42,1017
"54","019",80,2006
"54","021",44,1156
"54","023",63,2630
"54","025",123,5004
"54","027",94,3820
"54","029",102,2759
"54","031",77,2900
"54","033",122,3730
"54","035",86,1984
"54","037",137,4723
"54","039",269,10420
"54","041",64,1470
"54","043",75,2174
"54","045",63,1999
"54","047",68,2365
"54","049",103,2930
"54","051",118,2901
"54","053",94,2037
"54","055",63,2673
"54","057",62,2433
"54","059",58,1932
"54","061",123,3233
"54","063",50,1793
"54","065",69,2879
"54","067",51,1217
"54","069",105,2760
"54","071",34,1485
"54","073",37,766
"54","075",23,669
"54","077",144,3785
"54","079",108,3042
"54","081",89,2886
"54","083",79,2313
"54","085",63,1734
"54","087",62,1563
"54","089",58,2231
"54","091",60,1563
"54","093",57,1573
"54","095",52,1256
"54","097",55,1310
"54","099",108,2658
"54","101",49,1011
"54","103",64,2126
"54","105",38,962
"54","107",107,3500
"54","109",54,1509
"54","165",1,0
"55","000",21,330
"55","001",119,5060
"55","003",69,2849
"55","005",137,5397
"55","007",82,3106
"55","009",101,3654
"55","011",92,4036
"55","013",100,4765
"55","015",88,3178
"55","017",165,6655
"55","019",145,6227
"55","021",166,5211
"55","023",104,3683
"55","025",348,12447
"55","027",199,6671
"55","029",88,3462
"55","031",99,4011
"55","033",116,4804
"55","035",95,3978
"55","037",37,1575
"55","039",175,5339
"55","041",76,2913
"55","043",217,8012
"55","045",186,6110
"55","047",70,2398
"55","049",151,5494
"55","051",45,1874
"55","053",123,4844
"55","055",245,7368
"55","057",122,5059
"55","059",136,4849
"55","061",51,1586
"55","063",190,9270
"55","065",127,3707
"55","067",96,3136
"55","069",101,3850
"55","071",103,3597
"55","073",213,7519
"55","075",94,3409
"55","077",92,3247
"55","078",41,1603
"55","079",186,7138
"55","081",168,7368
"55","083",80,2287
"55","085",126,4602
"55","087",134,4481
"55","089",68,2462
"55","091",40,1735
"55","093",117,4842
"55","095",160,6391
"55","097",109,3297
"55","099",86,3782
"55","101",154,4915
"55","103",90,3261
"55","105",308,10025
"55","107",78,3174
"55","109",132,5466
"55","111",185,5278
"55","113",105,3990
"55","115",128,4238
"55","117",103,2915
"55","119",119,5307
"55","121",143,5944
"55","123",143,6099
"55","125",111,3881
"55","127",259,7472
"55","129",69,2275
"55","131",151,6090
"55","133",256,9668
"55","135",128,4368
"55","137",93,3147
"55","139",141,5532
"55","141",119,3876
"56","001",44,2399
"56","003",50,2271
"56","005",219,11531
"56","007",62,3172
"56","009",16,838
"56","011",163,8369
"56","013",135,7121
"56","015",59,2776
"56","017",26,1169
"56","019",30,1510
"56","021",131,6622
"56","023",20,787
"56","025",93,4955
"56","027",20,875
"56","029",60,2917
"56","031",43,1826
"56","033",84,4188
"56","035",21,1023
"56","037",73,3818
"56","039",37,1650
"56","041",16,799
"56","043",39,1749
"56","045",85,4360
"56","560",10,113
"72","001",1,50
"72","005",1,30
"72","008",2,100
"72","009",1,50
"72","010",2,100
"72","029",1,52
"72","053",1,53
"72","113",1,50
"72","139",1,52
"98","010",1,50
"99","001",2,50
"99","002",1,52
"99","029",4,50
"99","039",1,50
"99","097",2,106
